{"type": "FeatureCollection", "features": [{"type": "Feature", "geometry": {"type": "LineString", "coordinates": [[141.356521, 43.063986], [141.357335, 43.060847], [141.357947, 43.058333], [141.358333, 43.056759], [141.3585, 43.056133]]}, "properties": {"link_id": "K00000", "street": "西1丁目通", "street_kind": "格子街路", "through": true, "axis": "NS", "length_m": 887.2, "road_category": "市区町村道等", "road_state": "トンネル", "width_class": "3m-5.5m未満", "assign_err_m": 31.8}}, {"type": "Feature", "geometry": {"type": "LineString", "coordinates": [[141.358227, 43.056098], [141.357655, 43.058333], [141.357067, 43.060817], [141.356249, 43.063951]]}, "properties": {"link_id": "K00001", "street": "西1丁目通", "street_kind": "格子街路", "through": true, "axis": "NS", "length_m": 887.2, "road_category": "市区町村道等", "road_state": "トンネル", "width_class": "3m-5.5m未満", "assign_err_m": 9.3}}, {"type": "Feature", "geometry": {"type": "LineString", "coordinates": [[141.363169, 43.055292], [141.363065, 43.055194], [141.363014, 43.055137], [141.362956, 43.0551], [141.362749, 43.055004], [141.362603, 43.054924], [141.362258, 43.054706], [141.362093, 43.0546], [141.361978, 43.054518], [141.361837, 43.054416], [141.361661, 43.054275], [141.361498, 43.054128], [141.361345, 43.053974], [141.361211, 43.053841], [141.36109, 43.053715], [141.361045, 43.053666], [141.360977, 43.053578], [141.36089, 43.053458], [141.360825, 43.053349], [141.360771, 43.053244], [141.360713, 43.053105], [141.36066, 43.052958], [141.360581, 43.052728], [141.360174, 43.051612], [141.359954, 43.051008]]}, "properties": {"link_id": "K00004", "street": "", "street_kind": "斜行・非格子", "through": false, "axis": "NS", "length_m": 561.3, "road_category": "都道府県道", "road_state": "通常部", "width_class": "3m未満"}}, {"type": "Feature", "geometry": {"type": "LineString", "coordinates": [[141.358628, 43.048952], [141.358814, 43.049243], [141.358964, 43.04957], [141.359138, 43.049999], [141.359139, 43.05], [141.359452, 43.050831], [141.359909, 43.052061], [141.360175, 43.052846]]}, "properties": {"link_id": "K00007", "street": "", "street_kind": "斜行・非格子", "through": false, "axis": "NS", "length_m": 451.1, "road_category": "市区町村道等", "road_state": "通常部", "width_class": "5.5m-13m未満"}}, {"type": "Feature", "geometry": {"type": "LineString", "coordinates": [[141.340494, 43.062966], [141.340461, 43.06305], [141.340433, 43.06312], [141.340363, 43.063262], [141.340338, 43.063378], [141.340324, 43.063413], [141.340319, 43.063442], [141.340321, 43.063525], [141.340313, 43.063568], [141.340304, 43.063607], [141.340273, 43.063692], [141.340256, 43.063776], [141.340251, 43.063824], [141.34024, 43.063853], [141.340211, 43.063902], [141.340197, 43.063974], [141.340174, 43.06402], [141.340162, 43.064044], [141.340139, 43.064107], [141.340123, 43.064159], [141.340126, 43.06419], [141.340105, 43.064243], [141.340106, 43.064348], [141.340087, 43.064388], [141.340082, 43.064448], [141.34008, 43.064459], [141.340074, 43.064486], [141.340048, 43.064541], [141.34005, 43.06455], [141.340081, 43.064625], [141.340077, 43.064671], [141.340072, 43.064698], [141.340036, 43.064778], [141.340046, 43.064838], [141.340045, 43.064868], [141.340029, 43.064898], [141.339998, 43.06493], [141.339976, 43.06496], [141.339962, 43.065], [141.339964, 43.065035], [141.339976, 43.065057], [141.340004, 43.065072], [141.340046, 43.065081], [141.340082, 43.065087], [141.340125, 43.06508], [141.340267, 43.065046], [141.340365, 43.065029], [141.340438, 43.065019], [141.340475, 43.065019], [141.340546, 43.065037], [141.340585, 43.065091], [141.340636, 43.065139], [141.340715, 43.065171], [141.340877, 43.06521], [141.34094, 43.065214], [141.340997, 43.065214], [141.341086, 43.065209], [141.341135, 43.065201], [141.341209, 43.065176]]}, "properties": {"link_id": "K00008", "street": "西11丁目通", "street_kind": "格子街路", "through": true, "axis": "NS", "length_m": 351.3, "road_category": "市区町村道等", "road_state": "通常部", "width_class": "3m未満", "assign_err_m": 21.9}}, {"type": "Feature", "geometry": {"type": "LineString", "coordinates": [[141.360352, 43.052874], [141.362166, 43.052467], [141.363578, 43.052155]]}, "properties": {"link_id": "K00015", "street": "", "street_kind": "斜行・非格子", "through": false, "axis": "EW", "length_m": 274.7, "road_category": "市区町村道等", "road_state": "橋・高架", "width_class": "13m-19.5m未満"}}, {"type": "Feature", "geometry": {"type": "LineString", "coordinates": [[141.342228, 43.053062], [141.341971, 43.053045], [141.341667, 43.053024], [141.33891, 43.052843]]}, "properties": {"link_id": "K00017", "street": "南5条通〜南4条通の裏通り", "street_kind": "裏通り", "through": true, "axis": "EW", "length_m": 271.4, "road_category": "市区町村道等", "road_state": "通常部", "width_class": "3m-5.5m未満", "assign_err_m": 31.1}}, {"type": "Feature", "geometry": {"type": "LineString", "coordinates": [[141.342062, 43.061919], [141.345234, 43.06235]]}, "properties": {"link_id": "K00019", "street": "北2条通", "street_kind": "格子街路", "through": true, "axis": "EW", "length_m": 262.9, "road_category": "市区町村道等", "road_state": "通常部", "width_class": "13m-19.5m未満", "assign_err_m": 6.2}}, {"type": "Feature", "geometry": {"type": "LineString", "coordinates": [[141.339771, 43.052203], [141.341667, 43.052322], [141.342323, 43.052363]]}, "properties": {"link_id": "K00031", "street": "南6条通〜南5条通の裏通り", "street_kind": "裏通り", "through": true, "axis": "EW", "length_m": 208.7, "road_category": "市区町村道等", "road_state": "通常部", "width_class": "3m-5.5m未満", "assign_err_m": 19.0}}, {"type": "Feature", "geometry": {"type": "LineString", "coordinates": [[141.342274, 43.052733], [141.341667, 43.052686], [141.339736, 43.052563]]}, "properties": {"link_id": "K00032", "street": "南5条通", "street_kind": "格子街路", "through": true, "axis": "EW", "length_m": 207.6, "road_category": "市区町村道等", "road_state": "通常部", "width_class": "3m-5.5m未満", "assign_err_m": 5.9}}, {"type": "Feature", "geometry": {"type": "LineString", "coordinates": [[141.339978, 43.053611], [141.340024, 43.053596], [141.340386, 43.053614], [141.340472, 43.053609], [141.340723, 43.053595], [141.34076, 43.05333], [141.341133, 43.053354], [141.341641, 43.053387], [141.341667, 43.053388], [141.341919, 43.053406], [141.342179, 43.053426]]}, "properties": {"link_id": "K00034", "street": "南5条通〜南4条通の裏通り", "street_kind": "裏通り", "through": true, "axis": "EW", "length_m": 206.9, "road_category": "市区町村道等", "road_state": "通常部", "width_class": "3m-5.5m未満", "assign_err_m": 16.6}}, {"type": "Feature", "geometry": {"type": "LineString", "coordinates": [[141.343694, 43.052787], [141.343729, 43.05279], [141.345193, 43.052902], [141.345276, 43.052962], [141.345908, 43.053031]]}, "properties": {"link_id": "K00039", "street": "南6条通〜南5条通の裏通り", "street_kind": "裏通り", "through": true, "axis": "EW", "length_m": 184.3, "road_category": "市区町村道等", "road_state": "通常部", "width_class": "3m-5.5m未満", "assign_err_m": 31.5}}, {"type": "Feature", "geometry": {"type": "LineString", "coordinates": [[141.343649, 43.053104], [141.344984, 43.053201], [141.34518, 43.053192], [141.345849, 43.05326]]}, "properties": {"link_id": "K00040", "street": "南5条通", "street_kind": "格子街路", "through": true, "axis": "EW", "length_m": 180.3, "road_category": "市区町村道等", "road_state": "通常部", "width_class": "3m-5.5m未満", "assign_err_m": 1.3}}, {"type": "Feature", "geometry": {"type": "LineString", "coordinates": [[141.339936, 43.053996], [141.340333, 43.054025], [141.340389, 43.054054], [141.341666, 43.054135], [141.341667, 43.054135], [141.342079, 43.054159]]}, "properties": {"link_id": "K00044", "street": "南4条通", "street_kind": "格子街路", "through": true, "axis": "EW", "length_m": 176.2, "road_category": "市区町村道等", "road_state": "通常部", "width_class": "3m-5.5m未満", "assign_err_m": 21.9}}, {"type": "Feature", "geometry": {"type": "LineString", "coordinates": [[141.345752, 43.053627], [141.343603, 43.053458]]}, "properties": {"link_id": "K00045", "street": "南5条通〜南4条通の裏通り", "street_kind": "裏通り", "through": true, "axis": "EW", "length_m": 176.1, "road_category": "市区町村道等", "road_state": "通常部", "width_class": "3m-5.5m未満", "assign_err_m": 25.5}}, {"type": "Feature", "geometry": {"type": "LineString", "coordinates": [[141.339918, 43.054165], [141.341667, 43.054294], [141.342058, 43.054322]]}, "properties": {"link_id": "K00046", "street": "南4条通〜南3条通の裏通り", "street_kind": "裏通り", "through": true, "axis": "EW", "length_m": 175.2, "road_category": "市区町村道等", "road_state": "通常部", "width_class": "3m未満", "assign_err_m": 25.8}}, {"type": "Feature", "geometry": {"type": "LineString", "coordinates": [[141.339604, 43.065274], [141.341648, 43.065548]]}, "properties": {"link_id": "K00051", "street": "北5条通", "street_kind": "格子街路", "through": true, "axis": "EW", "length_m": 169.2, "road_category": "市区町村道等", "road_state": "通常部", "width_class": "19.5m以上", "assign_err_m": 5.5}}, {"type": "Feature", "geometry": {"type": "LineString", "coordinates": [[141.343609, 43.064952], [141.343657, 43.065084], [141.343681, 43.065168], [141.343704, 43.065311], [141.3437, 43.065403], [141.343686, 43.065505], [141.343599, 43.065541], [141.343556, 43.065553], [141.343487, 43.065592], [141.343456, 43.065598], [141.343425, 43.065599], [141.343356, 43.065592], [141.343193, 43.065567], [141.343068, 43.065561], [141.343007, 43.065551], [141.342962, 43.065532], [141.342925, 43.065506], [141.342906, 43.065484], [141.342894, 43.065462], [141.342881, 43.065433], [141.342881, 43.065388], [141.342874, 43.065321], [141.342858, 43.065274], [141.342836, 43.065237], [141.342807, 43.065213], [141.342796, 43.065206]]}, "properties": {"link_id": "K00056", "street": "西9丁目通〜西8丁目通の裏通り", "street_kind": "裏通り", "through": false, "axis": "NS", "length_m": 165.4, "road_category": "市区町村道等", "road_state": "通常部", "width_class": "3m未満", "assign_err_m": 21.2}}, {"type": "Feature", "geometry": {"type": "LineString", "coordinates": [[141.349609, 43.050011], [141.349517, 43.051486]]}, "properties": {"link_id": "K00059", "street": "西7丁目通", "street_kind": "格子街路", "through": true, "axis": "NS", "length_m": 164.1, "road_category": "市区町村道等", "road_state": "通常部", "width_class": "13m-19.5m未満", "assign_err_m": 8.5}}, {"type": "Feature", "geometry": {"type": "LineString", "coordinates": [[141.343729, 43.055433], [141.341939, 43.055193]]}, "properties": {"link_id": "K00100", "street": "南3条通", "street_kind": "格子街路", "through": true, "axis": "EW", "length_m": 148.3, "road_category": "市区町村道等", "road_state": "通常部", "width_class": "13m-19.5m未満", "assign_err_m": 0.4}}, {"type": "Feature", "geometry": {"type": "LineString", "coordinates": [[141.34392, 43.050918], [141.345731, 43.051026]]}, "properties": {"link_id": "K00101", "street": "南7条通", "street_kind": "格子街路", "through": true, "axis": "EW", "length_m": 148.0, "road_category": "市区町村道等", "road_state": "通常部", "width_class": "3m-5.5m未満", "assign_err_m": 16.3}}, {"type": "Feature", "geometry": {"type": "LineString", "coordinates": [[141.345677, 43.051444], [141.343871, 43.051299]]}, "properties": {"link_id": "K00102", "street": "南7条通〜南6条通の裏通り", "street_kind": "裏通り", "through": true, "axis": "EW", "length_m": 148.0, "road_category": "市区町村道等", "road_state": "通常部", "width_class": "3m-5.5m未満", "assign_err_m": 4.3}}, {"type": "Feature", "geometry": {"type": "LineString", "coordinates": [[141.345589, 43.052138], [141.343795, 43.051953]]}, "properties": {"link_id": "K00103", "street": "南6条通", "street_kind": "格子街路", "through": true, "axis": "EW", "length_m": 147.6, "road_category": "市区町村道等", "road_state": "通常部", "width_class": "13m-19.5m未満", "assign_err_m": 5.6}}, {"type": "Feature", "geometry": {"type": "LineString", "coordinates": [[141.345622, 43.054144], [141.34502, 43.054094], [141.344527, 43.054069], [141.344244, 43.054052], [141.343827, 43.054025]]}, "properties": {"link_id": "K00104", "street": "南4条通", "street_kind": "格子街路", "through": true, "axis": "EW", "length_m": 146.9, "road_category": "市区町村道等", "road_state": "通常部", "width_class": "3m-5.5m未満", "assign_err_m": 32.3}}, {"type": "Feature", "geometry": {"type": "LineString", "coordinates": [[141.343583, 43.056007], [141.341812, 43.055768]]}, "properties": {"link_id": "K00105", "street": "南3条通〜南2条通の裏通り", "street_kind": "裏通り", "through": true, "axis": "EW", "length_m": 146.7, "road_category": "市区町村道等", "road_state": "通常部", "width_class": "5.5m-13m未満", "assign_err_m": 0.6}}, {"type": "Feature", "geometry": {"type": "LineString", "coordinates": [[141.354938, 43.068669], [141.354939, 43.068666], [141.354958, 43.068591], [141.355233, 43.067386]]}, "properties": {"link_id": "K00106", "street": "西1丁目通", "street_kind": "格子街路", "through": true, "axis": "NS", "length_m": 144.6, "road_category": "国道", "road_state": "通常部", "width_class": "5.5m-13m未満", "assign_err_m": 7.2}}, {"type": "Feature", "geometry": {"type": "LineString", "coordinates": [[141.35126, 43.06711], [141.351138, 43.067543], [141.351139, 43.067565], [141.351147, 43.067581], [141.351161, 43.067593], [141.351183, 43.067601], [141.351288, 43.067616], [141.351318, 43.067616], [141.351346, 43.067608], [141.351367, 43.067595], [141.35138, 43.06758], [141.351444, 43.067314], [141.351489, 43.067144], [141.35126, 43.06711]]}, "properties": {"link_id": "K00107", "street": "西4丁目通〜西3丁目通の裏通り", "street_kind": "裏通り", "through": false, "axis": "NS", "length_m": 143.3, "road_category": "市区町村道等", "road_state": "通常部", "width_class": "3m-5.5m未満", "assign_err_m": 2.1}}, {"type": "Feature", "geometry": {"type": "LineString", "coordinates": [[141.353364, 43.068444], [141.353676, 43.067176]]}, "properties": {"link_id": "K00110", "street": "西2丁目通", "street_kind": "格子街路", "through": true, "axis": "NS", "length_m": 143.1, "road_category": "市区町村道等", "road_state": "通常部", "width_class": "19.5m以上", "assign_err_m": 7.0}}, {"type": "Feature", "geometry": {"type": "LineString", "coordinates": [[141.360404, 43.055327], [141.360258, 43.055915], [141.360077, 43.056592]]}, "properties": {"link_id": "K00111", "street": "東1丁目通〜東2丁目通の裏通り", "street_kind": "裏通り", "through": true, "axis": "NS", "length_m": 143.0, "road_category": "市区町村道等", "road_state": "通常部", "width_class": "13m-19.5m未満", "assign_err_m": 24.9}}, {"type": "Feature", "geometry": {"type": "LineString", "coordinates": [[141.358359, 43.055049], [141.358333, 43.055149], [141.358034, 43.056311]]}, "properties": {"link_id": "K00113", "street": "西1丁目通", "street_kind": "格子街路", "through": true, "axis": "NS", "length_m": 142.7, "road_category": "市区町村道等", "road_state": "通常部", "width_class": "5.5m-13m未満", "assign_err_m": 0.5}}, {"type": "Feature", "geometry": {"type": "LineString", "coordinates": [[141.358907, 43.055126], [141.35858, 43.056387]]}, "properties": {"link_id": "K00114", "street": "西1丁目通〜東1丁目通の裏通り", "street_kind": "裏通り", "through": true, "axis": "NS", "length_m": 142.6, "road_category": "市区町村道等", "road_state": "通常部", "width_class": "5.5m-13m未満", "assign_err_m": 19.2}}, {"type": "Feature", "geometry": {"type": "LineString", "coordinates": [[141.34154, 43.056919], [141.341667, 43.056933], [141.343259, 43.057151]]}, "properties": {"link_id": "K00115", "street": "南2条通〜南1条通の裏通り", "street_kind": "裏通り", "through": true, "axis": "EW", "length_m": 142.4, "road_category": "市区町村道等", "road_state": "通常部", "width_class": "5.5m-13m未満", "assign_err_m": 1.1}}, {"type": "Feature", "geometry": {"type": "LineString", "coordinates": [[141.341681, 43.056337], [141.343397, 43.056576]]}, "properties": {"link_id": "K00116", "street": "南2条通", "street_kind": "格子街路", "through": true, "axis": "EW", "length_m": 142.3, "road_category": "市区町村道等", "road_state": "通常部", "width_class": "13m-19.5m未満", "assign_err_m": 1.2}}, {"type": "Feature", "geometry": {"type": "LineString", "coordinates": [[141.357609, 43.054948], [141.357294, 43.056208]]}, "properties": {"link_id": "K00117", "street": "西2丁目通〜西1丁目通の裏通り", "street_kind": "裏通り", "through": false, "axis": "NS", "length_m": 142.3, "road_category": "市区町村道等", "road_state": "通常部", "width_class": "3m-5.5m未満", "assign_err_m": 3.7}}, {"type": "Feature", "geometry": {"type": "LineString", "coordinates": [[141.359303, 43.056478], [141.359611, 43.055219]]}, "properties": {"link_id": "K00118", "street": "東1丁目通", "street_kind": "格子街路", "through": true, "axis": "NS", "length_m": 142.1, "road_category": "市区町村道等", "road_state": "通常部", "width_class": "3m-5.5m未満", "assign_err_m": 25.2}}, {"type": "Feature", "geometry": {"type": "LineString", "coordinates": [[141.342978, 43.058296], [141.341667, 43.058112], [141.341269, 43.058056]]}, "properties": {"link_id": "K00119", "street": "南1条通〜大通の裏通り", "street_kind": "裏通り", "through": true, "axis": "EW", "length_m": 141.8, "road_category": "市区町村道等", "road_state": "通常部", "width_class": "5.5m-13m未満", "assign_err_m": 24.6}}, {"type": "Feature", "geometry": {"type": "LineString", "coordinates": [[141.341404, 43.057492], [141.341667, 43.057528], [141.343116, 43.057722]]}, "properties": {"link_id": "K00120", "street": "南1条通", "street_kind": "格子街路", "through": true, "axis": "EW", "length_m": 141.7, "road_category": "市区町村道等", "road_state": "通常部", "width_class": "19.5m以上", "assign_err_m": 1.3}}, {"type": "Feature", "geometry": {"type": "LineString", "coordinates": [[141.342051, 43.054366], [141.342276, 43.054382], [141.342927, 43.054432], [141.343051, 43.054441], [141.343669, 43.054488], [141.34378, 43.054497]]}, "properties": {"link_id": "K00121", "street": "南4条通", "street_kind": "格子街路", "through": true, "axis": "EW", "length_m": 141.6, "road_category": "市区町村道等", "road_state": "通常部", "width_class": "19.5m以上", "assign_err_m": 31.9}}, {"type": "Feature", "geometry": {"type": "LineString", "coordinates": [[141.341127, 43.05864], [141.341667, 43.058712], [141.342835, 43.058867]]}, "properties": {"link_id": "K00122", "street": "", "street_kind": "格子外", "through": false, "axis": "EW", "length_m": 141.4, "road_category": "市区町村道等", "road_state": "通常部", "width_class": "19.5m以上", "assign_err_m": 40.6}}, {"type": "Feature", "geometry": {"type": "LineString", "coordinates": [[141.348953, 43.066543], [141.348922, 43.066667], [141.348643, 43.067777]]}, "properties": {"link_id": "K00146", "street": "西5丁目通", "street_kind": "格子街路", "through": true, "axis": "NS", "length_m": 139.4, "road_category": "市区町村道等", "road_state": "通常部", "width_class": "19.5m以上", "assign_err_m": 8.3}}, {"type": "Feature", "geometry": {"type": "LineString", "coordinates": [[141.354445, 43.051273], [141.354929, 43.051344], [141.354961, 43.051474], [141.355013, 43.052232]]}, "properties": {"link_id": "K00147", "street": "西4丁目通〜西3丁目通の裏通り", "street_kind": "裏通り", "through": false, "axis": "NS", "length_m": 139.3, "road_category": "市区町村道等", "road_state": "通常部", "width_class": "3m-5.5m未満", "assign_err_m": 8.6}}, {"type": "Feature", "geometry": {"type": "LineString", "coordinates": [[141.359244, 43.059916], [141.359141, 43.060343], [141.358937, 43.061143]]}, "properties": {"link_id": "K00153", "street": "東1丁目通〜東2丁目通の裏通り", "street_kind": "裏通り", "through": true, "axis": "NS", "length_m": 138.6, "road_category": "市区町村道等", "road_state": "通常部", "width_class": "13m-19.5m未満", "assign_err_m": 27.8}}, {"type": "Feature", "geometry": {"type": "LineString", "coordinates": [[141.35846, 43.05981], [141.358333, 43.060303], [141.358296, 43.060448], [141.35815, 43.061036]]}, "properties": {"link_id": "K00155", "street": "東1丁目通", "street_kind": "格子街路", "through": true, "axis": "NS", "length_m": 138.5, "road_category": "市区町村道等", "road_state": "通常部", "width_class": "3m-5.5m未満", "assign_err_m": 28.1}}, {"type": "Feature", "geometry": {"type": "LineString", "coordinates": [[141.355547, 43.066228], [141.355847, 43.065016]]}, "properties": {"link_id": "K00161", "street": "西1丁目通", "street_kind": "格子街路", "through": true, "axis": "NS", "length_m": 136.9, "road_category": "国道", "road_state": "通常部", "width_class": "5.5m-13m未満", "assign_err_m": 5.3}}, {"type": "Feature", "geometry": {"type": "LineString", "coordinates": [[141.354767, 43.066118], [141.355079, 43.064912]]}, "properties": {"link_id": "K00166", "street": "西2丁目通〜西1丁目通の裏通り", "street_kind": "裏通り", "through": false, "axis": "NS", "length_m": 136.4, "road_category": "市区町村道等", "road_state": "通常部", "width_class": "3m-5.5m未満", "assign_err_m": 4.4}}, {"type": "Feature", "geometry": {"type": "LineString", "coordinates": [[141.353985, 43.066009], [141.354286, 43.064805]]}, "properties": {"link_id": "K00168", "street": "西2丁目通", "street_kind": "格子街路", "through": true, "axis": "NS", "length_m": 136.0, "road_category": "市区町村道等", "road_state": "通常部", "width_class": "19.5m以上", "assign_err_m": 4.7}}, {"type": "Feature", "geometry": {"type": "LineString", "coordinates": [[141.353149, 43.065897], [141.353459, 43.064696]]}, "properties": {"link_id": "K00169", "street": "西3丁目通〜西2丁目通の裏通り", "street_kind": "裏通り", "through": false, "axis": "NS", "length_m": 135.8, "road_category": "市区町村道等", "road_state": "通常部", "width_class": "3m-5.5m未満", "assign_err_m": 8.5}}, {"type": "Feature", "geometry": {"type": "LineString", "coordinates": [[141.349271, 43.06536], [141.349574, 43.064162]]}, "properties": {"link_id": "K00171", "street": "西5丁目通", "street_kind": "格子街路", "through": true, "axis": "NS", "length_m": 135.3, "road_category": "市区町村道等", "road_state": "通常部", "width_class": "19.5m以上", "assign_err_m": 5.2}}, {"type": "Feature", "geometry": {"type": "LineString", "coordinates": [[141.357595, 43.066488], [141.357893, 43.065292]]}, "properties": {"link_id": "K00173", "street": "東1丁目通〜東2丁目通の裏通り", "street_kind": "裏通り", "through": true, "axis": "NS", "length_m": 135.1, "road_category": "市区町村道等", "road_state": "通常部", "width_class": "13m-19.5m未満", "assign_err_m": 30.9}}, {"type": "Feature", "geometry": {"type": "LineString", "coordinates": [[141.356802, 43.054841], [141.355178, 43.054611]]}, "properties": {"link_id": "K00175", "street": "南5条通", "street_kind": "格子街路", "through": true, "axis": "EW", "length_m": 134.8, "road_category": "市区町村道等", "road_state": "通常部", "width_class": "13m-19.5m未満", "assign_err_m": 6.4}}, {"type": "Feature", "geometry": {"type": "LineString", "coordinates": [[141.355325, 43.054053], [141.356946, 43.054265]]}, "properties": {"link_id": "K00177", "street": "南6条通〜南5条通の裏通り", "street_kind": "裏通り", "through": true, "axis": "EW", "length_m": 134.2, "road_category": "市区町村道等", "road_state": "通常部", "width_class": "3m-5.5m未満", "assign_err_m": 7.3}}, {"type": "Feature", "geometry": {"type": "LineString", "coordinates": [[141.353459, 43.064696], [141.353764, 43.063511]]}, "properties": {"link_id": "K00183", "street": "西3丁目通〜西2丁目通の裏通り", "street_kind": "裏通り", "through": false, "axis": "NS", "length_m": 134.0, "road_category": "市区町村道等", "road_state": "通常部", "width_class": "3m-5.5m未満", "assign_err_m": 7.2}}, {"type": "Feature", "geometry": {"type": "LineString", "coordinates": [[141.357595, 43.066488], [141.357547, 43.066667], [141.357278, 43.067672]]}, "properties": {"link_id": "K00184", "street": "東1丁目通〜東2丁目通の裏通り", "street_kind": "裏通り", "through": true, "axis": "NS", "length_m": 134.0, "road_category": "市区町村道等", "road_state": "通常部", "width_class": "13m-19.5m未満", "assign_err_m": 32.3}}, {"type": "Feature", "geometry": {"type": "LineString", "coordinates": [[141.35615, 43.063833], [141.355847, 43.065016]]}, "properties": {"link_id": "K00189", "street": "西1丁目通", "street_kind": "格子街路", "through": true, "axis": "NS", "length_m": 133.7, "road_category": "国道", "road_state": "通常部", "width_class": "5.5m-13m未満", "assign_err_m": 4.6}}, {"type": "Feature", "geometry": {"type": "LineString", "coordinates": [[141.356687, 43.063902], [141.356368, 43.065082]]}, "properties": {"link_id": "K00190", "street": "西1丁目通〜東1丁目通の裏通り", "street_kind": "裏通り", "through": true, "axis": "NS", "length_m": 133.7, "road_category": "国道", "road_state": "通常部", "width_class": "5.5m-13m未満", "assign_err_m": 25.8}}, {"type": "Feature", "geometry": {"type": "LineString", "coordinates": [[141.358198, 43.06411], [141.358049, 43.064683], [141.357893, 43.065292]]}, "properties": {"link_id": "K00191", "street": "東1丁目通〜東2丁目通の裏通り", "street_kind": "裏通り", "through": true, "axis": "NS", "length_m": 133.7, "road_category": "市区町村道等", "road_state": "通常部", "width_class": "13m-19.5m未満", "assign_err_m": 30.1}}, {"type": "Feature", "geometry": {"type": "LineString", "coordinates": [[141.356657, 43.055408], [141.355043, 43.055193]]}, "properties": {"link_id": "K00192", "street": "南5条通〜南4条通の裏通り", "street_kind": "裏通り", "through": true, "axis": "EW", "length_m": 133.7, "road_category": "市区町村道等", "road_state": "通常部", "width_class": "3m-5.5m未満", "assign_err_m": 6.3}}, {"type": "Feature", "geometry": {"type": "LineString", "coordinates": [[141.35225, 43.063306], [141.351942, 43.064487]]}, "properties": {"link_id": "K00193", "street": "西4丁目通〜西3丁目通の裏通り", "street_kind": "裏通り", "through": false, "axis": "NS", "length_m": 133.7, "road_category": "市区町村道等", "road_state": "通常部", "width_class": "3m-5.5m未満", "assign_err_m": 2.8}}, {"type": "Feature", "geometry": {"type": "LineString", "coordinates": [[141.354593, 43.063624], [141.354286, 43.064805]]}, "properties": {"link_id": "K00194", "street": "西2丁目通", "street_kind": "格子街路", "through": true, "axis": "NS", "length_m": 133.6, "road_category": "市区町村道等", "road_state": "通常部", "width_class": "19.5m以上", "assign_err_m": 3.7}}, {"type": "Feature", "geometry": {"type": "LineString", "coordinates": [[141.355506, 43.059995], [141.353897, 43.059778]]}, "properties": {"link_id": "K00196", "street": "南1条通〜大通の裏通り", "street_kind": "裏通り", "through": true, "axis": "EW", "length_m": 133.3, "road_category": "市区町村道等", "road_state": "通常部", "width_class": "3m-5.5m未満", "assign_err_m": 18.2}}, {"type": "Feature", "geometry": {"type": "LineString", "coordinates": [[141.352698, 43.064588], [141.352993, 43.063408]]}, "properties": {"link_id": "K00197", "street": "西3丁目通", "street_kind": "格子街路", "through": true, "axis": "NS", "length_m": 133.2, "road_category": "市区町村道等", "road_state": "通常部", "width_class": "5.5m-13m未満", "assign_err_m": 5.8}}, {"type": "Feature", "geometry": {"type": "LineString", "coordinates": [[141.351132, 43.064371], [141.351167, 43.064221], [141.351405, 43.063296], [141.351431, 43.063193]]}, "properties": {"link_id": "K00198", "street": "西4丁目通", "street_kind": "格子街路", "through": true, "axis": "NS", "length_m": 133.1, "road_category": "都道府県道", "road_state": "通常部", "width_class": "19.5m以上", "assign_err_m": 5.5}}, {"type": "Feature", "geometry": {"type": "LineString", "coordinates": [[141.354047, 43.059209], [141.355655, 43.059423]]}, "properties": {"link_id": "K00199", "street": "南1条通", "street_kind": "格子街路", "through": true, "axis": "EW", "length_m": 133.1, "road_category": "市区町村道等", "road_state": "通常部", "width_class": "19.5m以上", "assign_err_m": 4.7}}, {"type": "Feature", "geometry": {"type": "LineString", "coordinates": [[141.355485, 43.053482], [141.357092, 43.053691]]}, "properties": {"link_id": "K00201", "street": "南6条通", "street_kind": "格子街路", "through": true, "axis": "EW", "length_m": 133.0, "road_category": "市区町村道等", "road_state": "通常部", "width_class": "13m-19.5m未満", "assign_err_m": 7.5}}, {"type": "Feature", "geometry": {"type": "LineString", "coordinates": [[141.353757, 43.060368], [141.354128, 43.060415], [141.355357, 43.06059]]}, "properties": {"link_id": "K00204", "street": "", "street_kind": "格子外", "through": false, "axis": "EW", "length_m": 132.6, "road_category": "市区町村道等", "road_state": "通常部", "width_class": "19.5m以上", "assign_err_m": 39.2}}, {"type": "Feature", "geometry": {"type": "LineString", "coordinates": [[141.349574, 43.064162], [141.349868, 43.062989]]}, "properties": {"link_id": "K00205", "street": "西5丁目通", "street_kind": "格子街路", "through": true, "axis": "NS", "length_m": 132.6, "road_category": "市区町村道等", "road_state": "通常部", "width_class": "19.5m以上", "assign_err_m": 4.6}}, {"type": "Feature", "geometry": {"type": "LineString", "coordinates": [[141.352541, 43.052492], [141.350944, 43.052275]]}, "properties": {"link_id": "K00207", "street": "南7条通〜南6条通の裏通り", "street_kind": "裏通り", "through": true, "axis": "EW", "length_m": 132.4, "road_category": "市区町村道等", "road_state": "通常部", "width_class": "3m-5.5m未満", "assign_err_m": 6.3}}, {"type": "Feature", "geometry": {"type": "LineString", "coordinates": [[141.356489, 43.056097], [141.356354, 43.05608], [141.355098, 43.055906], [141.354895, 43.055876]]}, "properties": {"link_id": "K00209", "street": "南4条通", "street_kind": "格子街路", "through": true, "axis": "EW", "length_m": 132.2, "road_category": "国道", "road_state": "通常部", "width_class": "19.5m以上", "assign_err_m": 18.7}}, {"type": "Feature", "geometry": {"type": "LineString", "coordinates": [[141.35139, 43.057055], [141.35, 43.056859], [141.349797, 43.05683]]}, "properties": {"link_id": "K00211", "street": "南3条通〜南2条通の裏通り", "street_kind": "裏通り", "through": true, "axis": "EW", "length_m": 132.1, "road_category": "市区町村道等", "road_state": "通常部", "width_class": "5.5m-13m未満", "assign_err_m": 1.3}}, {"type": "Feature", "geometry": {"type": "LineString", "coordinates": [[141.353676, 43.067176], [141.35382, 43.066667], [141.353985, 43.066009]]}, "properties": {"link_id": "K00212", "street": "西2丁目通", "street_kind": "格子街路", "through": true, "axis": "NS", "length_m": 132.0, "road_category": "市区町村道等", "road_state": "通常部", "width_class": "19.5m以上", "assign_err_m": 5.6}}, {"type": "Feature", "geometry": {"type": "LineString", "coordinates": [[141.356464, 43.059531], [141.356156, 43.060697]]}, "properties": {"link_id": "K00213", "street": "西2丁目通〜西1丁目通の裏通り", "street_kind": "裏通り", "through": false, "axis": "NS", "length_m": 132.0, "road_category": "市区町村道等", "road_state": "通常部", "width_class": "3m-5.5m未満", "assign_err_m": 1.0}}, {"type": "Feature", "geometry": {"type": "LineString", "coordinates": [[141.35465, 43.056916], [141.356242, 43.057136]]}, "properties": {"link_id": "K00214", "street": "南3条通", "street_kind": "格子街路", "through": true, "axis": "EW", "length_m": 132.0, "road_category": "市区町村道等", "road_state": "通常部", "width_class": "13m-19.5m未満", "assign_err_m": 5.7}}, {"type": "Feature", "geometry": {"type": "LineString", "coordinates": [[141.351094, 43.058221], [141.35, 43.058071], [141.349502, 43.058002]]}, "properties": {"link_id": "K00215", "street": "南2条通〜南1条通の裏通り", "street_kind": "裏通り", "through": true, "axis": "EW", "length_m": 131.9, "road_category": "市区町村道等", "road_state": "通常部", "width_class": "5.5m-13m未満", "assign_err_m": 3.4}}, {"type": "Feature", "geometry": {"type": "LineString", "coordinates": [[141.354781, 43.056353], [141.356376, 43.056559]]}, "properties": {"link_id": "K00217", "street": "南4条通〜南3条通の裏通り", "street_kind": "裏通り", "through": true, "axis": "EW", "length_m": 131.9, "road_category": "市区町村道等", "road_state": "通常部", "width_class": "3m-5.5m未満", "assign_err_m": 6.5}}, {"type": "Feature", "geometry": {"type": "LineString", "coordinates": [[141.350799, 43.052854], [141.352391, 43.053067]]}, "properties": {"link_id": "K00218", "street": "南6条通", "street_kind": "格子街路", "through": true, "axis": "EW", "length_m": 131.8, "road_category": "市区町村道等", "road_state": "通常部", "width_class": "13m-19.5m未満", "assign_err_m": 6.4}}, {"type": "Feature", "geometry": {"type": "LineString", "coordinates": [[141.354518, 43.057469], [141.352926, 43.057261]]}, "properties": {"link_id": "K00219", "street": "南3条通〜南2条通の裏通り", "street_kind": "裏通り", "through": true, "axis": "EW", "length_m": 131.8, "road_category": "市区町村道等", "road_state": "通常部", "width_class": "3m-5.5m未満", "assign_err_m": 2.6}}, {"type": "Feature", "geometry": {"type": "LineString", "coordinates": [[141.355636, 43.052914], [141.357227, 43.053128]]}, "properties": {"link_id": "K00220", "street": "南7条通〜南6条通の裏通り", "street_kind": "裏通り", "through": true, "axis": "EW", "length_m": 131.7, "road_category": "市区町村道等", "road_state": "通常部", "width_class": "3m-5.5m未満", "assign_err_m": 8.6}}, {"type": "Feature", "geometry": {"type": "LineString", "coordinates": [[141.352086, 43.06696], [141.353676, 43.067176]]}, "properties": {"link_id": "K00221", "street": "北5条通", "street_kind": "格子街路", "through": true, "axis": "EW", "length_m": 131.7, "road_category": "市区町村道等", "road_state": "通常部", "width_class": "19.5m以上", "assign_err_m": 10.7}}, {"type": "Feature", "geometry": {"type": "LineString", "coordinates": [[141.357382, 43.05251], [141.357229, 43.052489], [141.355792, 43.052299]]}, "properties": {"link_id": "K00223", "street": "南7条通", "street_kind": "格子街路", "through": true, "axis": "EW", "length_m": 131.6, "road_category": "市区町村道等", "road_state": "通常部", "width_class": "5.5m-13m未満", "assign_err_m": 4.0}}, {"type": "Feature", "geometry": {"type": "LineString", "coordinates": [[141.350655, 43.053418], [141.352245, 43.053631]]}, "properties": {"link_id": "K00224", "street": "南6条通〜南5条通の裏通り", "street_kind": "裏通り", "through": true, "axis": "EW", "length_m": 131.6, "road_category": "市区町村道等", "road_state": "通常部", "width_class": "3m-5.5m未満", "assign_err_m": 5.2}}, {"type": "Feature", "geometry": {"type": "LineString", "coordinates": [[141.354361, 43.058073], [141.352774, 43.057853]]}, "properties": {"link_id": "K00225", "street": "南2条通", "street_kind": "格子街路", "through": true, "axis": "EW", "length_m": 131.6, "road_category": "市区町村道等", "road_state": "通常部", "width_class": "13m-19.5m未満", "assign_err_m": 5.2}}, {"type": "Feature", "geometry": {"type": "LineString", "coordinates": [[141.356896, 43.060795], [141.357128, 43.059958], [141.357209, 43.059634]]}, "properties": {"link_id": "K00226", "street": "西1丁目通", "street_kind": "格子街路", "through": true, "axis": "NS", "length_m": 131.5, "road_category": "市区町村道等", "road_state": "通常部", "width_class": "5.5m-13m未満", "assign_err_m": 2.2}}, {"type": "Feature", "geometry": {"type": "LineString", "coordinates": [[141.352096, 43.054201], [141.35051, 43.053983]]}, "properties": {"link_id": "K00227", "street": "南5条通", "street_kind": "格子街路", "through": true, "axis": "EW", "length_m": 131.5, "road_category": "市区町村道等", "road_state": "通常部", "width_class": "13m-19.5m未満", "assign_err_m": 4.4}}, {"type": "Feature", "geometry": {"type": "LineString", "coordinates": [[141.351238, 43.057642], [141.35, 43.057473], [141.349651, 43.057426]]}, "properties": {"link_id": "K00228", "street": "南2条通", "street_kind": "格子街路", "through": true, "axis": "EW", "length_m": 131.5, "road_category": "市区町村道等", "road_state": "通常部", "width_class": "13m-19.5m未満", "assign_err_m": 3.1}}, {"type": "Feature", "geometry": {"type": "LineString", "coordinates": [[141.355723, 43.067453], [141.355908, 43.066727], [141.355924, 43.066667], [141.356025, 43.066291]]}, "properties": {"link_id": "K00230", "street": "西1丁目通〜東1丁目通の裏通り", "street_kind": "裏通り", "through": true, "axis": "NS", "length_m": 131.4, "road_category": "国道", "road_state": "通常部", "width_class": "5.5m-13m未満", "assign_err_m": 31.8}}, {"type": "Feature", "geometry": {"type": "LineString", "coordinates": [[141.349937, 43.056278], [141.35, 43.056286], [141.351525, 43.056489]]}, "properties": {"link_id": "K00231", "street": "南3条通", "street_kind": "格子街路", "through": true, "axis": "EW", "length_m": 131.4, "road_category": "市区町村道等", "road_state": "通常部", "width_class": "13m-19.5m未満", "assign_err_m": 3.2}}, {"type": "Feature", "geometry": {"type": "LineString", "coordinates": [[141.348027, 43.051008], [141.348197, 43.050881], [141.348317, 43.050823], [141.348427, 43.050786], [141.348529, 43.050786], [141.348782, 43.050834], [141.34862, 43.051366]]}, "properties": {"link_id": "K00233", "street": "西8丁目通〜西7丁目通の裏通り", "street_kind": "裏通り", "through": false, "axis": "NS", "length_m": 131.4, "road_category": "市区町村道等", "road_state": "通常部", "width_class": "3m未満", "assign_err_m": 18.1}}, {"type": "Feature", "geometry": {"type": "LineString", "coordinates": [[141.356103, 43.057686], [141.354518, 43.057469]]}, "properties": {"link_id": "K00236", "street": "南3条通〜南2条通の裏通り", "street_kind": "裏通り", "through": true, "axis": "EW", "length_m": 131.3, "road_category": "市区町村道等", "road_state": "通常部", "width_class": "3m-5.5m未満", "assign_err_m": 3.0}}, {"type": "Feature", "geometry": {"type": "LineString", "coordinates": [[141.353064, 43.056705], [141.35465, 43.056916]]}, "properties": {"link_id": "K00237", "street": "南3条通", "street_kind": "格子街路", "through": true, "axis": "EW", "length_m": 131.3, "road_category": "市区町村道等", "road_state": "通常部", "width_class": "13m-19.5m未満", "assign_err_m": 5.0}}, {"type": "Feature", "geometry": {"type": "LineString", "coordinates": [[141.347384, 43.064281], [141.347468, 43.063936], [141.347482, 43.063881], [141.346444, 43.063733]]}, "properties": {"link_id": "K00238", "street": "北3条通", "street_kind": "格子街路", "through": true, "axis": "EW", "length_m": 131.3, "road_category": "市区町村道等", "road_state": "通常部", "width_class": "3m-5.5m未満", "assign_err_m": 0.9}}, {"type": "Feature", "geometry": {"type": "LineString", "coordinates": [[141.355947, 43.058282], [141.354361, 43.058073]]}, "properties": {"link_id": "K00239", "street": "南2条通", "street_kind": "格子街路", "through": true, "axis": "EW", "length_m": 131.2, "road_category": "市区町村道等", "road_state": "通常部", "width_class": "13m-19.5m未満", "assign_err_m": 5.8}}, {"type": "Feature", "geometry": {"type": "LineString", "coordinates": [[141.35422, 43.058623], [141.352634, 43.058414]]}, "properties": {"link_id": "K00240", "street": "南2条通〜南1条通の裏通り", "street_kind": "裏通り", "through": true, "axis": "EW", "length_m": 131.2, "road_category": "市区町村道等", "road_state": "通常部", "width_class": "3m-5.5m未満", "assign_err_m": 3.0}}, {"type": "Feature", "geometry": {"type": "LineString", "coordinates": [[141.360222, 43.052966], [141.360269, 43.053095], [141.360445, 43.053464], [141.360496, 43.053559], [141.360566, 43.053662], [141.360721, 43.053869], [141.360844, 43.054051]]}, "properties": {"link_id": "K00241", "street": "", "street_kind": "斜行・非格子", "through": false, "axis": "NS", "length_m": 131.2, "road_category": "市区町村道等", "road_state": "通常部", "width_class": "5.5m-13m未満"}}, {"type": "Feature", "geometry": {"type": "LineString", "coordinates": [[141.351948, 43.054772], [141.351815, 43.054755], [141.350366, 43.054553]]}, "properties": {"link_id": "K00243", "street": "南5条通〜南4条通の裏通り", "street_kind": "裏通り", "through": true, "axis": "EW", "length_m": 131.2, "road_category": "市区町村道等", "road_state": "通常部", "width_class": "3m-5.5m未満", "assign_err_m": 4.0}}, {"type": "Feature", "geometry": {"type": "LineString", "coordinates": [[141.355547, 43.066228], [141.355425, 43.066667], [141.355423, 43.066673], [141.355233, 43.067386]]}, "properties": {"link_id": "K00244", "street": "西1丁目通", "street_kind": "格子街路", "through": true, "axis": "NS", "length_m": 131.2, "road_category": "国道", "road_state": "通常部", "width_class": "5.5m-13m未満", "assign_err_m": 6.9}}, {"type": "Feature", "geometry": {"type": "LineString", "coordinates": [[141.35422, 43.058623], [141.355801, 43.058844]]}, "properties": {"link_id": "K00245", "street": "南2条通〜南1条通の裏通り", "street_kind": "裏通り", "through": true, "axis": "EW", "length_m": 131.1, "road_category": "市区町村道等", "road_state": "通常部", "width_class": "3m-5.5m未満", "assign_err_m": 3.7}}, {"type": "Feature", "geometry": {"type": "LineString", "coordinates": [[141.351773, 43.05545], [141.350191, 43.055238]]}, "properties": {"link_id": "K00246", "street": "南4条通", "street_kind": "格子街路", "through": true, "axis": "EW", "length_m": 131.0, "road_category": "市区町村道等", "road_state": "通常部", "width_class": "19.5m以上", "assign_err_m": 15.9}}, {"type": "Feature", "geometry": {"type": "LineString", "coordinates": [[141.351663, 43.055915], [141.351551, 43.055899], [141.350079, 43.055713]]}, "properties": {"link_id": "K00247", "street": "南4条通〜南3条通の裏通り", "street_kind": "裏通り", "through": true, "axis": "EW", "length_m": 131.0, "road_category": "市区町村道等", "road_state": "通常部", "width_class": "5.5m-13m未満", "assign_err_m": 3.8}}, {"type": "Feature", "geometry": {"type": "LineString", "coordinates": [[141.356713, 43.06153], [141.356439, 43.062691]]}, "properties": {"link_id": "K00249", "street": "西1丁目通", "street_kind": "格子街路", "through": true, "axis": "NS", "length_m": 130.9, "road_category": "市区町村道等", "road_state": "通常部", "width_class": "5.5m-13m未満", "assign_err_m": 3.6}}, {"type": "Feature", "geometry": {"type": "LineString", "coordinates": [[141.357706, 43.059706], [141.357414, 43.060865]]}, "properties": {"link_id": "K00251", "street": "西1丁目通〜東1丁目通の裏通り", "street_kind": "裏通り", "through": true, "axis": "NS", "length_m": 130.9, "road_category": "市区町村道等", "road_state": "通常部", "width_class": "5.5m-13m未満", "assign_err_m": 25.4}}, {"type": "Feature", "geometry": {"type": "LineString", "coordinates": [[141.350531, 43.066753], [141.35, 43.066682], [141.349884, 43.066667], [141.348953, 43.066543]]}, "properties": {"link_id": "K00253", "street": "北5条通", "street_kind": "格子街路", "through": true, "axis": "EW", "length_m": 130.6, "road_category": "市区町村道等", "road_state": "通常部", "width_class": "19.5m以上", "assign_err_m": 9.8}}, {"type": "Feature", "geometry": {"type": "LineString", "coordinates": [[141.34524, 43.055636], [141.346816, 43.055852]]}, "properties": {"link_id": "K00255", "street": "南3条通", "street_kind": "格子街路", "through": true, "axis": "EW", "length_m": 130.6, "road_category": "市区町村道等", "road_state": "通常部", "width_class": "13m-19.5m未満", "assign_err_m": 0.8}}, {"type": "Feature", "geometry": {"type": "LineString", "coordinates": [[141.354781, 43.056353], [141.353206, 43.056134]]}, "properties": {"link_id": "K00257", "street": "南4条通〜南3条通の裏通り", "street_kind": "裏通り", "through": true, "axis": "EW", "length_m": 130.6, "road_category": "市区町村道等", "road_state": "通常部", "width_class": "3m-5.5m未満", "assign_err_m": 6.1}}, {"type": "Feature", "geometry": {"type": "LineString", "coordinates": [[141.350629, 43.059928], [141.352205, 43.06014]]}, "properties": {"link_id": "K00259", "street": "", "street_kind": "格子外", "through": false, "axis": "EW", "length_m": 130.6, "road_category": "市区町村道等", "road_state": "通常部", "width_class": "19.5m以上", "assign_err_m": 42.4}}, {"type": "Feature", "geometry": {"type": "LineString", "coordinates": [[141.354865, 43.062472], [141.356439, 43.062691]]}, "properties": {"link_id": "K00260", "street": "北1条通", "street_kind": "格子街路", "through": true, "axis": "EW", "length_m": 130.5, "road_category": "国道", "road_state": "通常部", "width_class": "19.5m以上", "assign_err_m": 0.3}}, {"type": "Feature", "geometry": {"type": "LineString", "coordinates": [[141.352651, 43.051915], [141.351076, 43.051702]]}, "properties": {"link_id": "K00262", "street": "南7条通", "street_kind": "格子街路", "through": true, "axis": "EW", "length_m": 130.4, "road_category": "市区町村道等", "road_state": "通常部", "width_class": "13m-19.5m未満", "assign_err_m": 6.6}}, {"type": "Feature", "geometry": {"type": "LineString", "coordinates": [[141.353577, 43.061105], [141.353412, 43.061744], [141.35328, 43.062258]]}, "properties": {"link_id": "K00263", "street": "西3丁目通", "street_kind": "格子街路", "through": true, "axis": "NS", "length_m": 130.4, "road_category": "市区町村道等", "road_state": "通常部", "width_class": "5.5m-13m未満", "assign_err_m": 4.4}}, {"type": "Feature", "geometry": {"type": "LineString", "coordinates": [[141.345386, 43.055066], [141.346958, 43.055285]]}, "properties": {"link_id": "K00264", "street": "南4条通〜南3条通の裏通り", "street_kind": "裏通り", "through": true, "axis": "EW", "length_m": 130.4, "road_category": "市区町村道等", "road_state": "通常部", "width_class": "5.5m-13m未満", "assign_err_m": 1.6}}, {"type": "Feature", "geometry": {"type": "LineString", "coordinates": [[141.350439, 43.060685], [141.352013, 43.060896]]}, "properties": {"link_id": "K00268", "street": "", "street_kind": "格子外", "through": false, "axis": "EW", "length_m": 130.4, "road_category": "市区町村道等", "road_state": "通常部", "width_class": "5.5m-13m未満", "assign_err_m": 43.0}}, {"type": "Feature", "geometry": {"type": "LineString", "coordinates": [[141.349094, 43.053209], [141.347522, 43.052993]]}, "properties": {"link_id": "K00269", "street": "南6条通〜南5条通の裏通り", "street_kind": "裏通り", "through": true, "axis": "EW", "length_m": 130.3, "road_category": "市区町村道等", "road_state": "通常部", "width_class": "5.5m-13m未満", "assign_err_m": 4.1}}, {"type": "Feature", "geometry": {"type": "LineString", "coordinates": [[141.35235, 43.05957], [141.350778, 43.059358]]}, "properties": {"link_id": "K00270", "street": "南1条通〜大通の裏通り", "street_kind": "裏通り", "through": true, "axis": "EW", "length_m": 130.2, "road_category": "市区町村道等", "road_state": "通常部", "width_class": "5.5m-13m未満", "assign_err_m": 19.4}}, {"type": "Feature", "geometry": {"type": "LineString", "coordinates": [[141.356084, 43.051147], [141.355792, 43.052299]]}, "properties": {"link_id": "K00271", "street": "西3丁目通", "street_kind": "格子街路", "through": true, "axis": "NS", "length_m": 130.2, "road_category": "市区町村道等", "road_state": "通常部", "width_class": "5.5m-13m未満", "assign_err_m": 1.9}}, {"type": "Feature", "geometry": {"type": "LineString", "coordinates": [[141.349868, 43.062989], [141.35, 43.062434], [141.350143, 43.061834]]}, "properties": {"link_id": "K00272", "street": "西5丁目通", "street_kind": "格子街路", "through": true, "axis": "NS", "length_m": 130.2, "road_category": "市区町村道等", "road_state": "通常部", "width_class": "19.5m以上", "assign_err_m": 4.5}}, {"type": "Feature", "geometry": {"type": "LineString", "coordinates": [[141.349356, 43.058578], [141.35, 43.058665], [141.350926, 43.05879]]}, "properties": {"link_id": "K00273", "street": "南1条通", "street_kind": "格子街路", "through": true, "axis": "EW", "length_m": 130.1, "road_category": "市区町村道等", "road_state": "通常部", "width_class": "19.5m以上", "assign_err_m": 3.3}}, {"type": "Feature", "geometry": {"type": "LineString", "coordinates": [[141.345102, 43.056214], [141.346675, 43.056415]]}, "properties": {"link_id": "K00274", "street": "南3条通〜南2条通の裏通り", "street_kind": "裏通り", "through": true, "axis": "EW", "length_m": 130.1, "road_category": "市区町村道等", "road_state": "通常部", "width_class": "5.5m-13m未満", "assign_err_m": 0.2}}, {"type": "Feature", "geometry": {"type": "LineString", "coordinates": [[141.347337, 43.060261], [141.347032, 43.06141]]}, "properties": {"link_id": "K00275", "street": "西7丁目通", "street_kind": "格子街路", "through": true, "axis": "NS", "length_m": 130.0, "road_category": "市区町村道等", "road_state": "通常部", "width_class": "5.5m-13m未満", "assign_err_m": 1.6}}, {"type": "Feature", "geometry": {"type": "LineString", "coordinates": [[141.343116, 43.057722], [141.344685, 43.057937]]}, "properties": {"link_id": "K00276", "street": "南1条通", "street_kind": "格子街路", "through": true, "axis": "EW", "length_m": 130.0, "road_category": "市区町村道等", "road_state": "通常部", "width_class": "19.5m以上", "assign_err_m": 0.6}}, {"type": "Feature", "geometry": {"type": "LineString", "coordinates": [[141.351712, 43.062045], [141.351747, 43.061914], [141.352001, 43.060941], [141.352013, 43.060896]]}, "properties": {"link_id": "K00278", "street": "西4丁目通", "street_kind": "格子街路", "through": true, "axis": "NS", "length_m": 130.0, "road_category": "国道", "road_state": "通常部", "width_class": "19.5m以上", "assign_err_m": 4.0}}, {"type": "Feature", "geometry": {"type": "LineString", "coordinates": [[141.343924, 43.060993], [141.342356, 43.060778]]}, "properties": {"link_id": "K00279", "street": "北1条通", "street_kind": "格子街路", "through": true, "axis": "EW", "length_m": 130.0, "road_category": "国道", "road_state": "通常部", "width_class": "19.5m以上", "assign_err_m": 5.4}}, {"type": "Feature", "geometry": {"type": "LineString", "coordinates": [[141.347934, 43.057787], [141.348061, 43.057808], [141.349502, 43.058002]]}, "properties": {"link_id": "K00280", "street": "南2条通〜南1条通の裏通り", "street_kind": "裏通り", "through": true, "axis": "EW", "length_m": 130.0, "road_category": "市区町村道等", "road_state": "通常部", "width_class": "5.5m-13m未満", "assign_err_m": 2.6}}, {"type": "Feature", "geometry": {"type": "LineString", "coordinates": [[141.350669, 43.066182], [141.352237, 43.0664]]}, "properties": {"link_id": "K00281", "street": "北4条通〜北5条通の裏通り", "street_kind": "裏通り", "through": false, "axis": "EW", "length_m": 130.0, "road_category": "市区町村道等", "road_state": "通常部", "width_class": "3m-5.5m未満", "assign_err_m": 11.2}}, {"type": "Feature", "geometry": {"type": "LineString", "coordinates": [[141.354895, 43.055876], [141.354688, 43.05585], [141.353571, 43.055703], [141.353325, 43.05567]]}, "properties": {"link_id": "K00282", "street": "南4条通", "street_kind": "格子街路", "through": true, "axis": "EW", "length_m": 129.9, "road_category": "国道", "road_state": "通常部", "width_class": "19.5m以上", "assign_err_m": 18.0}}, {"type": "Feature", "geometry": {"type": "LineString", "coordinates": [[141.360404, 43.055327], [141.360686, 43.054176]]}, "properties": {"link_id": "K00283", "street": "東1丁目通〜東2丁目通の裏通り", "street_kind": "裏通り", "through": true, "axis": "NS", "length_m": 129.9, "road_category": "市区町村道等", "road_state": "通常部", "width_class": "13m-19.5m未満", "assign_err_m": 24.3}}, {"type": "Feature", "geometry": {"type": "LineString", "coordinates": [[141.350143, 43.061834], [141.350267, 43.061851], [141.351518, 43.062017], [141.351712, 43.062045]]}, "properties": {"link_id": "K00285", "street": "北1条通", "street_kind": "格子街路", "through": true, "axis": "EW", "length_m": 129.9, "road_category": "国道", "road_state": "通常部", "width_class": "19.5m以上", "assign_err_m": 2.1}}, {"type": "Feature", "geometry": {"type": "LineString", "coordinates": [[141.350439, 43.060685], [141.350143, 43.061834]]}, "properties": {"link_id": "K00286", "street": "西5丁目通", "street_kind": "格子街路", "through": true, "axis": "NS", "length_m": 129.9, "road_category": "市区町村道等", "road_state": "通常部", "width_class": "5.5m-13m未満", "assign_err_m": 4.2}}, {"type": "Feature", "geometry": {"type": "LineString", "coordinates": [[141.348084, 43.05721], [141.349651, 43.057426]]}, "properties": {"link_id": "K00287", "street": "南2条通", "street_kind": "格子街路", "through": true, "axis": "EW", "length_m": 129.9, "road_category": "市区町村道等", "road_state": "通常部", "width_class": "13m-19.5m未満", "assign_err_m": 2.1}}, {"type": "Feature", "geometry": {"type": "LineString", "coordinates": [[141.35328, 43.062258], [141.351712, 43.062045]]}, "properties": {"link_id": "K00288", "street": "北1条通", "street_kind": "格子街路", "through": true, "axis": "EW", "length_m": 129.9, "road_category": "国道", "road_state": "通常部", "width_class": "19.5m以上", "assign_err_m": 1.4}}, {"type": "Feature", "geometry": {"type": "LineString", "coordinates": [[141.354593, 43.063624], [141.354865, 43.062472]]}, "properties": {"link_id": "K00289", "street": "西2丁目通", "street_kind": "格子街路", "through": true, "axis": "NS", "length_m": 129.9, "road_category": "市区町村道等", "road_state": "通常部", "width_class": "19.5m以上", "assign_err_m": 3.3}}, {"type": "Feature", "geometry": {"type": "LineString", "coordinates": [[141.350669, 43.066182], [141.35, 43.066099], [141.349101, 43.065971]]}, "properties": {"link_id": "K00291", "street": "北4条通〜北5条通の裏通り", "street_kind": "裏通り", "through": false, "axis": "EW", "length_m": 129.9, "road_category": "市区町村道等", "road_state": "通常部", "width_class": "3m-5.5m未満", "assign_err_m": 10.7}}, {"type": "Feature", "geometry": {"type": "LineString", "coordinates": [[141.359825, 43.057621], [141.359652, 43.058333], [141.359537, 43.058771]]}, "properties": {"link_id": "K00292", "street": "東1丁目通〜東2丁目通の裏通り", "street_kind": "裏通り", "through": true, "axis": "NS", "length_m": 129.9, "road_category": "市区町村道等", "road_state": "通常部", "width_class": "13m-19.5m未満", "assign_err_m": 26.0}}, {"type": "Feature", "geometry": {"type": "LineString", "coordinates": [[141.349386, 43.052065], [141.347819, 43.05185]]}, "properties": {"link_id": "K00293", "street": "南7条通〜南6条通の裏通り", "street_kind": "裏通り", "through": true, "axis": "EW", "length_m": 129.9, "road_category": "市区町村道等", "road_state": "通常部", "width_class": "3m-5.5m未満", "assign_err_m": 4.8}}, {"type": "Feature", "geometry": {"type": "LineString", "coordinates": [[141.343259, 43.057151], [141.344826, 43.057363]]}, "properties": {"link_id": "K00298", "street": "南2条通〜南1条通の裏通り", "street_kind": "裏通り", "through": true, "axis": "EW", "length_m": 129.8, "road_category": "市区町村道等", "road_state": "通常部", "width_class": "5.5m-13m未満", "assign_err_m": 0.2}}, {"type": "Feature", "geometry": {"type": "LineString", "coordinates": [[141.354865, 43.062472], [141.355089, 43.061638], [141.355173, 43.061325]]}, "properties": {"link_id": "K00299", "street": "西2丁目通", "street_kind": "格子街路", "through": true, "axis": "NS", "length_m": 129.8, "road_category": "市区町村道等", "road_state": "通常部", "width_class": "19.5m以上", "assign_err_m": 2.6}}, {"type": "Feature", "geometry": {"type": "LineString", "coordinates": [[141.350829, 43.065566], [141.35239, 43.0658]]}, "properties": {"link_id": "K00300", "street": "北4条通", "street_kind": "格子街路", "through": true, "axis": "EW", "length_m": 129.8, "road_category": "市区町村道等", "road_state": "通常部", "width_class": "19.5m以上", "assign_err_m": 7.5}}, {"type": "Feature", "geometry": {"type": "LineString", "coordinates": [[141.350799, 43.052854], [141.35, 43.052741], [141.349235, 43.052634]]}, "properties": {"link_id": "K00304", "street": "南6条通", "street_kind": "格子街路", "through": true, "axis": "EW", "length_m": 129.7, "road_category": "市区町村道等", "road_state": "通常部", "width_class": "13m-19.5m未満", "assign_err_m": 5.4}}, {"type": "Feature", "geometry": {"type": "LineString", "coordinates": [[141.348589, 43.061621], [141.348307, 43.06277]]}, "properties": {"link_id": "K00305", "street": "西6丁目通", "street_kind": "格子街路", "through": true, "axis": "NS", "length_m": 129.7, "road_category": "市区町村道等", "road_state": "通常部", "width_class": "13m-19.5m未満", "assign_err_m": 3.7}}, {"type": "Feature", "geometry": {"type": "LineString", "coordinates": [[141.347241, 43.054134], [141.348805, 43.05435]]}, "properties": {"link_id": "K00309", "street": "南5条通〜南4条通の裏通り", "street_kind": "裏通り", "through": true, "axis": "EW", "length_m": 129.6, "road_category": "市区町村道等", "road_state": "通常部", "width_class": "3m-5.5m未満", "assign_err_m": 2.9}}, {"type": "Feature", "geometry": {"type": "LineString", "coordinates": [[141.345505, 43.054627], [141.345723, 43.054647], [141.346844, 43.054783], [141.347076, 43.054812]]}, "properties": {"link_id": "K00310", "street": "南4条通", "street_kind": "格子街路", "through": true, "axis": "EW", "length_m": 129.6, "road_category": "市区町村道等", "road_state": "通常部", "width_class": "19.5m以上", "assign_err_m": 14.7}}, {"type": "Feature", "geometry": {"type": "LineString", "coordinates": [[141.35846, 43.05981], [141.358743, 43.058662]]}, "properties": {"link_id": "K00311", "street": "東1丁目通", "street_kind": "格子街路", "through": true, "axis": "NS", "length_m": 129.6, "road_category": "市区町村道等", "road_state": "通常部", "width_class": "3m-5.5m未満", "assign_err_m": 27.4}}, {"type": "Feature", "geometry": {"type": "LineString", "coordinates": [[141.344064, 43.060401], [141.343984, 43.060389], [141.342502, 43.060183]]}, "properties": {"link_id": "K00315", "street": "大通〜北1条通の裏通り", "street_kind": "裏通り", "through": false, "axis": "EW", "length_m": 129.5, "road_category": "市区町村道等", "road_state": "通常部", "width_class": "3m-5.5m未満", "assign_err_m": 15.0}}, {"type": "Feature", "geometry": {"type": "LineString", "coordinates": [[141.350079, 43.055713], [141.35, 43.055702], [141.348514, 43.055508]]}, "properties": {"link_id": "K00316", "street": "南4条通〜南3条通の裏通り", "street_kind": "裏通り", "through": true, "axis": "EW", "length_m": 129.5, "road_category": "市区町村道等", "road_state": "通常部", "width_class": "5.5m-13m未満", "assign_err_m": 4.3}}, {"type": "Feature", "geometry": {"type": "LineString", "coordinates": [[141.348232, 43.056625], [141.349797, 43.05683]]}, "properties": {"link_id": "K00317", "street": "南3条通〜南2条通の裏通り", "street_kind": "裏通り", "through": true, "axis": "EW", "length_m": 129.5, "road_category": "市区町村道等", "road_state": "通常部", "width_class": "5.5m-13m未満", "assign_err_m": 0.5}}, {"type": "Feature", "geometry": {"type": "LineString", "coordinates": [[141.359129, 43.053971], [141.358867, 43.055006], [141.35884, 43.055117]]}, "properties": {"link_id": "K00320", "street": "西1丁目通〜東1丁目通の裏通り", "street_kind": "裏通り", "through": true, "axis": "NS", "length_m": 129.5, "road_category": "市区町村道等", "road_state": "通常部", "width_class": "13m-19.5m未満", "assign_err_m": 23.6}}, {"type": "Feature", "geometry": {"type": "LineString", "coordinates": [[141.350926, 43.05879], [141.352488, 43.059006]]}, "properties": {"link_id": "K00321", "street": "南1条通", "street_kind": "格子街路", "through": true, "axis": "EW", "length_m": 129.5, "road_category": "市区町村道等", "road_state": "通常部", "width_class": "19.5m以上", "assign_err_m": 4.2}}, {"type": "Feature", "geometry": {"type": "LineString", "coordinates": [[141.345823, 43.053356], [141.347386, 43.053567]]}, "properties": {"link_id": "K00322", "street": "南5条通", "street_kind": "格子街路", "through": true, "axis": "EW", "length_m": 129.5, "road_category": "市区町村道等", "road_state": "通常部", "width_class": "13m-19.5m未満", "assign_err_m": 2.9}}, {"type": "Feature", "geometry": {"type": "LineString", "coordinates": [[141.350778, 43.059358], [141.35, 43.059251], [141.349214, 43.059148]]}, "properties": {"link_id": "K00323", "street": "南1条通〜大通の裏通り", "street_kind": "裏通り", "through": true, "axis": "EW", "length_m": 129.5, "road_category": "市区町村道等", "road_state": "通常部", "width_class": "5.5m-13m未満", "assign_err_m": 20.1}}, {"type": "Feature", "geometry": {"type": "LineString", "coordinates": [[141.352013, 43.060896], [141.353577, 43.061105]]}, "properties": {"link_id": "K00326", "street": "", "street_kind": "格子外", "through": false, "axis": "EW", "length_m": 129.5, "road_category": "市区町村道等", "road_state": "通常部", "width_class": "5.5m-13m未満", "assign_err_m": 43.4}}, {"type": "Feature", "geometry": {"type": "LineString", "coordinates": [[141.348374, 43.056068], [141.349937, 43.056278]]}, "properties": {"link_id": "K00327", "street": "南3条通", "street_kind": "格子街路", "through": true, "axis": "EW", "length_m": 129.5, "road_category": "市区町村道等", "road_state": "通常部", "width_class": "13m-19.5m未満", "assign_err_m": 2.8}}, {"type": "Feature", "geometry": {"type": "LineString", "coordinates": [[141.346743, 43.062562], [141.347868, 43.062712], [141.348307, 43.06277]]}, "properties": {"link_id": "K00328", "street": "北2条通", "street_kind": "格子街路", "through": true, "axis": "EW", "length_m": 129.5, "road_category": "市区町村道等", "road_state": "通常部", "width_class": "13m-19.5m未満", "assign_err_m": 3.7}}, {"type": "Feature", "geometry": {"type": "LineString", "coordinates": [[141.35157, 43.062622], [141.35205, 43.06269], [141.353131, 43.062842]]}, "properties": {"link_id": "K00329", "street": "北1条通〜北2条通の裏通り", "street_kind": "裏通り", "through": false, "axis": "EW", "length_m": 129.5, "road_category": "市区町村道等", "road_state": "通常部", "width_class": "3m-5.5m未満", "assign_err_m": 0.8}}, {"type": "Feature", "geometry": {"type": "LineString", "coordinates": [[141.343924, 43.060993], [141.345487, 43.061203]]}, "properties": {"link_id": "K00330", "street": "北1条通", "street_kind": "格子街路", "through": true, "axis": "EW", "length_m": 129.5, "road_category": "国道", "road_state": "通常部", "width_class": "19.5m以上", "assign_err_m": 4.7}}, {"type": "Feature", "geometry": {"type": "LineString", "coordinates": [[141.348307, 43.06277], [141.349868, 43.062989]]}, "properties": {"link_id": "K00331", "street": "北2条通", "street_kind": "格子街路", "through": true, "axis": "EW", "length_m": 129.5, "road_category": "市区町村道等", "road_state": "通常部", "width_class": "13m-19.5m未満", "assign_err_m": 2.9}}, {"type": "Feature", "geometry": {"type": "LineString", "coordinates": [[141.346256, 43.051643], [141.347819, 43.05185]]}, "properties": {"link_id": "K00335", "street": "南7条通〜南6条通の裏通り", "street_kind": "裏通り", "through": true, "axis": "EW", "length_m": 129.4, "road_category": "市区町村道等", "road_state": "通常部", "width_class": "3m-5.5m未満", "assign_err_m": 4.2}}, {"type": "Feature", "geometry": {"type": "LineString", "coordinates": [[141.358, 43.058562], [141.357706, 43.059706]]}, "properties": {"link_id": "K00342", "street": "西1丁目通〜東1丁目通の裏通り", "street_kind": "裏通り", "through": true, "axis": "NS", "length_m": 129.4, "road_category": "市区町村道等", "road_state": "通常部", "width_class": "5.5m-13m未満", "assign_err_m": 24.5}}, {"type": "Feature", "geometry": {"type": "LineString", "coordinates": [[141.351431, 43.063193], [141.35, 43.063006], [141.349868, 43.062989]]}, "properties": {"link_id": "K00344", "street": "北2条通", "street_kind": "格子街路", "through": true, "axis": "EW", "length_m": 129.4, "road_category": "市区町村道等", "road_state": "通常部", "width_class": "13m-19.5m未満", "assign_err_m": 2.2}}, {"type": "Feature", "geometry": {"type": "LineString", "coordinates": [[141.347386, 43.053567], [141.34895, 43.053769]]}, "properties": {"link_id": "K00345", "street": "南5条通", "street_kind": "格子街路", "through": true, "axis": "EW", "length_m": 129.4, "road_category": "市区町村道等", "road_state": "通常部", "width_class": "13m-19.5m未満", "assign_err_m": 3.1}}, {"type": "Feature", "geometry": {"type": "LineString", "coordinates": [[141.348589, 43.061621], [141.348883, 43.060477]]}, "properties": {"link_id": "K00347", "street": "西6丁目通", "street_kind": "格子街路", "through": true, "axis": "NS", "length_m": 129.4, "road_category": "市区町村道等", "road_state": "通常部", "width_class": "13m-19.5m未満", "assign_err_m": 3.0}}, {"type": "Feature", "geometry": {"type": "LineString", "coordinates": [[141.346402, 43.051055], [141.347961, 43.051276]]}, "properties": {"link_id": "K00348", "street": "南7条通", "street_kind": "格子街路", "through": true, "axis": "EW", "length_m": 129.4, "road_category": "市区町村道等", "road_state": "通常部", "width_class": "13m-19.5m未満", "assign_err_m": 3.6}}, {"type": "Feature", "geometry": {"type": "LineString", "coordinates": [[141.347675, 43.052423], [141.346114, 43.052209]]}, "properties": {"link_id": "K00349", "street": "南6条通", "street_kind": "格子街路", "through": true, "axis": "EW", "length_m": 129.4, "road_category": "市区町村道等", "road_state": "通常部", "width_class": "13m-19.5m未満", "assign_err_m": 3.6}}, {"type": "Feature", "geometry": {"type": "LineString", "coordinates": [[141.359537, 43.058771], [141.359244, 43.059916]]}, "properties": {"link_id": "K00350", "street": "東1丁目通〜東2丁目通の裏通り", "street_kind": "裏通り", "through": true, "axis": "NS", "length_m": 129.4, "road_category": "市区町村道等", "road_state": "通常部", "width_class": "13m-19.5m未満", "assign_err_m": 27.1}}, {"type": "Feature", "geometry": {"type": "LineString", "coordinates": [[141.357609, 43.054948], [141.357884, 43.053801]]}, "properties": {"link_id": "K00351", "street": "西2丁目通〜西1丁目通の裏通り", "street_kind": "裏通り", "through": false, "axis": "NS", "length_m": 129.4, "road_category": "市区町村道等", "road_state": "通常部", "width_class": "3m-5.5m未満", "assign_err_m": 3.8}}, {"type": "Feature", "geometry": {"type": "LineString", "coordinates": [[141.349094, 43.053209], [141.35, 43.05333], [141.350655, 43.053418]]}, "properties": {"link_id": "K00352", "street": "南6条通〜南5条通の裏通り", "street_kind": "裏通り", "through": true, "axis": "EW", "length_m": 129.4, "road_category": "市区町村道等", "road_state": "通常部", "width_class": "3m-5.5m未満", "assign_err_m": 4.8}}, {"type": "Feature", "geometry": {"type": "LineString", "coordinates": [[141.346097, 43.058724], [141.344658, 43.05853], [141.344538, 43.058506]]}, "properties": {"link_id": "K00354", "street": "南1条通〜大通の裏通り", "street_kind": "裏通り", "through": true, "axis": "EW", "length_m": 129.3, "road_category": "市区町村道等", "road_state": "通常部", "width_class": "5.5m-13m未満", "assign_err_m": 22.1}}, {"type": "Feature", "geometry": {"type": "LineString", "coordinates": [[141.347546, 43.065764], [141.345985, 43.06555]]}, "properties": {"link_id": "K00356", "street": "北4条通〜北5条通の裏通り", "street_kind": "裏通り", "through": false, "axis": "EW", "length_m": 129.3, "road_category": "市区町村道等", "road_state": "通常部", "width_class": "3m-5.5m未満", "assign_err_m": 9.2}}, {"type": "Feature", "geometry": {"type": "LineString", "coordinates": [[141.347675, 43.052423], [141.349235, 43.052634]]}, "properties": {"link_id": "K00358", "street": "南6条通", "street_kind": "格子街路", "through": true, "axis": "EW", "length_m": 129.3, "road_category": "市区町村道等", "road_state": "通常部", "width_class": "13m-19.5m未満", "assign_err_m": 4.4}}, {"type": "Feature", "geometry": {"type": "LineString", "coordinates": [[141.34895, 43.053769], [141.35, 43.053913], [141.35051, 43.053983]]}, "properties": {"link_id": "K00359", "street": "南5条通", "street_kind": "格子街路", "through": true, "axis": "EW", "length_m": 129.3, "road_category": "市区町村道等", "road_state": "通常部", "width_class": "13m-19.5m未満", "assign_err_m": 3.4}}, {"type": "Feature", "geometry": {"type": "LineString", "coordinates": [[141.344972, 43.056787], [141.346533, 43.056997]]}, "properties": {"link_id": "K00360", "street": "南2条通", "street_kind": "格子街路", "through": true, "axis": "EW", "length_m": 129.3, "road_category": "市区町村道等", "road_state": "通常部", "width_class": "13m-19.5m未満", "assign_err_m": 0.3}}, {"type": "Feature", "geometry": {"type": "LineString", "coordinates": [[141.344538, 43.058506], [141.344421, 43.058482], [141.343269, 43.058333], [141.342978, 43.058296]]}, "properties": {"link_id": "K00362", "street": "南1条通〜大通の裏通り", "street_kind": "裏通り", "through": true, "axis": "EW", "length_m": 129.3, "road_category": "市区町村道等", "road_state": "通常部", "width_class": "5.5m-13m未満", "assign_err_m": 24.0}}, {"type": "Feature", "geometry": {"type": "LineString", "coordinates": [[141.346238, 43.058148], [141.347609, 43.058333], [141.347799, 43.058359]]}, "properties": {"link_id": "K00363", "street": "南1条通", "street_kind": "格子街路", "through": true, "axis": "EW", "length_m": 129.3, "road_category": "市区町村道等", "road_state": "通常部", "width_class": "19.5m以上", "assign_err_m": 1.0}}, {"type": "Feature", "geometry": {"type": "LineString", "coordinates": [[141.350191, 43.055238], [141.35, 43.055212], [141.348632, 43.055022]]}, "properties": {"link_id": "K00364", "street": "南4条通", "street_kind": "格子街路", "through": true, "axis": "EW", "length_m": 129.3, "road_category": "市区町村道等", "road_state": "通常部", "width_class": "19.5m以上", "assign_err_m": 15.1}}, {"type": "Feature", "geometry": {"type": "LineString", "coordinates": [[141.358428, 43.055061], [141.358728, 43.053918]]}, "properties": {"link_id": "K00367", "street": "西1丁目通", "street_kind": "格子街路", "through": true, "axis": "NS", "length_m": 129.2, "road_category": "市区町村道等", "road_state": "通常部", "width_class": "13m-19.5m未満", "assign_err_m": 7.8}}, {"type": "Feature", "geometry": {"type": "LineString", "coordinates": [[141.347241, 43.054134], [141.345681, 43.053924]]}, "properties": {"link_id": "K00369", "street": "南5条通〜南4条通の裏通り", "street_kind": "裏通り", "through": true, "axis": "EW", "length_m": 129.2, "road_category": "市区町村道等", "road_state": "通常部", "width_class": "3m-5.5m未満", "assign_err_m": 2.1}}, {"type": "Feature", "geometry": {"type": "LineString", "coordinates": [[141.33832, 43.063967], [141.33988, 43.06418]]}, "properties": {"link_id": "K00371", "street": "北4条通", "street_kind": "格子街路", "through": true, "axis": "EW", "length_m": 129.2, "road_category": "市区町村道等", "road_state": "通常部", "width_class": "3m-5.5m未満", "assign_err_m": 11.2}}, {"type": "Feature", "geometry": {"type": "LineString", "coordinates": [[141.346816, 43.055852], [141.347408, 43.05593], [141.348374, 43.056068]]}, "properties": {"link_id": "K00375", "street": "南3条通", "street_kind": "格子街路", "through": true, "axis": "EW", "length_m": 129.2, "road_category": "市区町村道等", "road_state": "通常部", "width_class": "13m-19.5m未満", "assign_err_m": 1.7}}, {"type": "Feature", "geometry": {"type": "LineString", "coordinates": [[141.350366, 43.054553], [141.35, 43.054505], [141.348805, 43.05435]]}, "properties": {"link_id": "K00378", "street": "南5条通〜南4条通の裏通り", "street_kind": "裏通り", "through": true, "axis": "EW", "length_m": 129.2, "road_category": "市区町村道等", "road_state": "通常部", "width_class": "3m-5.5m未満", "assign_err_m": 3.4}}, {"type": "Feature", "geometry": {"type": "LineString", "coordinates": [[141.347799, 43.058359], [141.349356, 43.058578]]}, "properties": {"link_id": "K00384", "street": "南1条通", "street_kind": "格子街路", "through": true, "axis": "EW", "length_m": 129.1, "road_category": "市区町村道等", "road_state": "通常部", "width_class": "19.5m以上", "assign_err_m": 2.1}}, {"type": "Feature", "geometry": {"type": "LineString", "coordinates": [[141.347657, 43.058931], [141.346097, 43.058724]]}, "properties": {"link_id": "K00386", "street": "南1条通〜大通の裏通り", "street_kind": "裏通り", "through": true, "axis": "EW", "length_m": 129.1, "road_category": "市区町村道等", "road_state": "通常部", "width_class": "5.5m-13m未満", "assign_err_m": 21.7}}, {"type": "Feature", "geometry": {"type": "LineString", "coordinates": [[141.349214, 43.059148], [141.347657, 43.058931]]}, "properties": {"link_id": "K00388", "street": "南1条通〜大通の裏通り", "street_kind": "裏通り", "through": true, "axis": "EW", "length_m": 129.1, "road_category": "市区町村道等", "road_state": "通常部", "width_class": "5.5m-13m未満", "assign_err_m": 20.9}}, {"type": "Feature", "geometry": {"type": "LineString", "coordinates": [[141.339925, 43.064], [141.338367, 43.063787]]}, "properties": {"link_id": "K00390", "street": "北4条通", "street_kind": "格子街路", "through": true, "axis": "EW", "length_m": 129.1, "road_category": "市区町村道等", "road_state": "通常部", "width_class": "3m-5.5m未満", "assign_err_m": 9.1}}, {"type": "Feature", "geometry": {"type": "LineString", "coordinates": [[141.340798, 43.060558], [141.339239, 43.060351]]}, "properties": {"link_id": "K00391", "street": "北1条通", "street_kind": "格子街路", "through": true, "axis": "EW", "length_m": 129.1, "road_category": "都道府県道", "road_state": "通常部", "width_class": "19.5m以上", "assign_err_m": 7.7}}, {"type": "Feature", "geometry": {"type": "LineString", "coordinates": [[141.345616, 43.060642], [141.344056, 43.060439]]}, "properties": {"link_id": "K00394", "street": "大通〜北1条通の裏通り", "street_kind": "裏通り", "through": false, "axis": "EW", "length_m": 129.1, "road_category": "市区町村道等", "road_state": "通常部", "width_class": "3m-5.5m未満", "assign_err_m": 19.9}}, {"type": "Feature", "geometry": {"type": "LineString", "coordinates": [[141.344826, 43.057363], [141.34626, 43.057552], [141.346383, 43.057577]]}, "properties": {"link_id": "K00396", "street": "南2条通〜南1条通の裏通り", "street_kind": "裏通り", "through": true, "axis": "EW", "length_m": 129.0, "road_category": "市区町村道等", "road_state": "通常部", "width_class": "5.5m-13m未満", "assign_err_m": 0.2}}, {"type": "Feature", "geometry": {"type": "LineString", "coordinates": [[141.359611, 43.055219], [141.359899, 43.054077]]}, "properties": {"link_id": "K00398", "street": "東1丁目通", "street_kind": "格子街路", "through": true, "axis": "NS", "length_m": 129.0, "road_category": "市区町村道等", "road_state": "通常部", "width_class": "3m-5.5m未満", "assign_err_m": 24.7}}, {"type": "Feature", "geometry": {"type": "LineString", "coordinates": [[141.354593, 43.063624], [141.35615, 43.063833]]}, "properties": {"link_id": "K00399", "street": "北2条通", "street_kind": "格子街路", "through": true, "axis": "EW", "length_m": 129.0, "road_category": "市区町村道等", "road_state": "通常部", "width_class": "13m-19.5m未満", "assign_err_m": 0.3}}, {"type": "Feature", "geometry": {"type": "LineString", "coordinates": [[141.35615, 43.063833], [141.356439, 43.062691]]}, "properties": {"link_id": "K00400", "street": "西1丁目通", "street_kind": "格子街路", "through": true, "axis": "NS", "length_m": 129.0, "road_category": "国道", "road_state": "通常部", "width_class": "5.5m-13m未満", "assign_err_m": 3.6}}, {"type": "Feature", "geometry": {"type": "LineString", "coordinates": [[141.348232, 43.056625], [141.346675, 43.056415]]}, "properties": {"link_id": "K00401", "street": "南3条通〜南2条通の裏通り", "street_kind": "裏通り", "through": true, "axis": "EW", "length_m": 129.0, "road_category": "市区町村道等", "road_state": "通常部", "width_class": "5.5m-13m未満", "assign_err_m": 0.2}}, {"type": "Feature", "geometry": {"type": "LineString", "coordinates": [[141.354047, 43.059209], [141.352488, 43.059006]]}, "properties": {"link_id": "K00403", "street": "南1条通", "street_kind": "格子街路", "through": true, "axis": "EW", "length_m": 129.0, "road_category": "市区町村道等", "road_state": "通常部", "width_class": "19.5m以上", "assign_err_m": 4.6}}, {"type": "Feature", "geometry": {"type": "LineString", "coordinates": [[141.349574, 43.064162], [141.35, 43.064218], [141.351132, 43.064371]]}, "properties": {"link_id": "K00404", "street": "北3条通", "street_kind": "格子街路", "through": true, "axis": "EW", "length_m": 129.0, "road_category": "市区町村道等", "road_state": "通常部", "width_class": "19.5m以上", "assign_err_m": 0.6}}, {"type": "Feature", "geometry": {"type": "LineString", "coordinates": [[141.350944, 43.052275], [141.35, 43.052148], [141.349386, 43.052065]]}, "properties": {"link_id": "K00405", "street": "南7条通〜南6条通の裏通り", "street_kind": "裏通り", "through": true, "axis": "EW", "length_m": 129.0, "road_category": "市区町村道等", "road_state": "通常部", "width_class": "3m-5.5m未満", "assign_err_m": 5.5}}, {"type": "Feature", "geometry": {"type": "LineString", "coordinates": [[141.357278, 43.067672], [141.355723, 43.067453]]}, "properties": {"link_id": "K00406", "street": "北5条通", "street_kind": "格子街路", "through": true, "axis": "EW", "length_m": 129.0, "road_category": "市区町村道等", "road_state": "通常部", "width_class": "13m-19.5m未満", "assign_err_m": 12.8}}, {"type": "Feature", "geometry": {"type": "LineString", "coordinates": [[141.352205, 43.06014], [141.353757, 43.060368]]}, "properties": {"link_id": "K00412", "street": "", "street_kind": "格子外", "through": false, "axis": "EW", "length_m": 129.0, "road_category": "市区町村道等", "road_state": "通常部", "width_class": "19.5m以上", "assign_err_m": 40.9}}, {"type": "Feature", "geometry": {"type": "LineString", "coordinates": [[141.347032, 43.06141], [141.34719, 43.061433], [141.348494, 43.061609], [141.348589, 43.061621]]}, "properties": {"link_id": "K00413", "street": "北1条通", "street_kind": "格子街路", "through": true, "axis": "EW", "length_m": 128.9, "road_category": "国道", "road_state": "通常部", "width_class": "19.5m以上", "assign_err_m": 3.6}}, {"type": "Feature", "geometry": {"type": "LineString", "coordinates": [[141.356464, 43.059531], [141.356744, 43.058389]]}, "properties": {"link_id": "K00416", "street": "西2丁目通〜西1丁目通の裏通り", "street_kind": "裏通り", "through": false, "axis": "NS", "length_m": 128.9, "road_category": "市区町村道等", "road_state": "通常部", "width_class": "3m-5.5m未満", "assign_err_m": 2.0}}, {"type": "Feature", "geometry": {"type": "LineString", "coordinates": [[141.348953, 43.066543], [141.347398, 43.066328]]}, "properties": {"link_id": "K00417", "street": "北5条通", "street_kind": "格子街路", "through": true, "axis": "EW", "length_m": 128.9, "road_category": "市区町村道等", "road_state": "通常部", "width_class": "19.5m以上", "assign_err_m": 9.1}}, {"type": "Feature", "geometry": {"type": "LineString", "coordinates": [[141.349271, 43.06536], [141.35, 43.065456], [141.350829, 43.065566]]}, "properties": {"link_id": "K00418", "street": "北4条通", "street_kind": "格子街路", "through": true, "axis": "EW", "length_m": 128.9, "road_category": "市区町村道等", "road_state": "通常部", "width_class": "19.5m以上", "assign_err_m": 5.9}}, {"type": "Feature", "geometry": {"type": "LineString", "coordinates": [[141.355233, 43.067386], [141.353676, 43.067176]]}, "properties": {"link_id": "K00421", "street": "北5条通", "street_kind": "格子街路", "through": true, "axis": "EW", "length_m": 128.9, "road_category": "市区町村道等", "road_state": "通常部", "width_class": "19.5m以上", "assign_err_m": 11.4}}, {"type": "Feature", "geometry": {"type": "LineString", "coordinates": [[141.347076, 43.054812], [141.347241, 43.054833], [141.348426, 43.054996], [141.348632, 43.055022]]}, "properties": {"link_id": "K00423", "street": "南4条通", "street_kind": "格子街路", "through": true, "axis": "EW", "length_m": 128.9, "road_category": "市区町村道等", "road_state": "通常部", "width_class": "19.5m以上", "assign_err_m": 14.2}}, {"type": "Feature", "geometry": {"type": "LineString", "coordinates": [[141.339529, 43.0592], [141.341084, 43.059415]]}, "properties": {"link_id": "K00426", "street": "", "street_kind": "格子外", "through": false, "axis": "EW", "length_m": 128.9, "road_category": "市区町村道等", "road_state": "通常部", "width_class": "5.5m-13m未満", "assign_err_m": 37.7}}, {"type": "Feature", "geometry": {"type": "LineString", "coordinates": [[141.338653, 43.062669], [141.33882, 43.062692], [141.339991, 43.06285], [141.340208, 43.062879]]}, "properties": {"link_id": "K00433", "street": "北3条通", "street_kind": "格子街路", "through": true, "axis": "EW", "length_m": 128.8, "road_category": "市区町村道等", "road_state": "通常部", "width_class": "19.5m以上", "assign_err_m": 5.6}}, {"type": "Feature", "geometry": {"type": "LineString", "coordinates": [[141.348589, 43.061621], [141.348698, 43.061638], [141.35, 43.061815], [141.350143, 43.061834]]}, "properties": {"link_id": "K00434", "street": "北1条通", "street_kind": "格子街路", "through": true, "axis": "EW", "length_m": 128.8, "road_category": "国道", "road_state": "通常部", "width_class": "19.5m以上", "assign_err_m": 2.7}}, {"type": "Feature", "geometry": {"type": "LineString", "coordinates": [[141.347398, 43.066328], [141.345842, 43.066122]]}, "properties": {"link_id": "K00436", "street": "北5条通", "street_kind": "格子街路", "through": true, "axis": "EW", "length_m": 128.8, "road_category": "市区町村道等", "road_state": "通常部", "width_class": "19.5m以上", "assign_err_m": 8.4}}, {"type": "Feature", "geometry": {"type": "LineString", "coordinates": [[141.353325, 43.05567], [141.351773, 43.05545]]}, "properties": {"link_id": "K00438", "street": "南4条通", "street_kind": "格子街路", "through": true, "axis": "EW", "length_m": 128.8, "road_category": "市区町村道等", "road_state": "通常部", "width_class": "19.5m以上", "assign_err_m": 17.0}}, {"type": "Feature", "geometry": {"type": "LineString", "coordinates": [[141.357209, 43.059634], [141.357325, 43.059164], [141.357498, 43.058494]]}, "properties": {"link_id": "K00439", "street": "西1丁目通", "street_kind": "格子街路", "through": true, "axis": "NS", "length_m": 128.8, "road_category": "市区町村道等", "road_state": "通常部", "width_class": "5.5m-13m未満", "assign_err_m": 1.0}}, {"type": "Feature", "geometry": {"type": "LineString", "coordinates": [[141.338051, 43.065059], [141.339604, 43.065274]]}, "properties": {"link_id": "K00441", "street": "北5条通", "street_kind": "格子街路", "through": true, "axis": "EW", "length_m": 128.8, "road_category": "市区町村道等", "road_state": "通常部", "width_class": "19.5m以上", "assign_err_m": 4.7}}, {"type": "Feature", "geometry": {"type": "LineString", "coordinates": [[141.354083, 43.052701], [141.355636, 43.052914]]}, "properties": {"link_id": "K00445", "street": "南7条通〜南6条通の裏通り", "street_kind": "裏通り", "through": true, "axis": "EW", "length_m": 128.8, "road_category": "市区町村道等", "road_state": "通常部", "width_class": "3m-5.5m未満", "assign_err_m": 7.9}}, {"type": "Feature", "geometry": {"type": "LineString", "coordinates": [[141.347546, 43.065764], [141.349101, 43.065971]]}, "properties": {"link_id": "K00449", "street": "北4条通〜北5条通の裏通り", "street_kind": "裏通り", "through": false, "axis": "EW", "length_m": 128.7, "road_category": "市区町村道等", "road_state": "通常部", "width_class": "3m-5.5m未満", "assign_err_m": 9.9}}, {"type": "Feature", "geometry": {"type": "LineString", "coordinates": [[141.339748, 43.064702], [141.338196, 43.064484]]}, "properties": {"link_id": "K00452", "street": "北4条通〜北5条通の裏通り", "street_kind": "裏通り", "through": false, "axis": "EW", "length_m": 128.7, "road_category": "市区町村道等", "road_state": "通常部", "width_class": "3m-5.5m未満", "assign_err_m": 4.9}}, {"type": "Feature", "geometry": {"type": "LineString", "coordinates": [[141.356687, 43.063902], [141.356946, 43.06276]]}, "properties": {"link_id": "K00456", "street": "西1丁目通〜東1丁目通の裏通り", "street_kind": "裏通り", "through": true, "axis": "NS", "length_m": 128.6, "road_category": "国道", "road_state": "通常部", "width_class": "5.5m-13m未満", "assign_err_m": 25.4}}, {"type": "Feature", "geometry": {"type": "LineString", "coordinates": [[141.346383, 43.057577], [141.346508, 43.0576], [141.347817, 43.057768], [141.347934, 43.057787]]}, "properties": {"link_id": "K00457", "street": "南2条通〜南1条通の裏通り", "street_kind": "裏通り", "through": true, "axis": "EW", "length_m": 128.6, "road_category": "市区町村道等", "road_state": "通常部", "width_class": "5.5m-13m未満", "assign_err_m": 1.7}}, {"type": "Feature", "geometry": {"type": "LineString", "coordinates": [[141.358473, 43.062971], [141.358333, 43.063548], [141.358198, 43.06411]]}, "properties": {"link_id": "K00461", "street": "東1丁目通〜東2丁目通の裏通り", "street_kind": "裏通り", "through": true, "axis": "NS", "length_m": 128.5, "road_category": "市区町村道等", "road_state": "通常部", "width_class": "13m-19.5m未満", "assign_err_m": 29.5}}, {"type": "Feature", "geometry": {"type": "LineString", "coordinates": [[141.34597, 43.052786], [141.347522, 43.052993]]}, "properties": {"link_id": "K00462", "street": "南6条通〜南5条通の裏通り", "street_kind": "裏通り", "through": true, "axis": "EW", "length_m": 128.5, "road_category": "市区町村道等", "road_state": "通常部", "width_class": "5.5m-13m未満", "assign_err_m": 3.4}}, {"type": "Feature", "geometry": {"type": "LineString", "coordinates": [[141.346533, 43.056997], [141.348084, 43.05721]]}, "properties": {"link_id": "K00463", "street": "南2条通", "street_kind": "格子街路", "through": true, "axis": "EW", "length_m": 128.5, "road_category": "市区町村道等", "road_state": "通常部", "width_class": "13m-19.5m未満", "assign_err_m": 1.1}}, {"type": "Feature", "geometry": {"type": "LineString", "coordinates": [[141.338955, 43.061492], [141.340503, 43.061709]]}, "properties": {"link_id": "K00469", "street": "北2条通", "street_kind": "格子街路", "through": true, "axis": "EW", "length_m": 128.4, "road_category": "市区町村道等", "road_state": "通常部", "width_class": "13m-19.5m未満", "assign_err_m": 8.3}}, {"type": "Feature", "geometry": {"type": "LineString", "coordinates": [[141.357437, 43.064003], [141.357553, 43.063472], [141.357708, 43.062865]]}, "properties": {"link_id": "K00470", "street": "東1丁目通", "street_kind": "格子街路", "through": true, "axis": "NS", "length_m": 128.4, "road_category": "市区町村道等", "road_state": "通常部", "width_class": "3m-5.5m未満", "assign_err_m": 28.2}}, {"type": "Feature", "geometry": {"type": "LineString", "coordinates": [[141.347398, 43.066328], [141.347312, 43.066667], [141.347109, 43.067464]]}, "properties": {"link_id": "K00471", "street": "西6丁目通", "street_kind": "格子街路", "through": true, "axis": "NS", "length_m": 128.4, "road_category": "市区町村道等", "road_state": "通常部", "width_class": "13m-19.5m未満", "assign_err_m": 7.3}}, {"type": "Feature", "geometry": {"type": "LineString", "coordinates": [[141.344737, 43.064122], [141.346282, 43.064349]]}, "properties": {"link_id": "K00472", "street": "北3条通〜北4条通の裏通り", "street_kind": "裏通り", "through": false, "axis": "EW", "length_m": 128.3, "road_category": "市区町村道等", "road_state": "通常部", "width_class": "3m-5.5m未満", "assign_err_m": 1.9}}, {"type": "Feature", "geometry": {"type": "LineString", "coordinates": [[141.353886, 43.053478], [141.352339, 43.053264]]}, "properties": {"link_id": "K00477", "street": "南6条通", "street_kind": "格子街路", "through": true, "axis": "EW", "length_m": 128.2, "road_category": "市区町村道等", "road_state": "通常部", "width_class": "3m未満", "assign_err_m": 29.6}}, {"type": "Feature", "geometry": {"type": "LineString", "coordinates": [[141.353897, 43.059778], [141.35235, 43.05957]]}, "properties": {"link_id": "K00480", "street": "南1条通〜大通の裏通り", "street_kind": "裏通り", "through": true, "axis": "EW", "length_m": 128.1, "road_category": "市区町村道等", "road_state": "通常部", "width_class": "3m-5.5m未満", "assign_err_m": 18.8}}, {"type": "Feature", "geometry": {"type": "LineString", "coordinates": [[141.351663, 43.055915], [141.353206, 43.056134]]}, "properties": {"link_id": "K00482", "street": "南4条通〜南3条通の裏通り", "street_kind": "裏通り", "through": true, "axis": "EW", "length_m": 128.1, "road_category": "市区町村道等", "road_state": "通常部", "width_class": "5.5m-13m未満", "assign_err_m": 4.5}}, {"type": "Feature", "geometry": {"type": "LineString", "coordinates": [[141.353937, 43.053274], [141.352391, 43.053067]]}, "properties": {"link_id": "K00485", "street": "南6条通", "street_kind": "格子街路", "through": true, "axis": "EW", "length_m": 128.0, "road_category": "市区町村道等", "road_state": "通常部", "width_class": "13m-19.5m未満", "assign_err_m": 6.9}}, {"type": "Feature", "geometry": {"type": "LineString", "coordinates": [[141.345487, 43.061203], [141.345641, 43.061224], [141.346952, 43.061399], [141.347032, 43.06141]]}, "properties": {"link_id": "K00487", "street": "北1条通", "street_kind": "格子街路", "through": true, "axis": "EW", "length_m": 127.9, "road_category": "国道", "road_state": "通常部", "width_class": "19.5m以上", "assign_err_m": 4.2}}, {"type": "Feature", "geometry": {"type": "LineString", "coordinates": [[141.354231, 43.05213], [141.35269, 43.051919]]}, "properties": {"link_id": "K00489", "street": "南7条通", "street_kind": "格子街路", "through": true, "axis": "EW", "length_m": 127.7, "road_category": "市区町村道等", "road_state": "通常部", "width_class": "13m-19.5m未満", "assign_err_m": 7.3}}, {"type": "Feature", "geometry": {"type": "LineString", "coordinates": [[141.354083, 43.052701], [141.352541, 43.052492]]}, "properties": {"link_id": "K00490", "street": "南7条通〜南6条通の裏通り", "street_kind": "裏通り", "through": true, "axis": "EW", "length_m": 127.7, "road_category": "市区町村道等", "road_state": "通常部", "width_class": "3m-5.5m未満", "assign_err_m": 7.0}}, {"type": "Feature", "geometry": {"type": "LineString", "coordinates": [[141.351525, 43.056489], [141.353064, 43.056705]]}, "properties": {"link_id": "K00491", "street": "南3条通", "street_kind": "格子街路", "through": true, "axis": "EW", "length_m": 127.7, "road_category": "市区町村道等", "road_state": "通常部", "width_class": "13m-19.5m未満", "assign_err_m": 4.1}}, {"type": "Feature", "geometry": {"type": "LineString", "coordinates": [[141.352774, 43.057853], [141.351238, 43.057642]]}, "properties": {"link_id": "K00496", "street": "南2条通", "street_kind": "格子街路", "through": true, "axis": "EW", "length_m": 127.3, "road_category": "市区町村道等", "road_state": "通常部", "width_class": "13m-19.5m未満", "assign_err_m": 4.1}}, {"type": "Feature", "geometry": {"type": "LineString", "coordinates": [[141.352634, 43.058414], [141.351983, 43.058333], [141.351094, 43.058221]]}, "properties": {"link_id": "K00497", "street": "南2条通〜南1条通の裏通り", "street_kind": "裏通り", "through": true, "axis": "EW", "length_m": 127.3, "road_category": "市区町村道等", "road_state": "通常部", "width_class": "5.5m-13m未満", "assign_err_m": 3.5}}, {"type": "Feature", "geometry": {"type": "LineString", "coordinates": [[141.352926, 43.057261], [141.35139, 43.057055]]}, "properties": {"link_id": "K00499", "street": "南3条通〜南2条通の裏通り", "street_kind": "裏通り", "through": true, "axis": "EW", "length_m": 127.2, "road_category": "市区町村道等", "road_state": "通常部", "width_class": "5.5m-13m未満", "assign_err_m": 2.4}}, {"type": "Feature", "geometry": {"type": "LineString", "coordinates": [[141.355052, 43.055139], [141.353518, 43.054926]]}, "properties": {"link_id": "K00500", "street": "南5条通〜南4条通の裏通り", "street_kind": "裏通り", "through": true, "axis": "EW", "length_m": 127.2, "road_category": "市区町村道等", "road_state": "通常部", "width_class": "3m-5.5m未満", "assign_err_m": 0.6}}, {"type": "Feature", "geometry": {"type": "LineString", "coordinates": [[141.339925, 43.064], [141.340208, 43.062879]]}, "properties": {"link_id": "K00504", "street": "西11丁目通", "street_kind": "格子街路", "through": true, "axis": "NS", "length_m": 126.6, "road_category": "都道府県道", "road_state": "通常部", "width_class": "19.5m以上", "assign_err_m": 1.3}}, {"type": "Feature", "geometry": {"type": "LineString", "coordinates": [[141.357893, 43.065292], [141.356368, 43.065082]]}, "properties": {"link_id": "K00505", "street": "北3条通", "street_kind": "格子街路", "through": true, "axis": "EW", "length_m": 126.4, "road_category": "市区町村道等", "road_state": "通常部", "width_class": "19.5m以上", "assign_err_m": 4.0}}, {"type": "Feature", "geometry": {"type": "LineString", "coordinates": [[141.355178, 43.054611], [141.353655, 43.054412]]}, "properties": {"link_id": "K00508", "street": "南5条通", "street_kind": "格子街路", "through": true, "axis": "EW", "length_m": 126.0, "road_category": "市区町村道等", "road_state": "通常部", "width_class": "13m-19.5m未満", "assign_err_m": 5.5}}, {"type": "Feature", "geometry": {"type": "LineString", "coordinates": [[141.345102, 43.056214], [141.343583, 43.056007]]}, "properties": {"link_id": "K00510", "street": "南3条通〜南2条通の裏通り", "street_kind": "裏通り", "through": true, "axis": "EW", "length_m": 125.9, "road_category": "市区町村道等", "road_state": "通常部", "width_class": "5.5m-13m未満", "assign_err_m": 0.1}}, {"type": "Feature", "geometry": {"type": "LineString", "coordinates": [[141.344972, 43.056787], [141.343452, 43.056583]]}, "properties": {"link_id": "K00511", "street": "南2条通", "street_kind": "格子街路", "through": true, "axis": "EW", "length_m": 125.9, "road_category": "市区町村道等", "road_state": "通常部", "width_class": "13m-19.5m未満", "assign_err_m": 0.2}}, {"type": "Feature", "geometry": {"type": "LineString", "coordinates": [[141.345351, 43.061847], [141.346872, 43.062044]]}, "properties": {"link_id": "K00513", "street": "北1条通〜北2条通の裏通り", "street_kind": "裏通り", "through": false, "axis": "EW", "length_m": 125.8, "road_category": "市区町村道等", "road_state": "通常部", "width_class": "3m-5.5m未満", "assign_err_m": 2.8}}, {"type": "Feature", "geometry": {"type": "LineString", "coordinates": [[141.350149, 43.050445], [141.350142, 43.051573]]}, "properties": {"link_id": "K00516", "street": "西7丁目通〜西6丁目通の裏通り", "street_kind": "裏通り", "through": false, "axis": "NS", "length_m": 125.4, "road_category": "市区町村道等", "road_state": "通常部", "width_class": "3m-5.5m未満", "assign_err_m": 21.7}}, {"type": "Feature", "geometry": {"type": "LineString", "coordinates": [[141.343871, 43.051299], [141.342349, 43.051183]]}, "properties": {"link_id": "K00520", "street": "南7条通〜南6条通の裏通り", "street_kind": "裏通り", "through": true, "axis": "EW", "length_m": 124.7, "road_category": "市区町村道等", "road_state": "通常部", "width_class": "3m-5.5m未満", "assign_err_m": 5.4}}, {"type": "Feature", "geometry": {"type": "LineString", "coordinates": [[141.34392, 43.050918], [141.34255, 43.050831], [141.342398, 43.050819]]}, "properties": {"link_id": "K00522", "street": "南7条通", "street_kind": "格子街路", "through": true, "axis": "EW", "length_m": 124.5, "road_category": "市区町村道等", "road_state": "通常部", "width_class": "3m-5.5m未満", "assign_err_m": 29.0}}, {"type": "Feature", "geometry": {"type": "LineString", "coordinates": [[141.342444, 43.050456], [141.342597, 43.050465], [141.343965, 43.050558]]}, "properties": {"link_id": "K00523", "street": "南7条通", "street_kind": "格子街路", "through": true, "axis": "EW", "length_m": 124.5, "road_category": "市区町村道等", "road_state": "通常部", "width_class": "3m-5.5m未満", "assign_err_m": 11.4}}, {"type": "Feature", "geometry": {"type": "LineString", "coordinates": [[141.343711, 43.062856], [141.343434, 43.062896], [141.343284, 43.06291], [141.343102, 43.062944], [141.34292, 43.062985], [141.342553, 43.063089], [141.342302, 43.063162], [141.342252, 43.063174]]}, "properties": {"link_id": "K00524", "street": "", "street_kind": "斜行・非格子", "through": false, "axis": "EW", "length_m": 124.4, "road_category": "市区町村道等", "road_state": "通常部", "width_class": "3m未満"}}, {"type": "Feature", "geometry": {"type": "LineString", "coordinates": [[141.357227, 43.053128], [141.358333, 43.05328], [141.358722, 43.053331]]}, "properties": {"link_id": "K00525", "street": "南7条通〜南6条通の裏通り", "street_kind": "裏通り", "through": true, "axis": "EW", "length_m": 123.9, "road_category": "市区町村道等", "road_state": "通常部", "width_class": "3m-5.5m未満", "assign_err_m": 9.3}}, {"type": "Feature", "geometry": {"type": "LineString", "coordinates": [[141.344654, 43.064745], [141.346136, 43.064944]]}, "properties": {"link_id": "K00534", "street": "北4条通", "street_kind": "格子街路", "through": true, "axis": "EW", "length_m": 122.7, "road_category": "市区町村道等", "road_state": "通常部", "width_class": "19.5m以上", "assign_err_m": 5.1}}, {"type": "Feature", "geometry": {"type": "LineString", "coordinates": [[141.344509, 43.06535], [141.345985, 43.06555]]}, "properties": {"link_id": "K00536", "street": "北4条通〜北5条通の裏通り", "street_kind": "裏通り", "through": false, "axis": "EW", "length_m": 122.3, "road_category": "市区町村道等", "road_state": "通常部", "width_class": "3m-5.5m未満", "assign_err_m": 8.4}}, {"type": "Feature", "geometry": {"type": "LineString", "coordinates": [[141.356249, 43.063951], [141.355976, 43.065032]]}, "properties": {"link_id": "K00537", "street": "西1丁目通", "street_kind": "格子街路", "through": true, "axis": "NS", "length_m": 122.1, "road_category": "市区町村道等", "road_state": "通常部", "width_class": "3m-5.5m未満", "assign_err_m": 5.9}}, {"type": "Feature", "geometry": {"type": "LineString", "coordinates": [[141.356253, 43.065068], [141.356521, 43.063986]]}, "properties": {"link_id": "K00538", "street": "西1丁目通", "street_kind": "格子街路", "through": true, "axis": "NS", "length_m": 122.1, "road_category": "市区町村道等", "road_state": "通常部", "width_class": "3m-5.5m未満", "assign_err_m": 28.6}}, {"type": "Feature", "geometry": {"type": "LineString", "coordinates": [[141.343795, 43.051953], [141.342314, 43.051829]]}, "properties": {"link_id": "K00542", "street": "南6条通", "street_kind": "格子街路", "through": true, "axis": "EW", "length_m": 121.5, "road_category": "市区町村道等", "road_state": "通常部", "width_class": "13m-19.5m未満", "assign_err_m": 12.2}}, {"type": "Feature", "geometry": {"type": "LineString", "coordinates": [[141.345842, 43.066122], [141.34438, 43.065925]]}, "properties": {"link_id": "K00545", "street": "北5条通", "street_kind": "格子街路", "through": true, "axis": "EW", "length_m": 121.0, "road_category": "市区町村道等", "road_state": "通常部", "width_class": "19.5m以上", "assign_err_m": 8.1}}, {"type": "Feature", "geometry": {"type": "LineString", "coordinates": [[141.347819, 43.065171], [141.349271, 43.06536]]}, "properties": {"link_id": "K00548", "street": "北4条通", "street_kind": "格子街路", "through": true, "axis": "EW", "length_m": 120.1, "road_category": "市区町村道等", "road_state": "通常部", "width_class": "19.5m以上", "assign_err_m": 5.9}}, {"type": "Feature", "geometry": {"type": "LineString", "coordinates": [[141.355476, 43.068514], [141.355723, 43.067453]]}, "properties": {"link_id": "K00551", "street": "西1丁目通〜東1丁目通の裏通り", "street_kind": "裏通り", "through": true, "axis": "NS", "length_m": 119.5, "road_category": "国道", "road_state": "通常部", "width_class": "5.5m-13m未満", "assign_err_m": 31.9}}, {"type": "Feature", "geometry": {"type": "LineString", "coordinates": [[141.345573, 43.067179], [141.345702, 43.066667], [141.345842, 43.066122]]}, "properties": {"link_id": "K00552", "street": "西7丁目通", "street_kind": "格子街路", "through": true, "axis": "NS", "length_m": 119.5, "road_category": "市区町村道等", "road_state": "通常部", "width_class": "13m-19.5m未満", "assign_err_m": 6.2}}, {"type": "Feature", "geometry": {"type": "LineString", "coordinates": [[141.345005, 43.06353], [141.346444, 43.063733]]}, "properties": {"link_id": "K00553", "street": "北3条通", "street_kind": "格子街路", "through": true, "axis": "EW", "length_m": 119.3, "road_category": "市区町村道等", "road_state": "通常部", "width_class": "5.5m-13m未満", "assign_err_m": 2.3}}, {"type": "Feature", "geometry": {"type": "LineString", "coordinates": [[141.346136, 43.064944], [141.347573, 43.065137]]}, "properties": {"link_id": "K00554", "street": "北4条通", "street_kind": "格子街路", "through": true, "axis": "EW", "length_m": 119.0, "road_category": "市区町村道等", "road_state": "通常部", "width_class": "19.5m以上", "assign_err_m": 5.5}}, {"type": "Feature", "geometry": {"type": "LineString", "coordinates": [[141.342835, 43.058867], [141.344268, 43.059067]]}, "properties": {"link_id": "K00556", "street": "", "street_kind": "格子外", "through": false, "axis": "EW", "length_m": 118.8, "road_category": "市区町村道等", "road_state": "通常部", "width_class": "19.5m以上", "assign_err_m": 41.4}}, {"type": "Feature", "geometry": {"type": "LineString", "coordinates": [[141.359899, 43.054077], [141.360005, 43.053628], [141.360104, 43.053288], [141.360076, 43.053182], [141.359885, 43.053223]]}, "properties": {"link_id": "K00561", "street": "東1丁目通", "street_kind": "格子街路", "through": true, "axis": "NS", "length_m": 117.4, "road_category": "市区町村道等", "road_state": "通常部", "width_class": "3m-5.5m未満", "assign_err_m": 24.4}}, {"type": "Feature", "geometry": {"type": "LineString", "coordinates": [[141.359046, 43.057517], [141.35907, 43.057428], [141.359303, 43.056478]]}, "properties": {"link_id": "K00562", "street": "東1丁目通", "street_kind": "格子街路", "through": true, "axis": "NS", "length_m": 117.4, "road_category": "市区町村道等", "road_state": "通常部", "width_class": "3m-5.5m未満", "assign_err_m": 25.2}}, {"type": "Feature", "geometry": {"type": "LineString", "coordinates": [[141.34438, 43.065925], [141.344185, 43.066667], [141.344107, 43.066963]]}, "properties": {"link_id": "K00563", "street": "西8丁目通", "street_kind": "格子街路", "through": true, "axis": "NS", "length_m": 117.4, "road_category": "市区町村道等", "road_state": "通常部", "width_class": "3m-5.5m未満", "assign_err_m": 2.5}}, {"type": "Feature", "geometry": {"type": "LineString", "coordinates": [[141.340503, 43.061709], [141.340241, 43.062745]]}, "properties": {"link_id": "K00566", "street": "西11丁目通", "street_kind": "格子街路", "through": true, "axis": "NS", "length_m": 117.1, "road_category": "都道府県道", "road_state": "通常部", "width_class": "19.5m以上", "assign_err_m": 0.6}}, {"type": "Feature", "geometry": {"type": "LineString", "coordinates": [[141.357382, 43.05251], [141.357537, 43.052533], [141.357998, 43.052594], [141.358333, 43.05264], [141.358794, 43.052701]]}, "properties": {"link_id": "K00569", "street": "南7条通", "street_kind": "格子街路", "through": true, "axis": "EW", "length_m": 116.9, "road_category": "市区町村道等", "road_state": "通常部", "width_class": "5.5m-13m未満", "assign_err_m": 4.5}}, {"type": "Feature", "geometry": {"type": "LineString", "coordinates": [[141.357043, 43.057242], [141.357294, 43.056208]]}, "properties": {"link_id": "K00571", "street": "西2丁目通〜西1丁目通の裏通り", "street_kind": "裏通り", "through": false, "axis": "NS", "length_m": 116.6, "road_category": "市区町村道等", "road_state": "通常部", "width_class": "3m-5.5m未満", "assign_err_m": 3.5}}, {"type": "Feature", "geometry": {"type": "LineString", "coordinates": [[141.339722, 43.058446], [141.341127, 43.05864]]}, "properties": {"link_id": "K00572", "street": "", "street_kind": "格子外", "through": false, "axis": "EW", "length_m": 116.5, "road_category": "市区町村道等", "road_state": "通常部", "width_class": "19.5m以上", "assign_err_m": 39.9}}, {"type": "Feature", "geometry": {"type": "LineString", "coordinates": [[141.339862, 43.057877], [141.341269, 43.058056]]}, "properties": {"link_id": "K00573", "street": "南1条通〜大通の裏通り", "street_kind": "裏通り", "through": true, "axis": "EW", "length_m": 116.3, "road_category": "市区町村道等", "road_state": "通常部", "width_class": "5.5m-13m未満", "assign_err_m": 25.1}}, {"type": "Feature", "geometry": {"type": "LineString", "coordinates": [[141.358227, 43.056098], [141.358333, 43.055667], [141.358355, 43.055578], [141.358481, 43.055068]]}, "properties": {"link_id": "K00574", "street": "西1丁目通", "street_kind": "格子街路", "through": true, "axis": "NS", "length_m": 116.3, "road_category": "市区町村道等", "road_state": "通常部", "width_class": "3m-5.5m未満", "assign_err_m": 11.2}}, {"type": "Feature", "geometry": {"type": "LineString", "coordinates": [[141.35858, 43.056387], [141.35836, 43.057158], [141.358333, 43.057288], [141.358308, 43.057413]]}, "properties": {"link_id": "K00575", "street": "西1丁目通〜東1丁目通の裏通り", "street_kind": "裏通り", "through": true, "axis": "NS", "length_m": 116.2, "road_category": "市区町村道等", "road_state": "通常部", "width_class": "5.5m-13m未満", "assign_err_m": 21.4}}, {"type": "Feature", "geometry": {"type": "LineString", "coordinates": [[141.360077, 43.056592], [141.359825, 43.057621]]}, "properties": {"link_id": "K00576", "street": "東1丁目通〜東2丁目通の裏通り", "street_kind": "裏通り", "through": true, "axis": "NS", "length_m": 116.2, "road_category": "市区町村道等", "road_state": "通常部", "width_class": "13m-19.5m未満", "assign_err_m": 25.9}}, {"type": "Feature", "geometry": {"type": "LineString", "coordinates": [[141.358034, 43.056311], [141.357787, 43.05734]]}, "properties": {"link_id": "K00577", "street": "西1丁目通", "street_kind": "格子街路", "through": true, "axis": "NS", "length_m": 116.1, "road_category": "市区町村道等", "road_state": "通常部", "width_class": "5.5m-13m未満", "assign_err_m": 0.0}}, {"type": "Feature", "geometry": {"type": "LineString", "coordinates": [[141.3585, 43.056133], [141.358764, 43.055107]]}, "properties": {"link_id": "K00578", "street": "西1丁目通〜東1丁目通の裏通り", "street_kind": "裏通り", "through": true, "axis": "NS", "length_m": 116.0, "road_category": "市区町村道等", "road_state": "通常部", "width_class": "3m-5.5m未満", "assign_err_m": 30.8}}, {"type": "Feature", "geometry": {"type": "LineString", "coordinates": [[141.343701, 43.052741], [141.342557, 43.052667], [141.342284, 43.052653]]}, "properties": {"link_id": "K00579", "street": "南5条通", "street_kind": "格子街路", "through": true, "axis": "EW", "length_m": 115.8, "road_category": "市区町村道等", "road_state": "通常部", "width_class": "3m-5.5m未満", "assign_err_m": 28.9}}, {"type": "Feature", "geometry": {"type": "LineString", "coordinates": [[141.342187, 43.053366], [141.342477, 43.053379], [141.343603, 43.053458]]}, "properties": {"link_id": "K00580", "street": "南5条通〜南4条通の裏通り", "street_kind": "裏通り", "through": true, "axis": "EW", "length_m": 115.8, "road_category": "市区町村道等", "road_state": "通常部", "width_class": "3m-5.5m未満", "assign_err_m": 14.5}}, {"type": "Feature", "geometry": {"type": "LineString", "coordinates": [[141.341404, 43.057492], [141.340009, 43.057295]]}, "properties": {"link_id": "K00581", "street": "南1条通", "street_kind": "格子街路", "through": true, "axis": "EW", "length_m": 115.8, "road_category": "市区町村道等", "road_state": "通常部", "width_class": "19.5m以上", "assign_err_m": 2.4}}, {"type": "Feature", "geometry": {"type": "LineString", "coordinates": [[141.359885, 43.053223], [141.359429, 43.053326], [141.359386, 43.053342], [141.359364, 43.053366], [141.35935, 43.053396], [141.359215, 43.053983]]}, "properties": {"link_id": "K00583", "street": "西1丁目通〜東1丁目通の裏通り", "street_kind": "裏通り", "through": true, "axis": "NS", "length_m": 115.7, "road_category": "市区町村道等", "road_state": "通常部", "width_class": "3m-5.5m未満", "assign_err_m": 16.3}}, {"type": "Feature", "geometry": {"type": "LineString", "coordinates": [[141.343649, 43.053104], [141.342513, 43.053024], [141.342235, 43.053012]]}, "properties": {"link_id": "K00584", "street": "南5条通", "street_kind": "格子街路", "through": true, "axis": "EW", "length_m": 115.7, "road_category": "市区町村道等", "road_state": "通常部", "width_class": "3m-5.5m未満", "assign_err_m": 11.1}}, {"type": "Feature", "geometry": {"type": "LineString", "coordinates": [[141.344096, 43.054519], [141.345278, 43.054609], [141.345505, 43.054627]]}, "properties": {"link_id": "K00586", "street": "南4条通", "street_kind": "格子街路", "through": true, "axis": "EW", "length_m": 115.4, "road_category": "市区町村道等", "road_state": "通常部", "width_class": "19.5m以上", "assign_err_m": 20.4}}, {"type": "Feature", "geometry": {"type": "LineString", "coordinates": [[141.34154, 43.056919], [141.340152, 43.056728]]}, "properties": {"link_id": "K00587", "street": "南2条通〜南1条通の裏通り", "street_kind": "裏通り", "through": true, "axis": "EW", "length_m": 115.0, "road_category": "市区町村道等", "road_state": "通常部", "width_class": "5.5m-13m未満", "assign_err_m": 1.7}}, {"type": "Feature", "geometry": {"type": "LineString", "coordinates": [[141.340296, 43.056151], [141.341667, 43.056334], [141.341681, 43.056337]]}, "properties": {"link_id": "K00588", "street": "南2条通", "street_kind": "格子街路", "through": true, "axis": "EW", "length_m": 114.7, "road_category": "市区町村道等", "road_state": "通常部", "width_class": "13m-19.5m未満", "assign_err_m": 2.1}}, {"type": "Feature", "geometry": {"type": "LineString", "coordinates": [[141.344014, 43.059809], [141.342643, 43.059624]]}, "properties": {"link_id": "K00590", "street": "", "street_kind": "格子外", "through": false, "axis": "EW", "length_m": 113.5, "road_category": "市区町村道等", "road_state": "通常部", "width_class": "5.5m-13m未満", "assign_err_m": 39.0}}, {"type": "Feature", "geometry": {"type": "LineString", "coordinates": [[141.342802, 43.062282], [141.342771, 43.062278], [141.342726, 43.062279], [141.342696, 43.062283], [141.342675, 43.06229], [141.342658, 43.062302], [141.342643, 43.062314], [141.342542, 43.062453], [141.342515, 43.062578], [141.342509, 43.062588], [141.342195, 43.062736], [141.342106, 43.062776], [141.341965, 43.062826], [141.341903, 43.062874], [141.341869, 43.062893], [141.341849, 43.062915]]}, "properties": {"link_id": "K00594", "street": "", "street_kind": "斜行・非格子", "through": false, "axis": "EW", "length_m": 112.5, "road_category": "市区町村道等", "road_state": "通常部", "width_class": "3m未満"}}, {"type": "Feature", "geometry": {"type": "LineString", "coordinates": [[141.340584, 43.05501], [141.341667, 43.055157], [141.341668, 43.055157], [141.341939, 43.055193]]}, "properties": {"link_id": "K00597", "street": "南3条通", "street_kind": "格子街路", "through": true, "axis": "EW", "length_m": 112.2, "road_category": "市区町村道等", "road_state": "通常部", "width_class": "19.5m以上", "assign_err_m": 0.9}}, {"type": "Feature", "geometry": {"type": "LineString", "coordinates": [[141.360222, 43.052966], [141.359527, 43.053122], [141.359405, 43.053166], [141.359346, 43.053196], [141.359313, 43.053225], [141.359291, 43.053247], [141.359256, 43.053293], [141.359159, 43.053481]]}, "properties": {"link_id": "K00601", "street": "", "street_kind": "斜行・非格子", "through": false, "axis": "EW", "length_m": 111.6, "road_category": "市区町村道等", "road_state": "通常部", "width_class": "5.5m-13m未満"}}, {"type": "Feature", "geometry": {"type": "LineString", "coordinates": [[141.347556, 43.064305], [141.347643, 43.06396], [141.347655, 43.063909], [141.347722, 43.063667], [141.347926, 43.063574], [141.348039, 43.063584], [141.348133, 43.063535]]}, "properties": {"link_id": "K00603", "street": "西6丁目通", "street_kind": "格子街路", "through": true, "axis": "NS", "length_m": 110.4, "road_category": "市区町村道等", "road_state": "通常部", "width_class": "3m未満", "assign_err_m": 30.4}}, {"type": "Feature", "geometry": {"type": "LineString", "coordinates": [[141.352462, 43.053715], [141.353782, 43.05389]]}, "properties": {"link_id": "K00606", "street": "南6条通〜南5条通の裏通り", "street_kind": "裏通り", "through": true, "axis": "EW", "length_m": 109.3, "road_category": "市区町村道等", "road_state": "通常部", "width_class": "3m-5.5m未満", "assign_err_m": 11.6}}, {"type": "Feature", "geometry": {"type": "LineString", "coordinates": [[141.358681, 43.062097], [141.358937, 43.061143]]}, "properties": {"link_id": "K00614", "street": "東1丁目通〜東2丁目通の裏通り", "street_kind": "裏通り", "through": true, "axis": "NS", "length_m": 108.0, "road_category": "市区町村道等", "road_state": "通常部", "width_class": "13m-19.5m未満", "assign_err_m": 29.1}}, {"type": "Feature", "geometry": {"type": "LineString", "coordinates": [[141.350785, 43.066786], [141.352086, 43.06696]]}, "properties": {"link_id": "K00615", "street": "北5条通", "street_kind": "格子街路", "through": true, "axis": "EW", "length_m": 107.7, "road_category": "市区町村道等", "road_state": "通常部", "width_class": "19.5m以上", "assign_err_m": 10.2}}, {"type": "Feature", "geometry": {"type": "LineString", "coordinates": [[141.358959, 43.052714], [141.358479, 43.051811]]}, "properties": {"link_id": "K00616", "street": "", "street_kind": "斜行・非格子", "through": false, "axis": "NS", "length_m": 107.7, "road_category": "市区町村道等", "road_state": "通常部", "width_class": "5.5m-13m未満"}}, {"type": "Feature", "geometry": {"type": "LineString", "coordinates": [[141.35815, 43.061036], [141.357919, 43.061989]]}, "properties": {"link_id": "K00618", "street": "東1丁目通", "street_kind": "格子街路", "through": true, "axis": "NS", "length_m": 107.6, "road_category": "市区町村道等", "road_state": "通常部", "width_class": "3m-5.5m未満", "assign_err_m": 28.4}}, {"type": "Feature", "geometry": {"type": "LineString", "coordinates": [[141.34524, 43.055636], [141.343954, 43.055463]]}, "properties": {"link_id": "K00622", "street": "南3条通", "street_kind": "格子街路", "through": true, "axis": "EW", "length_m": 106.5, "road_category": "市区町村道等", "road_state": "通常部", "width_class": "13m-19.5m未満", "assign_err_m": 0.1}}, {"type": "Feature", "geometry": {"type": "LineString", "coordinates": [[141.356377, 43.065704], [141.356838, 43.065769], [141.356696, 43.066373]]}, "properties": {"link_id": "K00623", "street": "西1丁目通〜東1丁目通の裏通り", "street_kind": "裏通り", "through": true, "axis": "NS", "length_m": 106.3, "road_category": "市区町村道等", "road_state": "通常部", "width_class": "3m-5.5m未満", "assign_err_m": 24.3}}, {"type": "Feature", "geometry": {"type": "LineString", "coordinates": [[141.344096, 43.054519], [141.343954, 43.055463]]}, "properties": {"link_id": "K00625", "street": "西10丁目通", "street_kind": "格子街路", "through": true, "axis": "NS", "length_m": 105.6, "road_category": "市区町村道等", "road_state": "通常部", "width_class": "3m未満", "assign_err_m": 20.6}}, {"type": "Feature", "geometry": {"type": "LineString", "coordinates": [[141.343729, 43.055433], [141.343756, 43.055363], [141.343705, 43.055208], [141.34378, 43.054497]]}, "properties": {"link_id": "K00629", "street": "西10丁目通", "street_kind": "格子街路", "through": true, "axis": "NS", "length_m": 105.0, "road_category": "市区町村道等", "road_state": "通常部", "width_class": "3m-5.5m未満", "assign_err_m": 2.7}}, {"type": "Feature", "geometry": {"type": "LineString", "coordinates": [[141.350629, 43.059928], [141.35, 43.059842], [141.349368, 43.059756]]}, "properties": {"link_id": "K00632", "street": "", "street_kind": "格子外", "through": false, "axis": "EW", "length_m": 104.4, "road_category": "市区町村道等", "road_state": "通常部", "width_class": "19.5m以上", "assign_err_m": 43.1}}, {"type": "Feature", "geometry": {"type": "LineString", "coordinates": [[141.354762, 43.061805], [141.354216, 43.061728], [141.354313, 43.061326], [141.35434, 43.06121]]}, "properties": {"link_id": "K00636", "street": "西3丁目通〜西2丁目通の裏通り", "street_kind": "裏通り", "through": false, "axis": "NS", "length_m": 103.7, "road_category": "市区町村道等", "road_state": "通常部", "width_class": "5.5m-13m未満", "assign_err_m": 5.4}}, {"type": "Feature", "geometry": {"type": "LineString", "coordinates": [[141.357048, 43.068587], [141.357278, 43.067672]]}, "properties": {"link_id": "K00639", "street": "東1丁目通", "street_kind": "格子街路", "through": true, "axis": "NS", "length_m": 103.4, "road_category": "市区町村道等", "road_state": "通常部", "width_class": "13m-19.5m未満", "assign_err_m": 31.3}}, {"type": "Feature", "geometry": {"type": "LineString", "coordinates": [[141.342796, 43.065206], [141.343034, 43.064849], [141.343099, 43.064744], [141.343162, 43.064613], [141.343243, 43.064474], [141.343322, 43.064371]]}, "properties": {"link_id": "K00643", "street": "西9丁目通", "street_kind": "格子街路", "through": true, "axis": "NS", "length_m": 102.3, "road_category": "市区町村道等", "road_state": "通常部", "width_class": "3m未満", "assign_err_m": 5.2}}, {"type": "Feature", "geometry": {"type": "LineString", "coordinates": [[141.343825, 43.065847], [141.34261, 43.065682]]}, "properties": {"link_id": "K00650", "street": "北5条通", "street_kind": "格子街路", "through": true, "axis": "EW", "length_m": 100.7, "road_category": "市区町村道等", "road_state": "通常部", "width_class": "19.5m以上", "assign_err_m": 7.0}}, {"type": "Feature", "geometry": {"type": "LineString", "coordinates": [[141.34098, 43.059829], [141.34117, 43.059873], [141.341227, 43.059896], [141.341257, 43.05992], [141.341295, 43.05996], [141.341348, 43.060013], [141.341401, 43.059817], [141.341485, 43.059466]]}, "properties": {"link_id": "K00654", "street": "西11丁目通〜西10丁目通の裏通り", "street_kind": "裏通り", "through": true, "axis": "NS", "length_m": 99.6, "road_category": "市区町村道等", "road_state": "通常部", "width_class": "3m未満", "assign_err_m": 31.0}}, {"type": "Feature", "geometry": {"type": "LineString", "coordinates": [[141.357161, 43.06188], [141.356946, 43.06276]]}, "properties": {"link_id": "K00655", "street": "西1丁目通〜東1丁目通の裏通り", "street_kind": "裏通り", "through": true, "axis": "NS", "length_m": 99.3, "road_category": "市区町村道等", "road_state": "通常部", "width_class": "5.5m-13m未満", "assign_err_m": 26.2}}, {"type": "Feature", "geometry": {"type": "LineString", "coordinates": [[141.357919, 43.061989], [141.357708, 43.062865]]}, "properties": {"link_id": "K00658", "street": "東1丁目通", "street_kind": "格子街路", "through": true, "axis": "NS", "length_m": 98.8, "road_category": "市区町村道等", "road_state": "通常部", "width_class": "3m-5.5m未満", "assign_err_m": 28.1}}, {"type": "Feature", "geometry": {"type": "LineString", "coordinates": [[141.358473, 43.062971], [141.358681, 43.062097]]}, "properties": {"link_id": "K00660", "street": "東1丁目通〜東2丁目通の裏通り", "street_kind": "裏通り", "through": true, "axis": "NS", "length_m": 98.6, "road_category": "市区町村道等", "road_state": "通常部", "width_class": "13m-19.5m未満", "assign_err_m": 29.9}}, {"type": "Feature", "geometry": {"type": "LineString", "coordinates": [[141.341485, 43.059466], [141.341667, 43.059492], [141.342643, 43.059624]]}, "properties": {"link_id": "K00673", "street": "", "street_kind": "格子外", "through": false, "axis": "EW", "length_m": 95.9, "road_category": "市区町村道等", "road_state": "通常部", "width_class": "5.5m-13m未満", "assign_err_m": 38.5}}, {"type": "Feature", "geometry": {"type": "LineString", "coordinates": [[141.345219, 43.062682], [141.345005, 43.06353]]}, "properties": {"link_id": "K00675", "street": "西8丁目通", "street_kind": "格子街路", "through": true, "axis": "NS", "length_m": 95.8, "road_category": "市区町村道等", "road_state": "通常部", "width_class": "5.5m-13m未満", "assign_err_m": 6.8}}, {"type": "Feature", "geometry": {"type": "LineString", "coordinates": [[141.355588, 43.061378], [141.356713, 43.06153]]}, "properties": {"link_id": "K00685", "street": "", "street_kind": "格子外", "through": false, "axis": "EW", "length_m": 93.1, "road_category": "市区町村道等", "road_state": "通常部", "width_class": "5.5m-13m未満", "assign_err_m": 42.6}}, {"type": "Feature", "geometry": {"type": "LineString", "coordinates": [[141.341939, 43.055193], [141.341948, 43.055124], [141.34204, 43.054453], [141.342051, 43.054366]]}, "properties": {"link_id": "K00691", "street": "西11丁目通", "street_kind": "格子街路", "through": true, "axis": "NS", "length_m": 92.4, "road_category": "国道", "road_state": "通常部", "width_class": "19.5m以上", "assign_err_m": 16.4}}, {"type": "Feature", "geometry": {"type": "LineString", "coordinates": [[141.34187, 43.064645], [141.341851, 43.064724], [141.341838, 43.064799], [141.341808, 43.064864], [141.341667, 43.064991], [141.341447, 43.06517], [141.34141, 43.065192], [141.341375, 43.065202], [141.341339, 43.065205], [141.341297, 43.065203], [141.34125, 43.065194], [141.341209, 43.065176]]}, "properties": {"link_id": "K00699", "street": "西10丁目通", "street_kind": "格子街路", "through": true, "axis": "NS", "length_m": 91.1, "road_category": "市区町村道等", "road_state": "通常部", "width_class": "3m未満", "assign_err_m": 28.4}}, {"type": "Feature", "geometry": {"type": "LineString", "coordinates": [[141.341184, 43.060615], [141.341308, 43.060159], [141.341257, 43.060196], [141.341192, 43.060235], [141.341142, 43.060246], [141.340885, 43.060218]]}, "properties": {"link_id": "K00706", "street": "西11丁目通〜西10丁目通の裏通り", "street_kind": "裏通り", "through": true, "axis": "NS", "length_m": 89.8, "road_category": "市区町村道等", "road_state": "通常部", "width_class": "3m未満", "assign_err_m": 32.2}}, {"type": "Feature", "geometry": {"type": "LineString", "coordinates": [[141.346644, 43.062948], [141.346444, 43.063733]]}, "properties": {"link_id": "K00712", "street": "西7丁目通", "street_kind": "格子街路", "through": true, "axis": "NS", "length_m": 88.7, "road_category": "市区町村道等", "road_state": "通常部", "width_class": "5.5m-13m未満", "assign_err_m": 3.9}}, {"type": "Feature", "geometry": {"type": "LineString", "coordinates": [[141.343795, 43.051953], [141.343788, 43.052065], [141.343701, 43.052741]]}, "properties": {"link_id": "K00719", "street": "西11丁目通〜西10丁目通の裏通り", "street_kind": "裏通り", "through": true, "axis": "NS", "length_m": 87.9, "road_category": "市区町村道等", "road_state": "通常部", "width_class": "3m-5.5m未満", "assign_err_m": 11.8}}, {"type": "Feature", "geometry": {"type": "LineString", "coordinates": [[141.345802, 43.050497], [141.34474, 43.05042]]}, "properties": {"link_id": "K00730", "street": "南8条通〜南7条通の裏通り", "street_kind": "裏通り", "through": false, "axis": "EW", "length_m": 87.0, "road_category": "市区町村道等", "road_state": "通常部", "width_class": "3m-5.5m未満", "assign_err_m": 18.7}}, {"type": "Feature", "geometry": {"type": "LineString", "coordinates": [[141.353325, 43.05567], [141.353518, 43.054926]]}, "properties": {"link_id": "K00738", "street": "西4丁目通", "street_kind": "格子街路", "through": true, "axis": "NS", "length_m": 84.1, "road_category": "市区町村道等", "road_state": "通常部", "width_class": "19.5m以上", "assign_err_m": 0.1}}, {"type": "Feature", "geometry": {"type": "LineString", "coordinates": [[141.356713, 43.06153], [141.356847, 43.060992], [141.356896, 43.060795]]}, "properties": {"link_id": "K00745", "street": "西1丁目通", "street_kind": "格子街路", "through": true, "axis": "NS", "length_m": 83.0, "road_category": "市区町村道等", "road_state": "通常部", "width_class": "5.5m-13m未満", "assign_err_m": 3.8}}, {"type": "Feature", "geometry": {"type": "LineString", "coordinates": [[141.340428, 43.063894], [141.340352, 43.063899], [141.340332, 43.063925], [141.340281, 43.064014], [141.340273, 43.064032], [141.340257, 43.064125], [141.340235, 43.064269], [141.340219, 43.064373], [141.340354, 43.064383], [141.34049, 43.064391]]}, "properties": {"link_id": "K00749", "street": "西11丁目通", "street_kind": "格子街路", "through": true, "axis": "NS", "length_m": 82.6, "road_category": "市区町村道等", "road_state": "通常部", "width_class": "3m未満", "assign_err_m": 28.1}}, {"type": "Feature", "geometry": {"type": "LineString", "coordinates": [[141.353655, 43.054412], [141.352675, 43.054281]]}, "properties": {"link_id": "K00752", "street": "南5条通", "street_kind": "格子街路", "through": true, "axis": "EW", "length_m": 81.2, "road_category": "市区町村道等", "road_state": "通常部", "width_class": "13m-19.5m未満", "assign_err_m": 5.4}}, {"type": "Feature", "geometry": {"type": "LineString", "coordinates": [[141.352546, 43.054794], [141.353518, 43.054926]]}, "properties": {"link_id": "K00759", "street": "南5条通〜南4条通の裏通り", "street_kind": "裏通り", "through": true, "axis": "EW", "length_m": 80.6, "road_category": "市区町村道等", "road_state": "通常部", "width_class": "3m-5.5m未満", "assign_err_m": 1.4}}, {"type": "Feature", "geometry": {"type": "LineString", "coordinates": [[141.349186, 43.0641], [141.349157, 43.064146], [141.349098, 43.064179], [141.349022, 43.064206], [141.348504, 43.064334], [141.348323, 43.064411]]}, "properties": {"link_id": "K00764", "street": "", "street_kind": "斜行・非格子", "through": false, "axis": "EW", "length_m": 80.2, "road_category": "市区町村道等", "road_state": "通常部", "width_class": "3m-5.5m未満"}}, {"type": "Feature", "geometry": {"type": "LineString", "coordinates": [[141.342172, 43.063127], [141.341939, 43.063156], [141.34184, 43.063177], [141.341749, 43.063208], [141.341667, 43.063245], [141.34155, 43.063315], [141.341484, 43.063349], [141.341433, 43.063366], [141.341365, 43.063377], [141.341275, 43.063388]]}, "properties": {"link_id": "K00765", "street": "", "street_kind": "斜行・非格子", "through": false, "axis": "EW", "length_m": 80.1, "road_category": "市区町村道等", "road_state": "通常部", "width_class": "3m未満"}}, {"type": "Feature", "geometry": {"type": "LineString", "coordinates": [[141.341648, 43.065548], [141.341667, 43.06555], [141.342226, 43.065628], [141.34261, 43.065682]]}, "properties": {"link_id": "K00768", "street": "北5条通", "street_kind": "格子街路", "through": true, "axis": "EW", "length_m": 79.7, "road_category": "市区町村道等", "road_state": "通常部", "width_class": "19.5m以上", "assign_err_m": 6.2}}, {"type": "Feature", "geometry": {"type": "LineString", "coordinates": [[141.342191, 43.06354], [141.342325, 43.063515], [141.34248, 43.063497], [141.342706, 43.063496], [141.342843, 43.063476], [141.342927, 43.063443], [141.343025, 43.063387], [141.343098, 43.063368]]}, "properties": {"link_id": "K00777", "street": "北3条通", "street_kind": "格子街路", "through": true, "axis": "EW", "length_m": 78.0, "road_category": "市区町村道等", "road_state": "通常部", "width_class": "3m未満", "assign_err_m": 26.6}}, {"type": "Feature", "geometry": {"type": "LineString", "coordinates": [[141.356489, 43.056097], [141.356657, 43.055408]]}, "properties": {"link_id": "K00781", "street": "西2丁目通", "street_kind": "格子街路", "through": true, "axis": "NS", "length_m": 77.8, "road_category": "市区町村道等", "road_state": "通常部", "width_class": "19.5m以上", "assign_err_m": 1.7}}, {"type": "Feature", "geometry": {"type": "LineString", "coordinates": [[141.352086, 43.06696], [141.351997, 43.067291], [141.351927, 43.067551], [141.351926, 43.067569], [141.35193, 43.067582], [141.351941, 43.067593], [141.351961, 43.067599], [141.35201, 43.067606]]}, "properties": {"link_id": "K00783", "street": "西3丁目通", "street_kind": "格子街路", "through": true, "axis": "NS", "length_m": 77.7, "road_category": "市区町村道等", "road_state": "通常部", "width_class": "13m-19.5m未満", "assign_err_m": 9.2}}, {"type": "Feature", "geometry": {"type": "LineString", "coordinates": [[141.349186, 43.0641], [141.349188, 43.064059], [141.349157, 43.064014], [141.348506, 43.063637]]}, "properties": {"link_id": "K00784", "street": "", "street_kind": "斜行・非格子", "through": false, "axis": "EW", "length_m": 77.6, "road_category": "市区町村道等", "road_state": "通常部", "width_class": "3m-5.5m未満"}}, {"type": "Feature", "geometry": {"type": "LineString", "coordinates": [[141.343694, 43.063111], [141.343777, 43.063121], [141.343886, 43.063151], [141.344085, 43.063224], [141.344298, 43.063312], [141.344444, 43.063388], [141.344518, 43.063443]]}, "properties": {"link_id": "K00785", "street": "北3条通", "street_kind": "格子街路", "through": true, "axis": "EW", "length_m": 77.6, "road_category": "市区町村道等", "road_state": "通常部", "width_class": "3m未満", "assign_err_m": 20.9}}, {"type": "Feature", "geometry": {"type": "LineString", "coordinates": [[141.345589, 43.052138], [141.345677, 43.051444]]}, "properties": {"link_id": "K00786", "street": "西10丁目通〜西9丁目通の裏通り", "street_kind": "裏通り", "through": false, "axis": "NS", "length_m": 77.5, "road_category": "市区町村道等", "road_state": "通常部", "width_class": "3m-5.5m未満", "assign_err_m": 21.8}}, {"type": "Feature", "geometry": {"type": "LineString", "coordinates": [[141.350366, 43.054553], [141.350191, 43.055238]]}, "properties": {"link_id": "K00787", "street": "西6丁目通", "street_kind": "格子街路", "through": true, "axis": "NS", "length_m": 77.5, "road_category": "市区町村道等", "road_state": "通常部", "width_class": "13m-19.5m未満", "assign_err_m": 0.2}}, {"type": "Feature", "geometry": {"type": "LineString", "coordinates": [[141.345304, 43.058027], [141.346238, 43.058148]]}, "properties": {"link_id": "K00789", "street": "南1条通", "street_kind": "格子街路", "through": true, "axis": "EW", "length_m": 77.3, "road_category": "市区町村道等", "road_state": "通常部", "width_class": "19.5m以上", "assign_err_m": 0.8}}, {"type": "Feature", "geometry": {"type": "LineString", "coordinates": [[141.347377, 43.064303], [141.347122, 43.064267], [141.347051, 43.064577], [141.347139, 43.064588], [141.347308, 43.064606]]}, "properties": {"link_id": "K00790", "street": "北3条通〜北4条通の裏通り", "street_kind": "裏通り", "through": false, "axis": "EW", "length_m": 77.3, "road_category": "市区町村道等", "road_state": "通常部", "width_class": "3m-5.5m未満", "assign_err_m": 0.5}}, {"type": "Feature", "geometry": {"type": "LineString", "coordinates": [[141.354895, 43.055876], [141.355043, 43.055193]]}, "properties": {"link_id": "K00797", "street": "西3丁目通", "street_kind": "格子街路", "through": true, "axis": "NS", "length_m": 76.8, "road_category": "市区町村道等", "road_state": "通常部", "width_class": "5.5m-13m未満", "assign_err_m": 1.2}}, {"type": "Feature", "geometry": {"type": "LineString", "coordinates": [[141.343618, 43.063277], [141.343679, 43.063376], [141.343696, 43.063412], [141.343711, 43.063456], [141.343716, 43.06349], [141.343715, 43.063518], [141.343703, 43.063556], [141.343686, 43.063606], [141.343672, 43.063644], [141.343665, 43.063681], [141.343664, 43.063714], [141.343676, 43.063786], [141.343704, 43.063852], [141.343752, 43.063939]]}, "properties": {"link_id": "K00799", "street": "西9丁目通", "street_kind": "格子街路", "through": true, "axis": "NS", "length_m": 76.6, "road_category": "市区町村道等", "road_state": "通常部", "width_class": "3m未満", "assign_err_m": 32.3}}, {"type": "Feature", "geometry": {"type": "LineString", "coordinates": [[141.351773, 43.05545], [141.351948, 43.054772]]}, "properties": {"link_id": "K00800", "street": "西5丁目通", "street_kind": "格子街路", "through": true, "axis": "NS", "length_m": 76.6, "road_category": "市区町村道等", "road_state": "通常部", "width_class": "13m-19.5m未満", "assign_err_m": 1.2}}, {"type": "Feature", "geometry": {"type": "LineString", "coordinates": [[141.357382, 43.05251], [141.357553, 43.051832]]}, "properties": {"link_id": "K00801", "street": "西2丁目通", "street_kind": "格子街路", "through": true, "axis": "NS", "length_m": 76.6, "road_category": "市区町村道等", "road_state": "通常部", "width_class": "19.5m以上", "assign_err_m": 3.3}}, {"type": "Feature", "geometry": {"type": "LineString", "coordinates": [[141.347076, 43.054812], [141.347241, 43.054134]]}, "properties": {"link_id": "K00803", "street": "西8丁目通", "street_kind": "格子街路", "through": true, "axis": "NS", "length_m": 76.5, "road_category": "市区町村道等", "road_state": "通常部", "width_class": "13m-19.5m未満", "assign_err_m": 1.7}}, {"type": "Feature", "geometry": {"type": "LineString", "coordinates": [[141.346262, 43.050344], [141.346182, 43.051028]]}, "properties": {"link_id": "K00806", "street": "西9丁目通", "street_kind": "格子街路", "through": true, "axis": "NS", "length_m": 76.2, "road_category": "市区町村道等", "road_state": "通常部", "width_class": "3m未満", "assign_err_m": 17.6}}, {"type": "Feature", "geometry": {"type": "LineString", "coordinates": [[141.348632, 43.055022], [141.348805, 43.05435]]}, "properties": {"link_id": "K00810", "street": "西7丁目通", "street_kind": "格子街路", "through": true, "axis": "NS", "length_m": 76.0, "road_category": "市区町村道等", "road_state": "通常部", "width_class": "13m-19.5m未満", "assign_err_m": 0.9}}, {"type": "Feature", "geometry": {"type": "LineString", "coordinates": [[141.357395, 43.060935], [141.357229, 43.061594]]}, "properties": {"link_id": "K00825", "street": "西1丁目通〜東1丁目通の裏通り", "street_kind": "裏通り", "through": true, "axis": "NS", "length_m": 74.5, "road_category": "市区町村道等", "road_state": "通常部", "width_class": "5.5m-13m未満", "assign_err_m": 26.1}}, {"type": "Feature", "geometry": {"type": "LineString", "coordinates": [[141.357595, 43.066488], [141.356696, 43.066373]]}, "properties": {"link_id": "K00827", "street": "北4条通", "street_kind": "格子街路", "through": true, "axis": "EW", "length_m": 74.4, "road_category": "市区町村道等", "road_state": "通常部", "width_class": "19.5m以上", "assign_err_m": 9.8}}, {"type": "Feature", "geometry": {"type": "LineString", "coordinates": [[141.349517, 43.051486], [141.348834, 43.051395], [141.34862, 43.051366]]}, "properties": {"link_id": "K00828", "street": "南7条通", "street_kind": "格子街路", "through": true, "axis": "EW", "length_m": 74.3, "road_category": "市区町村道等", "road_state": "通常部", "width_class": "13m-19.5m未満", "assign_err_m": 5.0}}, {"type": "Feature", "geometry": {"type": "LineString", "coordinates": [[141.350142, 43.051573], [141.351035, 43.051695]]}, "properties": {"link_id": "K00831", "street": "南7条通", "street_kind": "格子街路", "through": true, "axis": "EW", "length_m": 74.0, "road_category": "市区町村道等", "road_state": "通常部", "width_class": "13m-19.5m未満", "assign_err_m": 5.9}}, {"type": "Feature", "geometry": {"type": "LineString", "coordinates": [[141.343871, 43.051299], [141.343801, 43.051845], [141.343795, 43.051953]]}, "properties": {"link_id": "K00850", "street": "西11丁目通〜西10丁目通の裏通り", "street_kind": "裏通り", "through": true, "axis": "NS", "length_m": 72.9, "road_category": "市区町村道等", "road_state": "通常部", "width_class": "3m-5.5m未満", "assign_err_m": 4.0}}, {"type": "Feature", "geometry": {"type": "LineString", "coordinates": [[141.345351, 43.061847], [141.345487, 43.061203]]}, "properties": {"link_id": "K00854", "street": "西8丁目通", "street_kind": "格子街路", "through": true, "axis": "NS", "length_m": 72.4, "road_category": "市区町村道等", "road_state": "通常部", "width_class": "13m-19.5m未満", "assign_err_m": 0.4}}, {"type": "Feature", "geometry": {"type": "LineString", "coordinates": [[141.346872, 43.062044], [141.347032, 43.06141]]}, "properties": {"link_id": "K00858", "street": "西7丁目通", "street_kind": "格子街路", "through": true, "axis": "NS", "length_m": 71.6, "road_category": "市区町村道等", "road_state": "通常部", "width_class": "5.5m-13m未満", "assign_err_m": 2.8}}, {"type": "Feature", "geometry": {"type": "LineString", "coordinates": [[141.350119, 43.060642], [141.35, 43.060626], [141.349257, 43.060527]]}, "properties": {"link_id": "K00861", "street": "", "street_kind": "格子外", "through": false, "axis": "EW", "length_m": 71.4, "road_category": "市区町村道等", "road_state": "通常部", "width_class": "5.5m-13m未満", "assign_err_m": 42.6}}, {"type": "Feature", "geometry": {"type": "LineString", "coordinates": [[141.358722, 43.053331], [141.358834, 43.052878], [141.358832, 43.052848], [141.358794, 43.052701]]}, "properties": {"link_id": "K00863", "street": "西1丁目通", "street_kind": "格子街路", "through": true, "axis": "NS", "length_m": 71.1, "road_category": "市区町村道等", "road_state": "通常部", "width_class": "3m-5.5m未満", "assign_err_m": 4.2}}, {"type": "Feature", "geometry": {"type": "LineString", "coordinates": [[141.343541, 43.059535], [141.343496, 43.059523], [141.343062, 43.059465], [141.342694, 43.059421]]}, "properties": {"link_id": "K00868", "street": "大通", "street_kind": "格子街路", "through": true, "axis": "EW", "length_m": 70.2, "road_category": "市区町村道等", "road_state": "通常部", "width_class": "3m-5.5m未満", "assign_err_m": 15.5}}, {"type": "Feature", "geometry": {"type": "LineString", "coordinates": [[141.344654, 43.064745], [141.344629, 43.064561], [141.344633, 43.064493], [141.344737, 43.064122]]}, "properties": {"link_id": "K00869", "street": "西8丁目通", "street_kind": "格子街路", "through": true, "axis": "NS", "length_m": 70.2, "road_category": "市区町村道等", "road_state": "通常部", "width_class": "5.5m-13m未満", "assign_err_m": 3.0}}, {"type": "Feature", "geometry": {"type": "LineString", "coordinates": [[141.352547, 43.06518], [141.35239, 43.0658]]}, "properties": {"link_id": "K00871", "street": "西3丁目通", "street_kind": "格子街路", "through": true, "axis": "NS", "length_m": 70.0, "road_category": "市区町村道等", "road_state": "通常部", "width_class": "5.5m-13m未満", "assign_err_m": 6.7}}, {"type": "Feature", "geometry": {"type": "LineString", "coordinates": [[141.358728, 43.053918], [141.358333, 43.05386], [141.357884, 43.053801]]}, "properties": {"link_id": "K00872", "street": "南6条通", "street_kind": "格子街路", "through": true, "axis": "EW", "length_m": 70.0, "road_category": "市区町村道等", "road_state": "通常部", "width_class": "13m-19.5m未満", "assign_err_m": 8.2}}, {"type": "Feature", "geometry": {"type": "LineString", "coordinates": [[141.357382, 43.05251], [141.357227, 43.053128]]}, "properties": {"link_id": "K00875", "street": "西2丁目通", "street_kind": "格子街路", "through": true, "axis": "NS", "length_m": 69.8, "road_category": "市区町村道等", "road_state": "通常部", "width_class": "19.5m以上", "assign_err_m": 2.9}}, {"type": "Feature", "geometry": {"type": "LineString", "coordinates": [[141.346282, 43.064349], [141.346444, 43.063733]]}, "properties": {"link_id": "K00876", "street": "西7丁目通", "street_kind": "格子街路", "through": true, "axis": "NS", "length_m": 69.7, "road_category": "市区町村道等", "road_state": "通常部", "width_class": "5.5m-13m未満", "assign_err_m": 4.7}}, {"type": "Feature", "geometry": {"type": "LineString", "coordinates": [[141.350669, 43.066182], [141.350797, 43.065696], [141.350829, 43.065566]]}, "properties": {"link_id": "K00877", "street": "西4丁目通", "street_kind": "格子街路", "through": true, "axis": "NS", "length_m": 69.7, "road_category": "都道府県道", "road_state": "通常部", "width_class": "19.5m以上", "assign_err_m": 7.0}}, {"type": "Feature", "geometry": {"type": "LineString", "coordinates": [[141.343621, 43.059198], [141.34278, 43.059082]]}, "properties": {"link_id": "K00878", "street": "大通", "street_kind": "格子街路", "through": true, "axis": "EW", "length_m": 69.7, "road_category": "市区町村道等", "road_state": "通常部", "width_class": "3m-5.5m未満", "assign_err_m": 22.2}}, {"type": "Feature", "geometry": {"type": "LineString", "coordinates": [[141.354576, 43.05336], [141.354424, 43.053976]]}, "properties": {"link_id": "K00882", "street": "西4丁目通〜西3丁目通の裏通り", "street_kind": "裏通り", "through": false, "axis": "NS", "length_m": 69.6, "road_category": "市区町村道等", "road_state": "通常部", "width_class": "3m未満", "assign_err_m": 10.3}}, {"type": "Feature", "geometry": {"type": "LineString", "coordinates": [[141.354702, 43.054014], [141.354856, 43.053398]]}, "properties": {"link_id": "K00883", "street": "西4丁目通〜西3丁目通の裏通り", "street_kind": "裏通り", "through": false, "axis": "NS", "length_m": 69.6, "road_category": "市区町村道等", "road_state": "通常部", "width_class": "3m未満", "assign_err_m": 12.8}}, {"type": "Feature", "geometry": {"type": "LineString", "coordinates": [[141.345598, 43.059249], [141.344761, 43.059135]]}, "properties": {"link_id": "K00886", "street": "", "street_kind": "格子外", "through": false, "axis": "EW", "length_m": 69.4, "road_category": "市区町村道等", "road_state": "通常部", "width_class": "19.5m以上", "assign_err_m": 42.6}}, {"type": "Feature", "geometry": {"type": "LineString", "coordinates": [[141.344737, 43.064122], [141.345005, 43.06353]]}, "properties": {"link_id": "K00888", "street": "西8丁目通", "street_kind": "格子街路", "through": true, "axis": "NS", "length_m": 69.3, "road_category": "市区町村道等", "road_state": "通常部", "width_class": "5.5m-13m未満", "assign_err_m": 1.5}}, {"type": "Feature", "geometry": {"type": "LineString", "coordinates": [[141.353985, 43.066009], [141.353149, 43.065897]]}, "properties": {"link_id": "K00889", "street": "北4条通", "street_kind": "格子街路", "through": true, "axis": "EW", "length_m": 69.3, "road_category": "市区町村道等", "road_state": "通常部", "width_class": "19.5m以上", "assign_err_m": 9.0}}, {"type": "Feature", "geometry": {"type": "LineString", "coordinates": [[141.349101, 43.065971], [141.349271, 43.06536]]}, "properties": {"link_id": "K00890", "street": "西5丁目通", "street_kind": "格子街路", "through": true, "axis": "NS", "length_m": 69.2, "road_category": "市区町村道等", "road_state": "通常部", "width_class": "19.5m以上", "assign_err_m": 6.5}}, {"type": "Feature", "geometry": {"type": "LineString", "coordinates": [[141.356195, 43.065681], [141.356025, 43.066291]]}, "properties": {"link_id": "K00891", "street": "西1丁目通〜東1丁目通の裏通り", "street_kind": "裏通り", "through": true, "axis": "NS", "length_m": 69.2, "road_category": "国道", "road_state": "通常部", "width_class": "5.5m-13m未満", "assign_err_m": 30.1}}, {"type": "Feature", "geometry": {"type": "LineString", "coordinates": [[141.358728, 43.053918], [141.358609, 43.053796], [141.358722, 43.053331]]}, "properties": {"link_id": "K00892", "street": "西1丁目通", "street_kind": "格子街路", "through": true, "axis": "NS", "length_m": 69.2, "road_category": "市区町村道等", "road_state": "通常部", "width_class": "3m-5.5m未満", "assign_err_m": 3.3}}, {"type": "Feature", "geometry": {"type": "LineString", "coordinates": [[141.35434, 43.06121], [141.354355, 43.061212], [141.354733, 43.061264], [141.355173, 43.061325]]}, "properties": {"link_id": "K00893", "street": "", "street_kind": "格子外", "through": false, "axis": "EW", "length_m": 69.0, "road_category": "市区町村道等", "road_state": "通常部", "width_class": "5.5m-13m未満", "assign_err_m": 43.0}}, {"type": "Feature", "geometry": {"type": "LineString", "coordinates": [[141.340494, 43.062966], [141.340773, 43.062987], [141.341032, 43.063025], [141.34121, 43.06304], [141.34133, 43.06305]]}, "properties": {"link_id": "K00898", "street": "北3条通", "street_kind": "格子街路", "through": true, "axis": "EW", "length_m": 68.7, "road_category": "市区町村道等", "road_state": "通常部", "width_class": "3m未満", "assign_err_m": 1.4}}, {"type": "Feature", "geometry": {"type": "LineString", "coordinates": [[141.347701, 43.065156], [141.347546, 43.065764]]}, "properties": {"link_id": "K00899", "street": "西6丁目通", "street_kind": "格子街路", "through": true, "axis": "NS", "length_m": 68.7, "road_category": "市区町村道等", "road_state": "通常部", "width_class": "13m-19.5m未満", "assign_err_m": 5.8}}, {"type": "Feature", "geometry": {"type": "LineString", "coordinates": [[141.355306, 43.060795], [141.354478, 43.060678]]}, "properties": {"link_id": "K00901", "street": "大通", "street_kind": "格子街路", "through": true, "axis": "EW", "length_m": 68.7, "road_category": "市区町村道等", "road_state": "通常部", "width_class": "3m-5.5m未満", "assign_err_m": 15.6}}, {"type": "Feature", "geometry": {"type": "LineString", "coordinates": [[141.353764, 43.063511], [141.354593, 43.063624]]}, "properties": {"link_id": "K00902", "street": "北2条通", "street_kind": "格子街路", "through": true, "axis": "EW", "length_m": 68.7, "road_category": "市区町村道等", "road_state": "通常部", "width_class": "13m-19.5m未満", "assign_err_m": 0.7}}, {"type": "Feature", "geometry": {"type": "LineString", "coordinates": [[141.350976, 43.064977], [141.3511, 43.064497], [141.351132, 43.064371]]}, "properties": {"link_id": "K00906", "street": "西4丁目通", "street_kind": "格子街路", "through": true, "axis": "NS", "length_m": 68.5, "road_category": "都道府県道", "road_state": "通常部", "width_class": "19.5m以上", "assign_err_m": 6.1}}, {"type": "Feature", "geometry": {"type": "LineString", "coordinates": [[141.345413, 43.060003], [141.344587, 43.059888]]}, "properties": {"link_id": "K00907", "street": "", "street_kind": "格子外", "through": false, "axis": "EW", "length_m": 68.4, "road_category": "市区町村道等", "road_state": "通常部", "width_class": "5.5m-13m未満", "assign_err_m": 40.0}}, {"type": "Feature", "geometry": {"type": "LineString", "coordinates": [[141.354286, 43.064805], [141.353459, 43.064696]]}, "properties": {"link_id": "K00908", "street": "北3条通", "street_kind": "格子街路", "through": true, "axis": "EW", "length_m": 68.4, "road_category": "市区町村道等", "road_state": "通常部", "width_class": "19.5m以上", "assign_err_m": 3.1}}, {"type": "Feature", "geometry": {"type": "LineString", "coordinates": [[141.345985, 43.06555], [141.346136, 43.064944]]}, "properties": {"link_id": "K00909", "street": "西7丁目通", "street_kind": "格子街路", "through": true, "axis": "NS", "length_m": 68.4, "road_category": "市区町村道等", "road_state": "通常部", "width_class": "5.5m-13m未満", "assign_err_m": 5.3}}, {"type": "Feature", "geometry": {"type": "LineString", "coordinates": [[141.354518, 43.057469], [141.354361, 43.058073]]}, "properties": {"link_id": "K00913", "street": "西3丁目通", "street_kind": "格子街路", "through": true, "axis": "NS", "length_m": 68.3, "road_category": "市区町村道等", "road_state": "通常部", "width_class": "5.5m-13m未満", "assign_err_m": 0.2}}, {"type": "Feature", "geometry": {"type": "LineString", "coordinates": [[141.340552, 43.062801], [141.340688, 43.062823], [141.341105, 43.06283], [141.341383, 43.062862]]}, "properties": {"link_id": "K00914", "street": "北3条通", "street_kind": "格子街路", "through": true, "axis": "EW", "length_m": 68.3, "road_category": "市区町村道等", "road_state": "通常部", "width_class": "3m未満", "assign_err_m": 21.5}}, {"type": "Feature", "geometry": {"type": "LineString", "coordinates": [[141.344654, 43.064745], [141.344509, 43.06535]]}, "properties": {"link_id": "K00917", "street": "西8丁目通", "street_kind": "格子街路", "through": true, "axis": "NS", "length_m": 68.2, "road_category": "市区町村道等", "road_state": "通常部", "width_class": "5.5m-13m未満", "assign_err_m": 2.2}}, {"type": "Feature", "geometry": {"type": "LineString", "coordinates": [[141.354865, 43.062472], [141.354042, 43.062365]]}, "properties": {"link_id": "K00920", "street": "北1条通", "street_kind": "格子街路", "through": true, "axis": "EW", "length_m": 68.1, "road_category": "国道", "road_state": "通常部", "width_class": "19.5m以上", "assign_err_m": 0.3}}, {"type": "Feature", "geometry": {"type": "LineString", "coordinates": [[141.356368, 43.065082], [141.356195, 43.065681]]}, "properties": {"link_id": "K00925", "street": "西1丁目通〜東1丁目通の裏通り", "street_kind": "裏通り", "through": true, "axis": "NS", "length_m": 67.9, "road_category": "国道", "road_state": "通常部", "width_class": "5.5m-13m未満", "assign_err_m": 28.2}}, {"type": "Feature", "geometry": {"type": "LineString", "coordinates": [[141.35225, 43.063306], [141.351431, 43.063193]]}, "properties": {"link_id": "K00927", "street": "北2条通", "street_kind": "格子街路", "through": true, "axis": "EW", "length_m": 67.9, "road_category": "市区町村道等", "road_state": "通常部", "width_class": "13m-19.5m未満", "assign_err_m": 1.9}}, {"type": "Feature", "geometry": {"type": "LineString", "coordinates": [[141.355228, 43.061107], [141.354407, 43.061]]}, "properties": {"link_id": "K00928", "street": "大通", "street_kind": "格子街路", "through": true, "axis": "EW", "length_m": 67.9, "road_category": "市区町村道等", "road_state": "通常部", "width_class": "3m-5.5m未満", "assign_err_m": 20.2}}, {"type": "Feature", "geometry": {"type": "LineString", "coordinates": [[141.35239, 43.0658], [141.352237, 43.0664]]}, "properties": {"link_id": "K00931", "street": "西3丁目通", "street_kind": "格子街路", "through": true, "axis": "NS", "length_m": 67.8, "road_category": "市区町村道等", "road_state": "通常部", "width_class": "5.5m-13m未満", "assign_err_m": 7.2}}, {"type": "Feature", "geometry": {"type": "LineString", "coordinates": [[141.351794, 43.065082], [141.350976, 43.064977]]}, "properties": {"link_id": "K00935", "street": "北3条通〜北4条通の裏通り", "street_kind": "裏通り", "through": false, "axis": "EW", "length_m": 67.7, "road_category": "市区町村道等", "road_state": "通常部", "width_class": "3m-5.5m未満", "assign_err_m": 4.3}}, {"type": "Feature", "geometry": {"type": "LineString", "coordinates": [[141.344518, 43.063443], [141.344526, 43.063375], [141.344528, 43.063263], [141.344526, 43.063192], [141.344504, 43.063114], [141.344467, 43.063033], [141.344347, 43.062862]]}, "properties": {"link_id": "K00936", "street": "西9丁目通〜西8丁目通の裏通り", "street_kind": "裏通り", "through": false, "axis": "NS", "length_m": 67.7, "road_category": "市区町村道等", "road_state": "通常部", "width_class": "3m未満", "assign_err_m": 21.9}}, {"type": "Feature", "geometry": {"type": "LineString", "coordinates": [[141.356902, 43.057794], [141.356759, 43.058333], [141.356744, 43.058389]]}, "properties": {"link_id": "K00940", "street": "西2丁目通〜西1丁目通の裏通り", "street_kind": "裏通り", "through": false, "axis": "NS", "length_m": 67.3, "road_category": "市区町村道等", "road_state": "通常部", "width_class": "3m-5.5m未満", "assign_err_m": 2.5}}, {"type": "Feature", "geometry": {"type": "LineString", "coordinates": [[141.351942, 43.064487], [141.351132, 43.064371]]}, "properties": {"link_id": "K00941", "street": "北3条通", "street_kind": "格子街路", "through": true, "axis": "EW", "length_m": 67.3, "road_category": "市区町村道等", "road_state": "通常部", "width_class": "19.5m以上", "assign_err_m": 1.4}}, {"type": "Feature", "geometry": {"type": "LineString", "coordinates": [[141.354376, 43.051534], [141.354231, 43.05213]]}, "properties": {"link_id": "K00942", "street": "西4丁目通", "street_kind": "格子街路", "through": true, "axis": "NS", "length_m": 67.2, "road_category": "市区町村道等", "road_state": "通常部", "width_class": "19.5m以上", "assign_err_m": 2.9}}, {"type": "Feature", "geometry": {"type": "LineString", "coordinates": [[141.357498, 43.058494], [141.357531, 43.058377], [141.357541, 43.058333], [141.357644, 43.057899]]}, "properties": {"link_id": "K00943", "street": "西1丁目通", "street_kind": "格子街路", "through": true, "axis": "NS", "length_m": 67.2, "road_category": "市区町村道等", "road_state": "通常部", "width_class": "5.5m-13m未満", "assign_err_m": 0.2}}, {"type": "Feature", "geometry": {"type": "LineString", "coordinates": [[141.351794, 43.065082], [141.351942, 43.064487]]}, "properties": {"link_id": "K00944", "street": "西4丁目通〜西3丁目通の裏通り", "street_kind": "裏通り", "through": false, "axis": "NS", "length_m": 67.2, "road_category": "市区町村道等", "road_state": "通常部", "width_class": "3m-5.5m未満", "assign_err_m": 3.7}}, {"type": "Feature", "geometry": {"type": "LineString", "coordinates": [[141.346136, 43.064944], [141.346282, 43.064349]]}, "properties": {"link_id": "K00945", "street": "西7丁目通", "street_kind": "格子街路", "through": true, "axis": "NS", "length_m": 67.2, "road_category": "市区町村道等", "road_state": "通常部", "width_class": "5.5m-13m未満", "assign_err_m": 5.1}}, {"type": "Feature", "geometry": {"type": "LineString", "coordinates": [[141.349797, 43.05683], [141.349651, 43.057426]]}, "properties": {"link_id": "K00946", "street": "西6丁目通", "street_kind": "格子街路", "through": true, "axis": "NS", "length_m": 67.2, "road_category": "市区町村道等", "road_state": "通常部", "width_class": "13m-19.5m未満", "assign_err_m": 0.6}}, {"type": "Feature", "geometry": {"type": "LineString", "coordinates": [[141.355357, 43.06059], [141.355506, 43.059995]]}, "properties": {"link_id": "K00947", "street": "西2丁目通", "street_kind": "格子街路", "through": true, "axis": "NS", "length_m": 67.2, "road_category": "市区町村道等", "road_state": "通常部", "width_class": "19.5m以上", "assign_err_m": 0.9}}, {"type": "Feature", "geometry": {"type": "LineString", "coordinates": [[141.342356, 43.060778], [141.342502, 43.060183]]}, "properties": {"link_id": "K00949", "street": "西10丁目通", "street_kind": "格子街路", "through": true, "axis": "NS", "length_m": 67.2, "road_category": "市区町村道等", "road_state": "通常部", "width_class": "5.5m-13m未満", "assign_err_m": 0.1}}, {"type": "Feature", "geometry": {"type": "LineString", "coordinates": [[141.352774, 43.057853], [141.352792, 43.057785], [141.352908, 43.057329], [141.352926, 43.057261]]}, "properties": {"link_id": "K00954", "street": "西4丁目通", "street_kind": "格子街路", "through": true, "axis": "NS", "length_m": 67.0, "road_category": "国道", "road_state": "通常部", "width_class": "19.5m以上", "assign_err_m": 1.5}}, {"type": "Feature", "geometry": {"type": "LineString", "coordinates": [[141.356464, 43.059531], [141.355655, 43.059423]]}, "properties": {"link_id": "K00956", "street": "南1条通", "street_kind": "格子街路", "through": true, "axis": "EW", "length_m": 67.0, "road_category": "市区町村道等", "road_state": "通常部", "width_class": "19.5m以上", "assign_err_m": 5.0}}, {"type": "Feature", "geometry": {"type": "LineString", "coordinates": [[141.352698, 43.064588], [141.352547, 43.06518]]}, "properties": {"link_id": "K00957", "street": "西3丁目通", "street_kind": "格子街路", "through": true, "axis": "NS", "length_m": 66.9, "road_category": "市区町村道等", "road_state": "通常部", "width_class": "5.5m-13m未満", "assign_err_m": 6.3}}, {"type": "Feature", "geometry": {"type": "LineString", "coordinates": [[141.347862, 43.059547], [141.348669, 43.05966]]}, "properties": {"link_id": "K00958", "street": "", "street_kind": "格子外", "through": false, "axis": "EW", "length_m": 66.9, "road_category": "市区町村道等", "road_state": "通常部", "width_class": "19.5m以上", "assign_err_m": 43.2}}, {"type": "Feature", "geometry": {"type": "LineString", "coordinates": [[141.343233, 43.06262], [141.34321, 43.062626], [141.343164, 43.062631], [141.343133, 43.062633], [141.343107, 43.062626], [141.343089, 43.062618], [141.343071, 43.062579], [141.343064, 43.062568], [141.343048, 43.062557], [141.343033, 43.062554], [141.343007, 43.062561], [141.342982, 43.06262], [141.342959, 43.062647], [141.342926, 43.062671], [141.342889, 43.062683], [141.342858, 43.062688], [141.342803, 43.06269], [141.342764, 43.062689], [141.342697, 43.062686], [141.342603, 43.062669], [141.342577, 43.062661]]}, "properties": {"link_id": "K00960", "street": "北2条通〜北3条通の裏通り", "street_kind": "裏通り", "through": false, "axis": "EW", "length_m": 66.9, "road_category": "市区町村道等", "road_state": "通常部", "width_class": "3m未満", "assign_err_m": 3.5}}, {"type": "Feature", "geometry": {"type": "LineString", "coordinates": [[141.356636, 43.057758], [141.356613, 43.057849], [141.356588, 43.057953], [141.356556, 43.057964], [141.35628, 43.057926], [141.35619, 43.057914], [141.356049, 43.057898]]}, "properties": {"link_id": "K00962", "street": "南3条通〜南2条通の裏通り", "street_kind": "裏通り", "through": true, "axis": "EW", "length_m": 66.9, "road_category": "市区町村道等", "road_state": "通常部", "width_class": "3m未満", "assign_err_m": 27.2}}, {"type": "Feature", "geometry": {"type": "LineString", "coordinates": [[141.357609, 43.054948], [141.356802, 43.054841]]}, "properties": {"link_id": "K00963", "street": "南5条通", "street_kind": "格子街路", "through": true, "axis": "EW", "length_m": 66.8, "road_category": "市区町村道等", "road_state": "通常部", "width_class": "13m-19.5m未満", "assign_err_m": 7.4}}, {"type": "Feature", "geometry": {"type": "LineString", "coordinates": [[141.352488, 43.059006], [141.352518, 43.058887], [141.352616, 43.058487], [141.352634, 43.058414]]}, "properties": {"link_id": "K00964", "street": "西4丁目通", "street_kind": "格子街路", "through": true, "axis": "NS", "length_m": 66.8, "road_category": "国道", "road_state": "通常部", "width_class": "19.5m以上", "assign_err_m": 2.1}}, {"type": "Feature", "geometry": {"type": "LineString", "coordinates": [[141.357294, 43.056208], [141.356659, 43.056121], [141.356489, 43.056097]]}, "properties": {"link_id": "K00968", "street": "南4条通", "street_kind": "格子街路", "through": true, "axis": "EW", "length_m": 66.7, "road_category": "国道", "road_state": "通常部", "width_class": "19.5m以上", "assign_err_m": 19.5}}, {"type": "Feature", "geometry": {"type": "LineString", "coordinates": [[141.345767, 43.060052], [141.345616, 43.060642]]}, "properties": {"link_id": "K00971", "street": "西8丁目通", "street_kind": "格子街路", "through": true, "axis": "NS", "length_m": 66.6, "road_category": "市区町村道等", "road_state": "通常部", "width_class": "13m-19.5m未満", "assign_err_m": 0.9}}, {"type": "Feature", "geometry": {"type": "LineString", "coordinates": [[141.342204, 43.061367], [141.342356, 43.060778]]}, "properties": {"link_id": "K00972", "street": "西10丁目通", "street_kind": "格子街路", "through": true, "axis": "NS", "length_m": 66.6, "road_category": "市区町村道等", "road_state": "通常部", "width_class": "5.5m-13m未満", "assign_err_m": 0.2}}, {"type": "Feature", "geometry": {"type": "LineString", "coordinates": [[141.350829, 43.065566], [141.350858, 43.065441], [141.350976, 43.064977]]}, "properties": {"link_id": "K00974", "street": "西4丁目通", "street_kind": "格子街路", "through": true, "axis": "NS", "length_m": 66.6, "road_category": "都道府県道", "road_state": "通常部", "width_class": "19.5m以上", "assign_err_m": 6.7}}, {"type": "Feature", "geometry": {"type": "LineString", "coordinates": [[141.354047, 43.059209], [141.35422, 43.058623]]}, "properties": {"link_id": "K00975", "street": "西3丁目通", "street_kind": "格子街路", "through": true, "axis": "NS", "length_m": 66.6, "road_category": "市区町村道等", "road_state": "通常部", "width_class": "5.5m-13m未満", "assign_err_m": 2.0}}, {"type": "Feature", "geometry": {"type": "LineString", "coordinates": [[141.353757, 43.060368], [141.353897, 43.059778]]}, "properties": {"link_id": "K00976", "street": "西3丁目通", "street_kind": "格子街路", "through": true, "axis": "NS", "length_m": 66.5, "road_category": "市区町村道等", "road_state": "通常部", "width_class": "5.5m-13m未満", "assign_err_m": 3.9}}, {"type": "Feature", "geometry": {"type": "LineString", "coordinates": [[141.351238, 43.057642], [141.35139, 43.057055]]}, "properties": {"link_id": "K00979", "street": "西5丁目通", "street_kind": "格子街路", "through": true, "axis": "NS", "length_m": 66.4, "road_category": "市区町村道等", "road_state": "通常部", "width_class": "5.5m-13m未満", "assign_err_m": 1.2}}, {"type": "Feature", "geometry": {"type": "LineString", "coordinates": [[141.357043, 43.057242], [141.356242, 43.057136]]}, "properties": {"link_id": "K00981", "street": "南3条通", "street_kind": "格子街路", "through": true, "axis": "EW", "length_m": 66.4, "road_category": "市区町村道等", "road_state": "通常部", "width_class": "13m-19.5m未満", "assign_err_m": 6.4}}, {"type": "Feature", "geometry": {"type": "LineString", "coordinates": [[141.346256, 43.051643], [141.346402, 43.051055]]}, "properties": {"link_id": "K00982", "street": "西9丁目通", "street_kind": "格子街路", "through": true, "axis": "NS", "length_m": 66.3, "road_category": "市区町村道等", "road_state": "通常部", "width_class": "13m-19.5m未満", "assign_err_m": 4.0}}, {"type": "Feature", "geometry": {"type": "LineString", "coordinates": [[141.358, 43.058562], [141.358061, 43.058333], [141.358157, 43.057977]]}, "properties": {"link_id": "K00985", "street": "西1丁目通〜東1丁目通の裏通り", "street_kind": "裏通り", "through": true, "axis": "NS", "length_m": 66.2, "road_category": "市区町村道等", "road_state": "通常部", "width_class": "5.5m-13m未満", "assign_err_m": 23.3}}, {"type": "Feature", "geometry": {"type": "LineString", "coordinates": [[141.348232, 43.056625], [141.348084, 43.05721]]}, "properties": {"link_id": "K00986", "street": "西7丁目通", "street_kind": "格子街路", "through": true, "axis": "NS", "length_m": 66.2, "road_category": "市区町村道等", "road_state": "通常部", "width_class": "5.5m-13m未満", "assign_err_m": 0.3}}, {"type": "Feature", "geometry": {"type": "LineString", "coordinates": [[141.355947, 43.058282], [141.356332, 43.058333], [141.356744, 43.058389]]}, "properties": {"link_id": "K00991", "street": "南2条通", "street_kind": "格子街路", "through": true, "axis": "EW", "length_m": 66.0, "road_category": "市区町村道等", "road_state": "通常部", "width_class": "13m-19.5m未満", "assign_err_m": 6.0}}, {"type": "Feature", "geometry": {"type": "LineString", "coordinates": [[141.341266, 43.06181], [141.341667, 43.061864], [141.342062, 43.061919]]}, "properties": {"link_id": "K00996", "street": "北2条通", "street_kind": "格子街路", "through": true, "axis": "EW", "length_m": 65.9, "road_category": "市区町村道等", "road_state": "通常部", "width_class": "13m-19.5m未満", "assign_err_m": 7.2}}, {"type": "Feature", "geometry": {"type": "LineString", "coordinates": [[141.341127, 43.05864], [141.341146, 43.05854], [141.341201, 43.058333], [141.341257, 43.058105], [141.341269, 43.058056]]}, "properties": {"link_id": "K00999", "street": "西11丁目通", "street_kind": "格子街路", "through": true, "axis": "NS", "length_m": 65.9, "road_category": "国道", "road_state": "通常部", "width_class": "19.5m以上", "assign_err_m": 10.5}}, {"type": "Feature", "geometry": {"type": "LineString", "coordinates": [[141.340652, 43.061142], [141.340798, 43.060558]]}, "properties": {"link_id": "K01001", "street": "西11丁目通", "street_kind": "格子街路", "through": true, "axis": "NS", "length_m": 65.9, "road_category": "都道府県道", "road_state": "通常部", "width_class": "19.5m以上", "assign_err_m": 0.8}}, {"type": "Feature", "geometry": {"type": "LineString", "coordinates": [[141.358743, 43.058662], [141.359537, 43.058771]]}, "properties": {"link_id": "K01003", "street": "南2条通", "street_kind": "格子街路", "through": true, "axis": "EW", "length_m": 65.9, "road_category": "市区町村道等", "road_state": "通常部", "width_class": "13m-19.5m未満", "assign_err_m": 7.6}}, {"type": "Feature", "geometry": {"type": "LineString", "coordinates": [[141.358879, 43.058079], [141.358819, 43.058333], [141.358755, 43.058566], [141.358743, 43.058662]]}, "properties": {"link_id": "K01006", "street": "東1丁目通", "street_kind": "格子街路", "through": true, "axis": "NS", "length_m": 65.8, "road_category": "市区町村道等", "road_state": "通常部", "width_class": "3m-5.5m未満", "assign_err_m": 27.8}}, {"type": "Feature", "geometry": {"type": "LineString", "coordinates": [[141.342204, 43.061367], [141.341667, 43.061288], [141.341412, 43.06125]]}, "properties": {"link_id": "K01007", "street": "北1条通〜北2条通の裏通り", "street_kind": "裏通り", "through": false, "axis": "EW", "length_m": 65.8, "road_category": "市区町村道等", "road_state": "通常部", "width_class": "3m-5.5m未満", "assign_err_m": 5.0}}, {"type": "Feature", "geometry": {"type": "LineString", "coordinates": [[141.359611, 43.055219], [141.360404, 43.055327]]}, "properties": {"link_id": "K01010", "street": "南5条通", "street_kind": "格子街路", "through": true, "axis": "EW", "length_m": 65.7, "road_category": "市区町村道等", "road_state": "通常部", "width_class": "13m-19.5m未満", "assign_err_m": 8.6}}, {"type": "Feature", "geometry": {"type": "LineString", "coordinates": [[141.34154, 43.056919], [141.341552, 43.056869], [141.34162, 43.056578], [141.341656, 43.05643], [141.341667, 43.056386], [141.341681, 43.056337]]}, "properties": {"link_id": "K01012", "street": "西11丁目通", "street_kind": "格子街路", "through": true, "axis": "NS", "length_m": 65.7, "road_category": "国道", "road_state": "通常部", "width_class": "19.5m以上", "assign_err_m": 11.1}}, {"type": "Feature", "geometry": {"type": "LineString", "coordinates": [[141.357092, 43.053691], [141.357884, 43.053801]]}, "properties": {"link_id": "K01014", "street": "南6条通", "street_kind": "格子街路", "through": true, "axis": "EW", "length_m": 65.7, "road_category": "市区町村道等", "road_state": "通常部", "width_class": "13m-19.5m未満", "assign_err_m": 7.8}}, {"type": "Feature", "geometry": {"type": "LineString", "coordinates": [[141.341568, 43.06067], [141.341412, 43.06125]]}, "properties": {"link_id": "K01015", "street": "西11丁目通〜西10丁目通の裏通り", "street_kind": "裏通り", "through": true, "axis": "NS", "length_m": 65.7, "road_category": "市区町村道等", "road_state": "通常部", "width_class": "3m-5.5m未満", "assign_err_m": 0.7}}, {"type": "Feature", "geometry": {"type": "LineString", "coordinates": [[141.354286, 43.064805], [141.355079, 43.064912]]}, "properties": {"link_id": "K01016", "street": "北3条通", "street_kind": "格子街路", "through": true, "axis": "EW", "length_m": 65.6, "road_category": "市区町村道等", "road_state": "通常部", "width_class": "19.5m以上", "assign_err_m": 3.2}}, {"type": "Feature", "geometry": {"type": "LineString", "coordinates": [[141.346533, 43.056997], [141.346675, 43.056415]]}, "properties": {"link_id": "K01018", "street": "西8丁目通", "street_kind": "格子街路", "through": true, "axis": "NS", "length_m": 65.6, "road_category": "市区町村道等", "road_state": "通常部", "width_class": "13m-19.5m未満", "assign_err_m": 1.0}}, {"type": "Feature", "geometry": {"type": "LineString", "coordinates": [[141.346533, 43.056997], [141.346383, 43.057577]]}, "properties": {"link_id": "K01021", "street": "西8丁目通", "street_kind": "格子街路", "through": true, "axis": "NS", "length_m": 65.6, "road_category": "市区町村道等", "road_state": "通常部", "width_class": "13m-19.5m未満", "assign_err_m": 0.6}}, {"type": "Feature", "geometry": {"type": "LineString", "coordinates": [[141.348805, 43.05435], [141.34895, 43.053769]]}, "properties": {"link_id": "K01023", "street": "西7丁目通", "street_kind": "格子街路", "through": true, "axis": "NS", "length_m": 65.6, "road_category": "市区町村道等", "road_state": "通常部", "width_class": "13m-19.5m未満", "assign_err_m": 1.4}}, {"type": "Feature", "geometry": {"type": "LineString", "coordinates": [[141.355655, 43.059423], [141.355801, 43.058844]]}, "properties": {"link_id": "K01030", "street": "西2丁目通", "street_kind": "格子街路", "through": true, "axis": "NS", "length_m": 65.5, "road_category": "市区町村道等", "road_state": "通常部", "width_class": "19.5m以上", "assign_err_m": 0.1}}, {"type": "Feature", "geometry": {"type": "LineString", "coordinates": [[141.350944, 43.052275], [141.350799, 43.052854]]}, "properties": {"link_id": "K01034", "street": "西6丁目通", "street_kind": "格子街路", "through": true, "axis": "NS", "length_m": 65.4, "road_category": "市区町村道等", "road_state": "通常部", "width_class": "13m-19.5m未満", "assign_err_m": 2.0}}, {"type": "Feature", "geometry": {"type": "LineString", "coordinates": [[141.351094, 43.058221], [141.351238, 43.057642]]}, "properties": {"link_id": "K01037", "street": "西5丁目通", "street_kind": "格子街路", "through": true, "axis": "NS", "length_m": 65.3, "road_category": "市区町村道等", "road_state": "通常部", "width_class": "5.5m-13m未満", "assign_err_m": 0.8}}, {"type": "Feature", "geometry": {"type": "LineString", "coordinates": [[141.344538, 43.058506], [141.344394, 43.059085]]}, "properties": {"link_id": "K01038", "street": "西9丁目通", "street_kind": "格子街路", "through": true, "axis": "NS", "length_m": 65.3, "road_category": "市区町村道等", "road_state": "通常部", "width_class": "13m-19.5m未満", "assign_err_m": 0.5}}, {"type": "Feature", "geometry": {"type": "LineString", "coordinates": [[141.355636, 43.052914], [141.355783, 43.052336]]}, "properties": {"link_id": "K01039", "street": "西3丁目通", "street_kind": "格子街路", "through": true, "axis": "NS", "length_m": 65.3, "road_category": "市区町村道等", "road_state": "通常部", "width_class": "5.5m-13m未満", "assign_err_m": 1.2}}, {"type": "Feature", "geometry": {"type": "LineString", "coordinates": [[141.352797, 43.051337], [141.352651, 43.051915]]}, "properties": {"link_id": "K01040", "street": "西5丁目通", "street_kind": "格子街路", "through": true, "axis": "NS", "length_m": 65.3, "road_category": "市区町村道等", "road_state": "通常部", "width_class": "3m-5.5m未満", "assign_err_m": 2.2}}, {"type": "Feature", "geometry": {"type": "LineString", "coordinates": [[141.341568, 43.06067], [141.341667, 43.060684], [141.342356, 43.060778]]}, "properties": {"link_id": "K01045", "street": "北1条通", "street_kind": "格子街路", "through": true, "axis": "EW", "length_m": 65.3, "road_category": "国道", "road_state": "通常部", "width_class": "19.5m以上", "assign_err_m": 6.2}}, {"type": "Feature", "geometry": {"type": "LineString", "coordinates": [[141.347934, 43.057787], [141.348084, 43.05721]]}, "properties": {"link_id": "K01046", "street": "西7丁目通", "street_kind": "格子街路", "through": true, "axis": "NS", "length_m": 65.2, "road_category": "市区町村道等", "road_state": "通常部", "width_class": "5.5m-13m未満", "assign_err_m": 0.8}}, {"type": "Feature", "geometry": {"type": "LineString", "coordinates": [[141.358937, 43.061143], [141.358805, 43.061125], [141.358333, 43.061061], [141.358333, 43.061061], [141.35815, 43.061036]]}, "properties": {"link_id": "K01047", "street": "大通", "street_kind": "格子街路", "through": true, "axis": "EW", "length_m": 65.2, "road_category": "市区町村道等", "road_state": "通常部", "width_class": "19.5m以上", "assign_err_m": 29.4}}, {"type": "Feature", "geometry": {"type": "LineString", "coordinates": [[141.349651, 43.057426], [141.349502, 43.058002]]}, "properties": {"link_id": "K01048", "street": "西6丁目通", "street_kind": "格子街路", "through": true, "axis": "NS", "length_m": 65.2, "road_category": "市区町村道等", "road_state": "通常部", "width_class": "13m-19.5m未満", "assign_err_m": 0.9}}, {"type": "Feature", "geometry": {"type": "LineString", "coordinates": [[141.34524, 43.055636], [141.345102, 43.056214]]}, "properties": {"link_id": "K01049", "street": "西9丁目通", "street_kind": "格子街路", "through": true, "axis": "NS", "length_m": 65.2, "road_category": "市区町村道等", "road_state": "通常部", "width_class": "13m-19.5m未満", "assign_err_m": 0.7}}, {"type": "Feature", "geometry": {"type": "LineString", "coordinates": [[141.35157, 43.062622], [141.351684, 43.062163], [141.351712, 43.062045]]}, "properties": {"link_id": "K01058", "street": "西4丁目通", "street_kind": "格子街路", "through": true, "axis": "NS", "length_m": 65.2, "road_category": "都道府県道", "road_state": "通常部", "width_class": "19.5m以上", "assign_err_m": 4.8}}, {"type": "Feature", "geometry": {"type": "LineString", "coordinates": [[141.354042, 43.062365], [141.353902, 43.062942]]}, "properties": {"link_id": "K01061", "street": "西3丁目通〜西2丁目通の裏通り", "street_kind": "裏通り", "through": false, "axis": "NS", "length_m": 65.1, "road_category": "市区町村道等", "road_state": "通常部", "width_class": "3m-5.5m未満", "assign_err_m": 6.8}}, {"type": "Feature", "geometry": {"type": "LineString", "coordinates": [[141.349517, 43.051486], [141.349386, 43.052065]]}, "properties": {"link_id": "K01062", "street": "西7丁目通", "street_kind": "格子街路", "through": true, "axis": "NS", "length_m": 65.1, "road_category": "市区町村道等", "road_state": "通常部", "width_class": "13m-19.5m未満", "assign_err_m": 2.7}}, {"type": "Feature", "geometry": {"type": "LineString", "coordinates": [[141.344972, 43.056787], [141.344826, 43.057363]]}, "properties": {"link_id": "K01064", "street": "西9丁目通", "street_kind": "格子街路", "through": true, "axis": "NS", "length_m": 65.1, "road_category": "市区町村道等", "road_state": "通常部", "width_class": "13m-19.5m未満", "assign_err_m": 1.5}}, {"type": "Feature", "geometry": {"type": "LineString", "coordinates": [[141.351178, 43.051119], [141.351035, 43.051695]]}, "properties": {"link_id": "K01066", "street": "西6丁目通", "street_kind": "格子街路", "through": true, "axis": "NS", "length_m": 65.1, "road_category": "市区町村道等", "road_state": "通常部", "width_class": "5.5m-13m未満", "assign_err_m": 1.8}}, {"type": "Feature", "geometry": {"type": "LineString", "coordinates": [[141.356802, 43.054841], [141.356946, 43.054265]]}, "properties": {"link_id": "K01067", "street": "西2丁目通", "street_kind": "格子街路", "through": true, "axis": "NS", "length_m": 65.1, "road_category": "市区町村道等", "road_state": "通常部", "width_class": "19.5m以上", "assign_err_m": 2.3}}, {"type": "Feature", "geometry": {"type": "LineString", "coordinates": [[141.34597, 43.052786], [141.346114, 43.052209]]}, "properties": {"link_id": "K01070", "street": "西9丁目通", "street_kind": "格子街路", "through": true, "axis": "NS", "length_m": 65.1, "road_category": "市区町村道等", "road_state": "通常部", "width_class": "13m-19.5m未満", "assign_err_m": 3.4}}, {"type": "Feature", "geometry": {"type": "LineString", "coordinates": [[141.349502, 43.058002], [141.349418, 43.058333], [141.349356, 43.058578]]}, "properties": {"link_id": "K01072", "street": "西6丁目通", "street_kind": "格子街路", "through": true, "axis": "NS", "length_m": 65.1, "road_category": "市区町村道等", "road_state": "通常部", "width_class": "13m-19.5m未満", "assign_err_m": 1.5}}, {"type": "Feature", "geometry": {"type": "LineString", "coordinates": [[141.359899, 43.054077], [141.360686, 43.054176]]}, "properties": {"link_id": "K01073", "street": "南6条通", "street_kind": "格子街路", "through": true, "axis": "EW", "length_m": 65.0, "road_category": "市区町村道等", "road_state": "通常部", "width_class": "13m-19.5m未満", "assign_err_m": 9.1}}, {"type": "Feature", "geometry": {"type": "LineString", "coordinates": [[141.356242, 43.057136], [141.356376, 43.056559]]}, "properties": {"link_id": "K01074", "street": "西2丁目通", "street_kind": "格子街路", "through": true, "axis": "NS", "length_m": 65.0, "road_category": "市区町村道等", "road_state": "通常部", "width_class": "19.5m以上", "assign_err_m": 1.9}}, {"type": "Feature", "geometry": {"type": "LineString", "coordinates": [[141.346097, 43.058724], [141.346193, 43.058333], [141.346238, 43.058148]]}, "properties": {"link_id": "K01079", "street": "西8丁目通", "street_kind": "格子街路", "through": true, "axis": "NS", "length_m": 65.0, "road_category": "市区町村道等", "road_state": "通常部", "width_class": "13m-19.5m未満", "assign_err_m": 0.1}}, {"type": "Feature", "geometry": {"type": "LineString", "coordinates": [[141.352541, 43.052492], [141.352391, 43.053067]]}, "properties": {"link_id": "K01081", "street": "西5丁目通", "street_kind": "格子街路", "through": true, "axis": "NS", "length_m": 65.0, "road_category": "市区町村道等", "road_state": "通常部", "width_class": "13m-19.5m未満", "assign_err_m": 4.2}}, {"type": "Feature", "geometry": {"type": "LineString", "coordinates": [[141.349235, 43.052634], [141.349094, 43.053209]]}, "properties": {"link_id": "K01086", "street": "西7丁目通", "street_kind": "格子街路", "through": true, "axis": "NS", "length_m": 64.9, "road_category": "市区町村道等", "road_state": "通常部", "width_class": "13m-19.5m未満", "assign_err_m": 2.2}}, {"type": "Feature", "geometry": {"type": "LineString", "coordinates": [[141.343815, 43.062575], [141.343832, 43.062566], [141.343987, 43.06253], [141.344116, 43.062604], [141.344291, 43.062687], [141.344434, 43.062703], [141.344491, 43.062761]]}, "properties": {"link_id": "K01088", "street": "北2条通〜北3条通の裏通り", "street_kind": "裏通り", "through": false, "axis": "EW", "length_m": 64.9, "road_category": "市区町村道等", "road_state": "通常部", "width_class": "3m未満", "assign_err_m": 24.7}}, {"type": "Feature", "geometry": {"type": "LineString", "coordinates": [[141.343583, 43.056007], [141.343729, 43.055433]]}, "properties": {"link_id": "K01090", "street": "西10丁目通", "street_kind": "格子街路", "through": true, "axis": "NS", "length_m": 64.9, "road_category": "市区町村道等", "road_state": "通常部", "width_class": "3m-5.5m未満", "assign_err_m": 5.2}}, {"type": "Feature", "geometry": {"type": "LineString", "coordinates": [[141.359244, 43.059916], [141.35846, 43.05981]]}, "properties": {"link_id": "K01091", "street": "南1条通", "street_kind": "格子街路", "through": true, "axis": "EW", "length_m": 64.9, "road_category": "市区町村道等", "road_state": "通常部", "width_class": "19.5m以上", "assign_err_m": 7.1}}, {"type": "Feature", "geometry": {"type": "LineString", "coordinates": [[141.352541, 43.052492], [141.35269, 43.051919]]}, "properties": {"link_id": "K01094", "street": "西5丁目通", "street_kind": "格子街路", "through": true, "axis": "NS", "length_m": 64.9, "road_category": "市区町村道等", "road_state": "通常部", "width_class": "13m-19.5m未満", "assign_err_m": 4.9}}, {"type": "Feature", "geometry": {"type": "LineString", "coordinates": [[141.34595, 43.059297], [141.346097, 43.058724]]}, "properties": {"link_id": "K01096", "street": "西8丁目通", "street_kind": "格子街路", "through": true, "axis": "NS", "length_m": 64.9, "road_category": "市区町村道等", "road_state": "通常部", "width_class": "13m-19.5m未満", "assign_err_m": 0.4}}, {"type": "Feature", "geometry": {"type": "LineString", "coordinates": [[141.343583, 43.056007], [141.343452, 43.056583]]}, "properties": {"link_id": "K01097", "street": "西10丁目通", "street_kind": "格子街路", "through": true, "axis": "NS", "length_m": 64.9, "road_category": "市区町村道等", "road_state": "通常部", "width_class": "3m-5.5m未満", "assign_err_m": 5.4}}, {"type": "Feature", "geometry": {"type": "LineString", "coordinates": [[141.353985, 43.066009], [141.354767, 43.066118]]}, "properties": {"link_id": "K01098", "street": "北4条通", "street_kind": "格子街路", "through": true, "axis": "EW", "length_m": 64.8, "road_category": "市区町村道等", "road_state": "通常部", "width_class": "19.5m以上", "assign_err_m": 9.4}}, {"type": "Feature", "geometry": {"type": "LineString", "coordinates": [[141.343397, 43.056576], [141.343259, 43.057151]]}, "properties": {"link_id": "K01100", "street": "西10丁目通", "street_kind": "格子街路", "through": true, "axis": "NS", "length_m": 64.8, "road_category": "市区町村道等", "road_state": "通常部", "width_class": "5.5m-13m未満", "assign_err_m": 1.3}}, {"type": "Feature", "geometry": {"type": "LineString", "coordinates": [[141.356946, 43.054265], [141.357092, 43.053691]]}, "properties": {"link_id": "K01101", "street": "西2丁目通", "street_kind": "格子街路", "through": true, "axis": "NS", "length_m": 64.8, "road_category": "市区町村道等", "road_state": "通常部", "width_class": "19.5m以上", "assign_err_m": 2.7}}, {"type": "Feature", "geometry": {"type": "LineString", "coordinates": [[141.347961, 43.051276], [141.347819, 43.05185]]}, "properties": {"link_id": "K01102", "street": "西8丁目通", "street_kind": "格子街路", "through": true, "axis": "NS", "length_m": 64.8, "road_category": "市区町村道等", "road_state": "通常部", "width_class": "13m-19.5m未満", "assign_err_m": 3.4}}, {"type": "Feature", "geometry": {"type": "LineString", "coordinates": [[141.36086, 43.056695], [141.360284, 43.05662], [141.360077, 43.056592]]}, "properties": {"link_id": "K01103", "street": "南4条通", "street_kind": "格子街路", "through": true, "axis": "EW", "length_m": 64.8, "road_category": "国道", "road_state": "通常部", "width_class": "19.5m以上", "assign_err_m": 21.9}}, {"type": "Feature", "geometry": {"type": "LineString", "coordinates": [[141.344509, 43.06535], [141.34438, 43.065925]]}, "properties": {"link_id": "K01106", "street": "西8丁目通", "street_kind": "格子街路", "through": true, "axis": "NS", "length_m": 64.8, "road_category": "市区町村道等", "road_state": "通常部", "width_class": "5.5m-13m未満", "assign_err_m": 2.8}}, {"type": "Feature", "geometry": {"type": "LineString", "coordinates": [[141.351525, 43.056489], [141.351541, 43.056393], [141.351663, 43.055915]]}, "properties": {"link_id": "K01107", "street": "西5丁目通", "street_kind": "格子街路", "through": true, "axis": "NS", "length_m": 64.8, "road_category": "市区町村道等", "road_state": "通常部", "width_class": "5.5m-13m未満", "assign_err_m": 0.9}}, {"type": "Feature", "geometry": {"type": "LineString", "coordinates": [[141.349101, 43.065971], [141.348953, 43.066543]]}, "properties": {"link_id": "K01108", "street": "西5丁目通", "street_kind": "格子街路", "through": true, "axis": "NS", "length_m": 64.8, "road_category": "市区町村道等", "road_state": "通常部", "width_class": "19.5m以上", "assign_err_m": 7.7}}, {"type": "Feature", "geometry": {"type": "LineString", "coordinates": [[141.347675, 43.052423], [141.347819, 43.05185]]}, "properties": {"link_id": "K01112", "street": "西8丁目通", "street_kind": "格子街路", "through": true, "axis": "NS", "length_m": 64.8, "road_category": "市区町村道等", "road_state": "通常部", "width_class": "13m-19.5m未満", "assign_err_m": 3.1}}, {"type": "Feature", "geometry": {"type": "LineString", "coordinates": [[141.350926, 43.05879], [141.351061, 43.058333], [141.351094, 43.058221]]}, "properties": {"link_id": "K01114", "street": "西5丁目通", "street_kind": "格子街路", "through": true, "axis": "NS", "length_m": 64.7, "road_category": "市区町村道等", "road_state": "通常部", "width_class": "5.5m-13m未満", "assign_err_m": 0.5}}, {"type": "Feature", "geometry": {"type": "LineString", "coordinates": [[141.343116, 43.057722], [141.342978, 43.058296]]}, "properties": {"link_id": "K01115", "street": "西10丁目通", "street_kind": "格子街路", "through": true, "axis": "NS", "length_m": 64.7, "road_category": "市区町村道等", "road_state": "通常部", "width_class": "5.5m-13m未満", "assign_err_m": 1.2}}, {"type": "Feature", "geometry": {"type": "LineString", "coordinates": [[141.344685, 43.057937], [141.344826, 43.057363]]}, "properties": {"link_id": "K01116", "street": "西9丁目通", "street_kind": "格子街路", "through": true, "axis": "NS", "length_m": 64.7, "road_category": "市区町村道等", "road_state": "通常部", "width_class": "13m-19.5m未満", "assign_err_m": 1.2}}, {"type": "Feature", "geometry": {"type": "LineString", "coordinates": [[141.353937, 43.053274], [141.354083, 43.052701]]}, "properties": {"link_id": "K01117", "street": "西4丁目通", "street_kind": "格子街路", "through": true, "axis": "NS", "length_m": 64.7, "road_category": "市区町村道等", "road_state": "通常部", "width_class": "19.5m以上", "assign_err_m": 2.0}}, {"type": "Feature", "geometry": {"type": "LineString", "coordinates": [[141.355485, 43.053482], [141.355325, 43.054053]]}, "properties": {"link_id": "K01118", "street": "西3丁目通", "street_kind": "格子街路", "through": true, "axis": "NS", "length_m": 64.7, "road_category": "市区町村道等", "road_state": "通常部", "width_class": "5.5m-13m未満", "assign_err_m": 0.9}}, {"type": "Feature", "geometry": {"type": "LineString", "coordinates": [[141.339604, 43.065274], [141.339748, 43.064702]]}, "properties": {"link_id": "K01120", "street": "西11丁目通", "street_kind": "格子街路", "through": true, "axis": "NS", "length_m": 64.7, "road_category": "都道府県道", "road_state": "通常部", "width_class": "19.5m以上", "assign_err_m": 2.3}}, {"type": "Feature", "geometry": {"type": "LineString", "coordinates": [[141.355013, 43.052232], [141.354231, 43.05213]]}, "properties": {"link_id": "K01122", "street": "南7条通", "street_kind": "格子街路", "through": true, "axis": "EW", "length_m": 64.7, "road_category": "市区町村道等", "road_state": "通常部", "width_class": "13m-19.5m未満", "assign_err_m": 7.8}}, {"type": "Feature", "geometry": {"type": "LineString", "coordinates": [[141.343098, 43.063368], [141.343112, 43.063314], [141.343125, 43.06328], [141.343147, 43.063225], [141.343191, 43.063188], [141.343239, 43.06316], [141.343267, 43.063149], [141.343321, 43.063136], [141.343411, 43.063121], [141.343507, 43.06311], [141.343618, 43.063105], [141.343694, 43.063111]]}, "properties": {"link_id": "K01123", "street": "北3条通", "street_kind": "格子街路", "through": true, "axis": "EW", "length_m": 64.7, "road_category": "市区町村道等", "road_state": "通常部", "width_class": "3m未満", "assign_err_m": 25.6}}, {"type": "Feature", "geometry": {"type": "LineString", "coordinates": [[141.354767, 43.066118], [141.355547, 43.066228]]}, "properties": {"link_id": "K01134", "street": "北4条通", "street_kind": "格子街路", "through": true, "axis": "EW", "length_m": 64.7, "road_category": "市区町村道等", "road_state": "通常部", "width_class": "19.5m以上", "assign_err_m": 10.2}}, {"type": "Feature", "geometry": {"type": "LineString", "coordinates": [[141.347522, 43.052993], [141.347386, 43.053567]]}, "properties": {"link_id": "K01136", "street": "西8丁目通", "street_kind": "格子街路", "through": true, "axis": "NS", "length_m": 64.7, "road_category": "市区町村道等", "road_state": "通常部", "width_class": "13m-19.5m未満", "assign_err_m": 2.0}}, {"type": "Feature", "geometry": {"type": "LineString", "coordinates": [[141.341812, 43.055768], [141.341824, 43.055719], [141.341923, 43.055301], [141.341939, 43.055193]]}, "properties": {"link_id": "K01137", "street": "西11丁目通", "street_kind": "格子街路", "through": true, "axis": "NS", "length_m": 64.7, "road_category": "国道", "road_state": "通常部", "width_class": "19.5m以上", "assign_err_m": 11.9}}, {"type": "Feature", "geometry": {"type": "LineString", "coordinates": [[141.355506, 43.059995], [141.355655, 43.059423]]}, "properties": {"link_id": "K01138", "street": "西2丁目通", "street_kind": "格子街路", "through": true, "axis": "NS", "length_m": 64.7, "road_category": "市区町村道等", "road_state": "通常部", "width_class": "19.5m以上", "assign_err_m": 0.4}}, {"type": "Feature", "geometry": {"type": "LineString", "coordinates": [[141.354231, 43.05213], [141.354083, 43.052701]]}, "properties": {"link_id": "K01143", "street": "西4丁目通", "street_kind": "格子街路", "through": true, "axis": "NS", "length_m": 64.6, "road_category": "市区町村道等", "road_state": "通常部", "width_class": "19.5m以上", "assign_err_m": 2.6}}, {"type": "Feature", "geometry": {"type": "LineString", "coordinates": [[141.345985, 43.06555], [141.345842, 43.066122]]}, "properties": {"link_id": "K01144", "street": "西7丁目通", "street_kind": "格子街路", "through": true, "axis": "NS", "length_m": 64.6, "road_category": "市区町村道等", "road_state": "通常部", "width_class": "5.5m-13m未満", "assign_err_m": 5.5}}, {"type": "Feature", "geometry": {"type": "LineString", "coordinates": [[141.343259, 43.057151], [141.343116, 43.057722]]}, "properties": {"link_id": "K01146", "street": "西10丁目通", "street_kind": "格子街路", "through": true, "axis": "NS", "length_m": 64.6, "road_category": "市区町村道等", "road_state": "通常部", "width_class": "5.5m-13m未満", "assign_err_m": 1.3}}, {"type": "Feature", "geometry": {"type": "LineString", "coordinates": [[141.341404, 43.057492], [141.341428, 43.05739], [141.341532, 43.056951], [141.34154, 43.056919]]}, "properties": {"link_id": "K01148", "street": "西11丁目通", "street_kind": "格子街路", "through": true, "axis": "NS", "length_m": 64.6, "road_category": "国道", "road_state": "通常部", "width_class": "19.5m以上", "assign_err_m": 10.8}}, {"type": "Feature", "geometry": {"type": "LineString", "coordinates": [[141.351076, 43.051702], [141.350944, 43.052275]]}, "properties": {"link_id": "K01149", "street": "西6丁目通", "street_kind": "格子街路", "through": true, "axis": "NS", "length_m": 64.6, "road_category": "市区町村道等", "road_state": "通常部", "width_class": "13m-19.5m未満", "assign_err_m": 1.9}}, {"type": "Feature", "geometry": {"type": "LineString", "coordinates": [[141.347799, 43.058359], [141.347657, 43.058931]]}, "properties": {"link_id": "K01151", "street": "西7丁目通", "street_kind": "格子街路", "through": true, "axis": "NS", "length_m": 64.6, "road_category": "市区町村道等", "road_state": "通常部", "width_class": "5.5m-13m未満", "assign_err_m": 0.9}}, {"type": "Feature", "geometry": {"type": "LineString", "coordinates": [[141.344972, 43.056787], [141.345102, 43.056214]]}, "properties": {"link_id": "K01152", "street": "西9丁目通", "street_kind": "格子街路", "through": true, "axis": "NS", "length_m": 64.5, "road_category": "市区町村道等", "road_state": "通常部", "width_class": "13m-19.5m未満", "assign_err_m": 1.3}}, {"type": "Feature", "geometry": {"type": "LineString", "coordinates": [[141.347522, 43.052993], [141.347675, 43.052423]]}, "properties": {"link_id": "K01155", "street": "西8丁目通", "street_kind": "格子街路", "through": true, "axis": "NS", "length_m": 64.5, "road_category": "市区町村道等", "road_state": "通常部", "width_class": "13m-19.5m未満", "assign_err_m": 2.4}}, {"type": "Feature", "geometry": {"type": "LineString", "coordinates": [[141.354407, 43.061], [141.353628, 43.060898]]}, "properties": {"link_id": "K01156", "street": "大通", "street_kind": "格子街路", "through": true, "axis": "EW", "length_m": 64.5, "road_category": "市区町村道等", "road_state": "通常部", "width_class": "3m-5.5m未満", "assign_err_m": 20.2}}, {"type": "Feature", "geometry": {"type": "LineString", "coordinates": [[141.350778, 43.059358], [141.350629, 43.059928]]}, "properties": {"link_id": "K01157", "street": "西5丁目通", "street_kind": "格子街路", "through": true, "axis": "NS", "length_m": 64.5, "road_category": "市区町村道等", "road_state": "通常部", "width_class": "5.5m-13m未満", "assign_err_m": 2.8}}, {"type": "Feature", "geometry": {"type": "LineString", "coordinates": [[141.346238, 43.058148], [141.346383, 43.057577]]}, "properties": {"link_id": "K01158", "street": "西8丁目通", "street_kind": "格子街路", "through": true, "axis": "NS", "length_m": 64.5, "road_category": "市区町村道等", "road_state": "通常部", "width_class": "13m-19.5m未満", "assign_err_m": 0.1}}, {"type": "Feature", "geometry": {"type": "LineString", "coordinates": [[141.359046, 43.057517], [141.359825, 43.057621]]}, "properties": {"link_id": "K01159", "street": "南3条通", "street_kind": "格子街路", "through": true, "axis": "EW", "length_m": 64.5, "road_category": "市区町村道等", "road_state": "通常部", "width_class": "13m-19.5m未満", "assign_err_m": 7.9}}, {"type": "Feature", "geometry": {"type": "LineString", "coordinates": [[141.342978, 43.058296], [141.342969, 43.058333], [141.342835, 43.058867]]}, "properties": {"link_id": "K01160", "street": "西10丁目通", "street_kind": "格子街路", "through": true, "axis": "NS", "length_m": 64.5, "road_category": "市区町村道等", "road_state": "通常部", "width_class": "5.5m-13m未満", "assign_err_m": 1.2}}, {"type": "Feature", "geometry": {"type": "LineString", "coordinates": [[141.347934, 43.057787], [141.347805, 43.058333], [141.347799, 43.058359]]}, "properties": {"link_id": "K01161", "street": "西7丁目通", "street_kind": "格子街路", "through": true, "axis": "NS", "length_m": 64.5, "road_category": "市区町村道等", "road_state": "通常部", "width_class": "5.5m-13m未満", "assign_err_m": 1.0}}, {"type": "Feature", "geometry": {"type": "LineString", "coordinates": [[141.359244, 43.059916], [141.360022, 43.060023]]}, "properties": {"link_id": "K01163", "street": "南1条通", "street_kind": "格子街路", "through": true, "axis": "EW", "length_m": 64.5, "road_category": "市区町村道等", "road_state": "通常部", "width_class": "19.5m以上", "assign_err_m": 7.5}}, {"type": "Feature", "geometry": {"type": "LineString", "coordinates": [[141.353064, 43.056705], [141.353082, 43.056634], [141.353196, 43.056177], [141.353206, 43.056134]]}, "properties": {"link_id": "K01165", "street": "西4丁目通", "street_kind": "格子街路", "through": true, "axis": "NS", "length_m": 64.4, "road_category": "国道", "road_state": "通常部", "width_class": "19.5m以上", "assign_err_m": 0.9}}, {"type": "Feature", "geometry": {"type": "LineString", "coordinates": [[141.349386, 43.052065], [141.349235, 43.052634]]}, "properties": {"link_id": "K01169", "street": "西7丁目通", "street_kind": "格子街路", "through": true, "axis": "NS", "length_m": 64.4, "road_category": "市区町村道等", "road_state": "通常部", "width_class": "13m-19.5m未満", "assign_err_m": 2.7}}, {"type": "Feature", "geometry": {"type": "LineString", "coordinates": [[141.353897, 43.059778], [141.354047, 43.059209]]}, "properties": {"link_id": "K01171", "street": "西3丁目通", "street_kind": "格子街路", "through": true, "axis": "NS", "length_m": 64.4, "road_category": "市区町村道等", "road_state": "通常部", "width_class": "5.5m-13m未満", "assign_err_m": 3.6}}, {"type": "Feature", "geometry": {"type": "LineString", "coordinates": [[141.350366, 43.054553], [141.35051, 43.053983]]}, "properties": {"link_id": "K01172", "street": "西6丁目通", "street_kind": "格子街路", "through": true, "axis": "NS", "length_m": 64.4, "road_category": "市区町村道等", "road_state": "通常部", "width_class": "13m-19.5m未満", "assign_err_m": 0.6}}, {"type": "Feature", "geometry": {"type": "LineString", "coordinates": [[141.342464, 43.066251], [141.34261, 43.065682]]}, "properties": {"link_id": "K01173", "street": "西9丁目通", "street_kind": "格子街路", "through": true, "axis": "NS", "length_m": 64.4, "road_category": "市区町村道等", "road_state": "通常部", "width_class": "5.5m-13m未満", "assign_err_m": 13.7}}, {"type": "Feature", "geometry": {"type": "LineString", "coordinates": [[141.352205, 43.06014], [141.352227, 43.060054], [141.35234, 43.059612], [141.35235, 43.05957]]}, "properties": {"link_id": "K01175", "street": "西4丁目通", "street_kind": "格子街路", "through": true, "axis": "NS", "length_m": 64.4, "road_category": "国道", "road_state": "通常部", "width_class": "19.5m以上", "assign_err_m": 2.4}}, {"type": "Feature", "geometry": {"type": "LineString", "coordinates": [[141.349356, 43.058578], [141.349214, 43.059148]]}, "properties": {"link_id": "K01176", "street": "西6丁目通", "street_kind": "格子街路", "through": true, "axis": "NS", "length_m": 64.4, "road_category": "市区町村道等", "road_state": "通常部", "width_class": "13m-19.5m未満", "assign_err_m": 1.8}}, {"type": "Feature", "geometry": {"type": "LineString", "coordinates": [[141.351431, 43.063193], [141.351463, 43.063066], [141.35157, 43.062622]]}, "properties": {"link_id": "K01177", "street": "西4丁目通", "street_kind": "格子街路", "through": true, "axis": "NS", "length_m": 64.4, "road_category": "都道府県道", "road_state": "通常部", "width_class": "19.5m以上", "assign_err_m": 4.9}}, {"type": "Feature", "geometry": {"type": "LineString", "coordinates": [[141.344538, 43.058506], [141.344582, 43.058333], [141.344685, 43.057937]]}, "properties": {"link_id": "K01178", "street": "西9丁目通", "street_kind": "格子街路", "through": true, "axis": "NS", "length_m": 64.4, "road_category": "市区町村道等", "road_state": "通常部", "width_class": "13m-19.5m未満", "assign_err_m": 0.9}}, {"type": "Feature", "geometry": {"type": "LineString", "coordinates": [[141.345386, 43.055066], [141.34524, 43.055636]]}, "properties": {"link_id": "K01181", "street": "西9丁目通", "street_kind": "格子街路", "through": true, "axis": "NS", "length_m": 64.3, "road_category": "市区町村道等", "road_state": "通常部", "width_class": "13m-19.5m未満", "assign_err_m": 0.9}}, {"type": "Feature", "geometry": {"type": "LineString", "coordinates": [[141.341496, 43.066116], [141.341648, 43.065548]]}, "properties": {"link_id": "K01182", "street": "西10丁目通〜西9丁目通の裏通り", "street_kind": "裏通り", "through": false, "axis": "NS", "length_m": 64.3, "road_category": "市区町村道等", "road_state": "通常部", "width_class": "5.5m-13m未満", "assign_err_m": 28.7}}, {"type": "Feature", "geometry": {"type": "LineString", "coordinates": [[141.350531, 43.066753], [141.350552, 43.066667], [141.350558, 43.066641], [141.350669, 43.066182]]}, "properties": {"link_id": "K01183", "street": "西4丁目通", "street_kind": "格子街路", "through": true, "axis": "NS", "length_m": 64.3, "road_category": "都道府県道", "road_state": "通常部", "width_class": "19.5m以上", "assign_err_m": 7.4}}, {"type": "Feature", "geometry": {"type": "LineString", "coordinates": [[141.360077, 43.056592], [141.359932, 43.056568], [141.359303, 43.056478]]}, "properties": {"link_id": "K01185", "street": "南4条通", "street_kind": "格子街路", "through": true, "axis": "EW", "length_m": 64.3, "road_category": "国道", "road_state": "通常部", "width_class": "19.5m以上", "assign_err_m": 21.0}}, {"type": "Feature", "geometry": {"type": "LineString", "coordinates": [[141.355636, 43.052914], [141.355485, 43.053482]]}, "properties": {"link_id": "K01188", "street": "西3丁目通", "street_kind": "格子街路", "through": true, "axis": "NS", "length_m": 64.3, "road_category": "市区町村道等", "road_state": "通常部", "width_class": "5.5m-13m未満", "assign_err_m": 0.5}}, {"type": "Feature", "geometry": {"type": "LineString", "coordinates": [[141.359537, 43.058771], [141.360313, 43.058875]]}, "properties": {"link_id": "K01194", "street": "南2条通", "street_kind": "格子街路", "through": true, "axis": "EW", "length_m": 64.2, "road_category": "市区町村道等", "road_state": "通常部", "width_class": "13m-19.5m未満", "assign_err_m": 8.0}}, {"type": "Feature", "geometry": {"type": "LineString", "coordinates": [[141.360599, 43.057729], [141.359825, 43.057621]]}, "properties": {"link_id": "K01196", "street": "南3条通", "street_kind": "格子街路", "through": true, "axis": "EW", "length_m": 64.2, "road_category": "市区町村道等", "road_state": "通常部", "width_class": "13m-19.5m未満", "assign_err_m": 8.3}}, {"type": "Feature", "geometry": {"type": "LineString", "coordinates": [[141.350778, 43.059358], [141.350926, 43.05879]]}, "properties": {"link_id": "K01197", "street": "西5丁目通", "street_kind": "格子街路", "through": true, "axis": "NS", "length_m": 64.2, "road_category": "市区町村道等", "road_state": "通常部", "width_class": "5.5m-13m未満", "assign_err_m": 2.0}}, {"type": "Feature", "geometry": {"type": "LineString", "coordinates": [[141.339604, 43.065274], [141.339562, 43.06544], [141.339476, 43.065782], [141.33946, 43.065843]]}, "properties": {"link_id": "K01198", "street": "西11丁目通", "street_kind": "格子街路", "through": true, "axis": "NS", "length_m": 64.2, "road_category": "都道府県道", "road_state": "通常部", "width_class": "19.5m以上", "assign_err_m": 2.6}}, {"type": "Feature", "geometry": {"type": "LineString", "coordinates": [[141.35126, 43.06711], [141.350901, 43.067057], [141.350859, 43.067047], [141.35083, 43.067029], [141.350807, 43.067], [141.350793, 43.06697], [141.350789, 43.066931], [141.350785, 43.066786]]}, "properties": {"link_id": "K01200", "street": "北5条通〜北6条通の裏通り", "street_kind": "裏通り", "through": false, "axis": "EW", "length_m": 64.2, "road_category": "市区町村道等", "road_state": "通常部", "width_class": "3m-5.5m未満", "assign_err_m": 26.9}}, {"type": "Feature", "geometry": {"type": "LineString", "coordinates": [[141.353902, 43.062942], [141.353764, 43.063511]]}, "properties": {"link_id": "K01201", "street": "西3丁目通〜西2丁目通の裏通り", "street_kind": "裏通り", "through": false, "axis": "NS", "length_m": 64.2, "road_category": "市区町村道等", "road_state": "通常部", "width_class": "3m-5.5m未満", "assign_err_m": 6.7}}, {"type": "Feature", "geometry": {"type": "LineString", "coordinates": [[141.340503, 43.061709], [141.340652, 43.061142]]}, "properties": {"link_id": "K01202", "street": "西11丁目通", "street_kind": "格子街路", "through": true, "axis": "NS", "length_m": 64.2, "road_category": "都道府県道", "road_state": "通常部", "width_class": "19.5m以上", "assign_err_m": 0.2}}, {"type": "Feature", "geometry": {"type": "LineString", "coordinates": [[141.347386, 43.053567], [141.347241, 43.054134]]}, "properties": {"link_id": "K01204", "street": "西8丁目通", "street_kind": "格子街路", "through": true, "axis": "NS", "length_m": 64.2, "road_category": "市区町村道等", "road_state": "通常部", "width_class": "13m-19.5m未満", "assign_err_m": 1.9}}, {"type": "Feature", "geometry": {"type": "LineString", "coordinates": [[141.347657, 43.058931], [141.347512, 43.059498]]}, "properties": {"link_id": "K01206", "street": "西7丁目通", "street_kind": "格子街路", "through": true, "axis": "NS", "length_m": 64.1, "road_category": "市区町村道等", "road_state": "通常部", "width_class": "5.5m-13m未満", "assign_err_m": 1.3}}, {"type": "Feature", "geometry": {"type": "LineString", "coordinates": [[141.341681, 43.056337], [141.341703, 43.056228], [141.341802, 43.055809], [141.341812, 43.055768]]}, "properties": {"link_id": "K01207", "street": "西11丁目通", "street_kind": "格子街路", "through": true, "axis": "NS", "length_m": 64.1, "road_category": "国道", "road_state": "通常部", "width_class": "19.5m以上", "assign_err_m": 11.5}}, {"type": "Feature", "geometry": {"type": "LineString", "coordinates": [[141.346958, 43.055285], [141.346816, 43.055852]]}, "properties": {"link_id": "K01208", "street": "西8丁目通", "street_kind": "格子街路", "through": true, "axis": "NS", "length_m": 64.1, "road_category": "市区町村道等", "road_state": "通常部", "width_class": "13m-19.5m未満", "assign_err_m": 1.4}}, {"type": "Feature", "geometry": {"type": "LineString", "coordinates": [[141.349077, 43.059716], [141.349214, 43.059148]]}, "properties": {"link_id": "K01209", "street": "西6丁目通", "street_kind": "格子街路", "through": true, "axis": "NS", "length_m": 64.1, "road_category": "市区町村道等", "road_state": "通常部", "width_class": "13m-19.5m未満", "assign_err_m": 1.8}}, {"type": "Feature", "geometry": {"type": "LineString", "coordinates": [[141.356657, 43.055408], [141.356802, 43.054841]]}, "properties": {"link_id": "K01211", "street": "西2丁目通", "street_kind": "格子街路", "through": true, "axis": "NS", "length_m": 64.1, "road_category": "市区町村道等", "road_state": "通常部", "width_class": "19.5m以上", "assign_err_m": 1.9}}, {"type": "Feature", "geometry": {"type": "LineString", "coordinates": [[141.359046, 43.057517], [141.358997, 43.057605], [141.358879, 43.058079]]}, "properties": {"link_id": "K01215", "street": "東1丁目通", "street_kind": "格子街路", "through": true, "axis": "NS", "length_m": 64.0, "road_category": "市区町村道等", "road_state": "通常部", "width_class": "3m-5.5m未満", "assign_err_m": 27.5}}, {"type": "Feature", "geometry": {"type": "LineString", "coordinates": [[141.358681, 43.062097], [141.359455, 43.062197]]}, "properties": {"link_id": "K01216", "street": "大通〜北1条通の裏通り", "street_kind": "裏通り", "through": false, "axis": "EW", "length_m": 64.0, "road_category": "市区町村道等", "road_state": "通常部", "width_class": "5.5m-13m未満", "assign_err_m": 8.8}}, {"type": "Feature", "geometry": {"type": "LineString", "coordinates": [[141.354478, 43.060678], [141.354269, 43.060645], [141.353708, 43.060562]]}, "properties": {"link_id": "K01218", "street": "大通", "street_kind": "格子街路", "through": true, "axis": "EW", "length_m": 64.0, "road_category": "市区町村道等", "road_state": "通常部", "width_class": "3m-5.5m未満", "assign_err_m": 16.9}}, {"type": "Feature", "geometry": {"type": "LineString", "coordinates": [[141.346256, 43.051643], [141.346114, 43.052209]]}, "properties": {"link_id": "K01220", "street": "西9丁目通", "street_kind": "格子街路", "through": true, "axis": "NS", "length_m": 64.0, "road_category": "市区町村道等", "road_state": "通常部", "width_class": "13m-19.5m未満", "assign_err_m": 3.7}}, {"type": "Feature", "geometry": {"type": "LineString", "coordinates": [[141.344064, 43.060401], [141.344202, 43.059834]]}, "properties": {"link_id": "K01222", "street": "西9丁目通", "street_kind": "格子街路", "through": true, "axis": "NS", "length_m": 64.0, "road_category": "市区町村道等", "road_state": "通常部", "width_class": "13m-19.5m未満", "assign_err_m": 0.3}}, {"type": "Feature", "geometry": {"type": "LineString", "coordinates": [[141.349937, 43.056278], [141.35, 43.056029], [141.350079, 43.055713]]}, "properties": {"link_id": "K01227", "street": "西6丁目通", "street_kind": "格子街路", "through": true, "axis": "NS", "length_m": 63.9, "road_category": "市区町村道等", "road_state": "通常部", "width_class": "13m-19.5m未満", "assign_err_m": 0.0}}, {"type": "Feature", "geometry": {"type": "LineString", "coordinates": [[141.353131, 43.062842], [141.352993, 43.063408]]}, "properties": {"link_id": "K01229", "street": "西3丁目通", "street_kind": "格子街路", "through": true, "axis": "NS", "length_m": 63.9, "road_category": "市区町村道等", "road_state": "通常部", "width_class": "5.5m-13m未満", "assign_err_m": 5.5}}, {"type": "Feature", "geometry": {"type": "LineString", "coordinates": [[141.353764, 43.063511], [141.352993, 43.063408]]}, "properties": {"link_id": "K01231", "street": "北2条通", "street_kind": "格子街路", "through": true, "axis": "EW", "length_m": 63.8, "road_category": "市区町村道等", "road_state": "通常部", "width_class": "13m-19.5m未満", "assign_err_m": 1.0}}, {"type": "Feature", "geometry": {"type": "LineString", "coordinates": [[141.350655, 43.053418], [141.35051, 43.053983]]}, "properties": {"link_id": "K01232", "street": "西6丁目通", "street_kind": "格子街路", "through": true, "axis": "NS", "length_m": 63.8, "road_category": "市区町村道等", "road_state": "通常部", "width_class": "13m-19.5m未満", "assign_err_m": 1.1}}, {"type": "Feature", "geometry": {"type": "LineString", "coordinates": [[141.358157, 43.057977], [141.358308, 43.057413]]}, "properties": {"link_id": "K01233", "street": "西1丁目通〜東1丁目通の裏通り", "street_kind": "裏通り", "through": true, "axis": "NS", "length_m": 63.8, "road_category": "市区町村道等", "road_state": "通常部", "width_class": "5.5m-13m未満", "assign_err_m": 22.2}}, {"type": "Feature", "geometry": {"type": "LineString", "coordinates": [[141.353902, 43.062942], [141.353779, 43.06292], [141.353658, 43.062905], [141.353484, 43.062877], [141.353261, 43.062837], [141.353137, 43.062819]]}, "properties": {"link_id": "K01234", "street": "北1条通〜北2条通の裏通り", "street_kind": "裏通り", "through": false, "axis": "EW", "length_m": 63.8, "road_category": "市区町村道等", "road_state": "通常部", "width_class": "3m未満", "assign_err_m": 1.4}}, {"type": "Feature", "geometry": {"type": "LineString", "coordinates": [[141.350799, 43.052854], [141.350655, 43.053418]]}, "properties": {"link_id": "K01236", "street": "西6丁目通", "street_kind": "格子街路", "through": true, "axis": "NS", "length_m": 63.8, "road_category": "市区町村道等", "road_state": "通常部", "width_class": "13m-19.5m未満", "assign_err_m": 1.7}}, {"type": "Feature", "geometry": {"type": "LineString", "coordinates": [[141.351525, 43.056489], [141.351504, 43.056615], [141.35139, 43.057055]]}, "properties": {"link_id": "K01237", "street": "西5丁目通", "street_kind": "格子街路", "through": true, "axis": "NS", "length_m": 63.8, "road_category": "市区町村道等", "road_state": "通常部", "width_class": "5.5m-13m未満", "assign_err_m": 1.8}}, {"type": "Feature", "geometry": {"type": "LineString", "coordinates": [[141.355783, 43.052336], [141.355013, 43.052232]]}, "properties": {"link_id": "K01238", "street": "南7条通", "street_kind": "格子街路", "through": true, "axis": "EW", "length_m": 63.8, "road_category": "市区町村道等", "road_state": "通常部", "width_class": "13m-19.5m未満", "assign_err_m": 7.9}}, {"type": "Feature", "geometry": {"type": "LineString", "coordinates": [[141.347398, 43.066328], [141.347546, 43.065764]]}, "properties": {"link_id": "K01243", "street": "西6丁目通", "street_kind": "格子街路", "through": true, "axis": "NS", "length_m": 63.8, "road_category": "市区町村道等", "road_state": "通常部", "width_class": "13m-19.5m未満", "assign_err_m": 6.5}}, {"type": "Feature", "geometry": {"type": "LineString", "coordinates": [[141.341269, 43.058056], [141.341277, 43.058025], [141.341382, 43.057585], [141.341404, 43.057492]]}, "properties": {"link_id": "K01247", "street": "西11丁目通", "street_kind": "格子街路", "through": true, "axis": "NS", "length_m": 63.7, "road_category": "国道", "road_state": "通常部", "width_class": "19.5m以上", "assign_err_m": 10.5}}, {"type": "Feature", "geometry": {"type": "LineString", "coordinates": [[141.35235, 43.05957], [141.352364, 43.059518], [141.352466, 43.059101], [141.352488, 43.059006]]}, "properties": {"link_id": "K01248", "street": "西4丁目通", "street_kind": "格子街路", "through": true, "axis": "NS", "length_m": 63.7, "road_category": "国道", "road_state": "通常部", "width_class": "19.5m以上", "assign_err_m": 2.1}}, {"type": "Feature", "geometry": {"type": "LineString", "coordinates": [[141.355079, 43.064912], [141.355847, 43.065016]]}, "properties": {"link_id": "K01251", "street": "北3条通", "street_kind": "格子街路", "through": true, "axis": "EW", "length_m": 63.6, "road_category": "市区町村道等", "road_state": "通常部", "width_class": "19.5m以上", "assign_err_m": 3.6}}, {"type": "Feature", "geometry": {"type": "LineString", "coordinates": [[141.355801, 43.058844], [141.355934, 43.058333], [141.355947, 43.058282]]}, "properties": {"link_id": "K01252", "street": "西2丁目通", "street_kind": "格子街路", "through": true, "axis": "NS", "length_m": 63.6, "road_category": "市区町村道等", "road_state": "通常部", "width_class": "19.5m以上", "assign_err_m": 0.7}}, {"type": "Feature", "geometry": {"type": "LineString", "coordinates": [[141.357227, 43.053128], [141.357092, 43.053691]]}, "properties": {"link_id": "K01253", "street": "西2丁目通", "street_kind": "格子街路", "through": true, "axis": "NS", "length_m": 63.6, "road_category": "市区町村道等", "road_state": "通常部", "width_class": "19.5m以上", "assign_err_m": 2.8}}, {"type": "Feature", "geometry": {"type": "LineString", "coordinates": [[141.35924, 43.063073], [141.358473, 43.062971]]}, "properties": {"link_id": "K01254", "street": "北1条通", "street_kind": "格子街路", "through": true, "axis": "EW", "length_m": 63.6, "road_category": "国道", "road_state": "通常部", "width_class": "19.5m以上", "assign_err_m": 2.5}}, {"type": "Feature", "geometry": {"type": "LineString", "coordinates": [[141.357278, 43.067672], [141.358048, 43.067764]]}, "properties": {"link_id": "K01255", "street": "北5条通", "street_kind": "格子街路", "through": true, "axis": "EW", "length_m": 63.6, "road_category": "市区町村道等", "road_state": "通常部", "width_class": "13m-19.5m未満", "assign_err_m": 13.1}}, {"type": "Feature", "geometry": {"type": "LineString", "coordinates": [[141.346816, 43.055852], [141.346675, 43.056415]]}, "properties": {"link_id": "K01256", "street": "西8丁目通", "street_kind": "格子街路", "through": true, "axis": "NS", "length_m": 63.6, "road_category": "市区町村道等", "road_state": "通常部", "width_class": "13m-19.5m未満", "assign_err_m": 1.1}}, {"type": "Feature", "geometry": {"type": "LineString", "coordinates": [[141.352086, 43.06696], [141.352168, 43.066667], [141.352237, 43.0664]]}, "properties": {"link_id": "K01259", "street": "西3丁目通", "street_kind": "格子街路", "through": true, "axis": "NS", "length_m": 63.5, "road_category": "市区町村道等", "road_state": "通常部", "width_class": "5.5m-13m未満", "assign_err_m": 7.9}}, {"type": "Feature", "geometry": {"type": "LineString", "coordinates": [[141.352634, 43.058414], [141.352646, 43.05837], [141.352655, 43.058333], [141.352756, 43.057925], [141.352774, 43.057853]]}, "properties": {"link_id": "K01265", "street": "西4丁目通", "street_kind": "格子街路", "through": true, "axis": "NS", "length_m": 63.4, "road_category": "国道", "road_state": "通常部", "width_class": "19.5m以上", "assign_err_m": 1.9}}, {"type": "Feature", "geometry": {"type": "LineString", "coordinates": [[141.35465, 43.056916], [141.354781, 43.056353]]}, "properties": {"link_id": "K01267", "street": "西3丁目通", "street_kind": "格子街路", "through": true, "axis": "NS", "length_m": 63.4, "road_category": "市区町村道等", "road_state": "通常部", "width_class": "5.5m-13m未満", "assign_err_m": 0.0}}, {"type": "Feature", "geometry": {"type": "LineString", "coordinates": [[141.35328, 43.062258], [141.353137, 43.062819]]}, "properties": {"link_id": "K01268", "street": "西3丁目通", "street_kind": "格子街路", "through": true, "axis": "NS", "length_m": 63.4, "road_category": "市区町村道等", "road_state": "通常部", "width_class": "5.5m-13m未満", "assign_err_m": 5.2}}, {"type": "Feature", "geometry": {"type": "LineString", "coordinates": [[141.358473, 43.062971], [141.358334, 43.062951], [141.358333, 43.062951], [141.357708, 43.062865]]}, "properties": {"link_id": "K01270", "street": "北1条通", "street_kind": "格子街路", "through": true, "axis": "EW", "length_m": 63.3, "road_category": "国道", "road_state": "通常部", "width_class": "19.5m以上", "assign_err_m": 2.1}}, {"type": "Feature", "geometry": {"type": "LineString", "coordinates": [[141.353577, 43.061105], [141.35434, 43.06121]]}, "properties": {"link_id": "K01271", "street": "", "street_kind": "格子外", "through": false, "axis": "EW", "length_m": 63.3, "road_category": "市区町村道等", "road_state": "通常部", "width_class": "5.5m-13m未満", "assign_err_m": 43.6}}, {"type": "Feature", "geometry": {"type": "LineString", "coordinates": [[141.349094, 43.053209], [141.34895, 43.053769]]}, "properties": {"link_id": "K01272", "street": "西7丁目通", "street_kind": "格子街路", "through": true, "axis": "NS", "length_m": 63.3, "road_category": "市区町村道等", "road_state": "通常部", "width_class": "13m-19.5m未満", "assign_err_m": 1.8}}, {"type": "Feature", "geometry": {"type": "LineString", "coordinates": [[141.348514, 43.055508], [141.348374, 43.056068]]}, "properties": {"link_id": "K01273", "street": "西7丁目通", "street_kind": "格子街路", "through": true, "axis": "NS", "length_m": 63.3, "road_category": "市区町村道等", "road_state": "通常部", "width_class": "5.5m-13m未満", "assign_err_m": 0.5}}, {"type": "Feature", "geometry": {"type": "LineString", "coordinates": [[141.358681, 43.062097], [141.358333, 43.06205], [141.357919, 43.061989]]}, "properties": {"link_id": "K01274", "street": "大通〜北1条通の裏通り", "street_kind": "裏通り", "through": false, "axis": "EW", "length_m": 63.3, "road_category": "市区町村道等", "road_state": "通常部", "width_class": "5.5m-13m未満", "assign_err_m": 9.0}}, {"type": "Feature", "geometry": {"type": "LineString", "coordinates": [[141.341412, 43.06125], [141.341266, 43.06181]]}, "properties": {"link_id": "K01276", "street": "西11丁目通〜西10丁目通の裏通り", "street_kind": "裏通り", "through": true, "axis": "NS", "length_m": 63.2, "road_category": "市区町村道等", "road_state": "通常部", "width_class": "3m-5.5m未満", "assign_err_m": 1.7}}, {"type": "Feature", "geometry": {"type": "LineString", "coordinates": [[141.349186, 43.0641], [141.348421, 43.064002]]}, "properties": {"link_id": "K01277", "street": "北3条通", "street_kind": "格子街路", "through": true, "axis": "EW", "length_m": 63.2, "road_category": "市区町村道等", "road_state": "通常部", "width_class": "5.5m-13m未満", "assign_err_m": 0.7}}, {"type": "Feature", "geometry": {"type": "LineString", "coordinates": [[141.359009, 43.052802], [141.358884, 43.053364]]}, "properties": {"link_id": "K01278", "street": "西1丁目通", "street_kind": "格子街路", "through": true, "axis": "NS", "length_m": 63.2, "road_category": "市区町村道等", "road_state": "通常部", "width_class": "5.5m-13m未満", "assign_err_m": 9.8}}, {"type": "Feature", "geometry": {"type": "LineString", "coordinates": [[141.357708, 43.062865], [141.356946, 43.06276]]}, "properties": {"link_id": "K01279", "street": "北1条通", "street_kind": "格子街路", "through": true, "axis": "EW", "length_m": 63.2, "road_category": "国道", "road_state": "通常部", "width_class": "19.5m以上", "assign_err_m": 1.5}}, {"type": "Feature", "geometry": {"type": "LineString", "coordinates": [[141.353459, 43.064696], [141.352698, 43.064588]]}, "properties": {"link_id": "K01280", "street": "北3条通", "street_kind": "格子街路", "through": true, "axis": "EW", "length_m": 63.2, "road_category": "市区町村道等", "road_state": "通常部", "width_class": "19.5m以上", "assign_err_m": 2.6}}, {"type": "Feature", "geometry": {"type": "LineString", "coordinates": [[141.345616, 43.060642], [141.345487, 43.061203]]}, "properties": {"link_id": "K01281", "street": "西8丁目通", "street_kind": "格子街路", "through": true, "axis": "NS", "length_m": 63.2, "road_category": "市区町村道等", "road_state": "通常部", "width_class": "13m-19.5m未満", "assign_err_m": 0.8}}, {"type": "Feature", "geometry": {"type": "LineString", "coordinates": [[141.354042, 43.062365], [141.353859, 43.062339], [141.35328, 43.062258]]}, "properties": {"link_id": "K01283", "street": "北1条通", "street_kind": "格子街路", "through": true, "axis": "EW", "length_m": 63.2, "road_category": "国道", "road_state": "通常部", "width_class": "19.5m以上", "assign_err_m": 0.6}}, {"type": "Feature", "geometry": {"type": "LineString", "coordinates": [[141.357787, 43.05734], [141.357644, 43.057899]]}, "properties": {"link_id": "K01284", "street": "西1丁目通", "street_kind": "格子街路", "through": true, "axis": "NS", "length_m": 63.2, "road_category": "市区町村道等", "road_state": "通常部", "width_class": "5.5m-13m未満", "assign_err_m": 0.1}}, {"type": "Feature", "geometry": {"type": "LineString", "coordinates": [[141.341266, 43.06181], [141.340503, 43.061709]]}, "properties": {"link_id": "K01285", "street": "北2条通", "street_kind": "格子街路", "through": true, "axis": "EW", "length_m": 63.2, "road_category": "市区町村道等", "road_state": "通常部", "width_class": "13m-19.5m未満", "assign_err_m": 7.5}}, {"type": "Feature", "geometry": {"type": "LineString", "coordinates": [[141.342502, 43.060183], [141.342643, 43.059624]]}, "properties": {"link_id": "K01288", "street": "西10丁目通", "street_kind": "格子街路", "through": true, "axis": "NS", "length_m": 63.1, "road_category": "市区町村道等", "road_state": "通常部", "width_class": "5.5m-13m未満", "assign_err_m": 0.3}}, {"type": "Feature", "geometry": {"type": "LineString", "coordinates": [[141.358656, 43.065393], [141.358333, 43.06535], [141.357893, 43.065292]]}, "properties": {"link_id": "K01289", "street": "北3条通", "street_kind": "格子街路", "through": true, "axis": "EW", "length_m": 63.1, "road_category": "市区町村道等", "road_state": "通常部", "width_class": "19.5m以上", "assign_err_m": 4.6}}, {"type": "Feature", "geometry": {"type": "LineString", "coordinates": [[141.357437, 43.064003], [141.358198, 43.06411]]}, "properties": {"link_id": "K01290", "street": "北2条通", "street_kind": "格子街路", "through": true, "axis": "EW", "length_m": 63.1, "road_category": "市区町村道等", "road_state": "通常部", "width_class": "13m-19.5m未満", "assign_err_m": 0.5}}, {"type": "Feature", "geometry": {"type": "LineString", "coordinates": [[141.340652, 43.061142], [141.341412, 43.06125]]}, "properties": {"link_id": "K01291", "street": "北1条通〜北2条通の裏通り", "street_kind": "裏通り", "through": false, "axis": "EW", "length_m": 63.1, "road_category": "市区町村道等", "road_state": "通常部", "width_class": "3m-5.5m未満", "assign_err_m": 6.2}}, {"type": "Feature", "geometry": {"type": "LineString", "coordinates": [[141.360404, 43.055327], [141.361167, 43.055425]]}, "properties": {"link_id": "K01292", "street": "南5条通", "street_kind": "格子街路", "through": true, "axis": "EW", "length_m": 63.1, "road_category": "市区町村道等", "road_state": "通常部", "width_class": "13m-19.5m未満", "assign_err_m": 8.7}}, {"type": "Feature", "geometry": {"type": "LineString", "coordinates": [[141.358728, 43.053918], [141.358794, 43.053679], [141.358884, 43.053364]]}, "properties": {"link_id": "K01296", "street": "西1丁目通", "street_kind": "格子街路", "through": true, "axis": "NS", "length_m": 62.9, "road_category": "市区町村道等", "road_state": "通常部", "width_class": "5.5m-13m未満", "assign_err_m": 9.4}}, {"type": "Feature", "geometry": {"type": "LineString", "coordinates": [[141.357919, 43.061989], [141.357161, 43.06188]]}, "properties": {"link_id": "K01297", "street": "大通〜北1条通の裏通り", "street_kind": "裏通り", "through": false, "axis": "EW", "length_m": 62.9, "road_category": "市区町村道等", "road_state": "通常部", "width_class": "5.5m-13m未満", "assign_err_m": 10.0}}, {"type": "Feature", "geometry": {"type": "LineString", "coordinates": [[141.348232, 43.056625], [141.348374, 43.056068]]}, "properties": {"link_id": "K01298", "street": "西7丁目通", "street_kind": "格子街路", "through": true, "axis": "NS", "length_m": 62.9, "road_category": "市区町村道等", "road_state": "通常部", "width_class": "5.5m-13m未満", "assign_err_m": 0.2}}, {"type": "Feature", "geometry": {"type": "LineString", "coordinates": [[141.352926, 43.057261], [141.352935, 43.057223], [141.353043, 43.056787], [141.353064, 43.056705]]}, "properties": {"link_id": "K01301", "street": "西4丁目通", "street_kind": "格子街路", "through": true, "axis": "NS", "length_m": 62.8, "road_category": "国道", "road_state": "通常部", "width_class": "19.5m以上", "assign_err_m": 1.2}}, {"type": "Feature", "geometry": {"type": "LineString", "coordinates": [[141.359695, 43.061246], [141.359312, 43.061194], [141.359063, 43.06116], [141.358937, 43.061143]]}, "properties": {"link_id": "K01303", "street": "大通", "street_kind": "格子街路", "through": true, "axis": "EW", "length_m": 62.7, "road_category": "市区町村道等", "road_state": "通常部", "width_class": "19.5m以上", "assign_err_m": 29.0}}, {"type": "Feature", "geometry": {"type": "LineString", "coordinates": [[141.353149, 43.065897], [141.35239, 43.0658]]}, "properties": {"link_id": "K01304", "street": "北4条通", "street_kind": "格子街路", "through": true, "axis": "EW", "length_m": 62.7, "road_category": "市区町村道等", "road_state": "通常部", "width_class": "19.5m以上", "assign_err_m": 8.9}}, {"type": "Feature", "geometry": {"type": "LineString", "coordinates": [[141.341095, 43.059188], [141.340338, 43.059091]]}, "properties": {"link_id": "K01311", "street": "大通", "street_kind": "格子街路", "through": true, "axis": "EW", "length_m": 62.6, "road_category": "市区町村道等", "road_state": "通常部", "width_class": "3m-5.5m未満", "assign_err_m": 13.4}}, {"type": "Feature", "geometry": {"type": "LineString", "coordinates": [[141.343924, 43.060993], [141.344056, 43.060439]]}, "properties": {"link_id": "K01312", "street": "西9丁目通", "street_kind": "格子街路", "through": true, "axis": "NS", "length_m": 62.5, "road_category": "市区町村道等", "road_state": "通常部", "width_class": "13m-19.5m未満", "assign_err_m": 0.1}}, {"type": "Feature", "geometry": {"type": "LineString", "coordinates": [[141.357706, 43.059706], [141.358333, 43.059793], [141.35846, 43.05981]]}, "properties": {"link_id": "K01313", "street": "南1条通", "street_kind": "格子街路", "through": true, "axis": "EW", "length_m": 62.5, "road_category": "市区町村道等", "road_state": "通常部", "width_class": "19.5m以上", "assign_err_m": 6.7}}, {"type": "Feature", "geometry": {"type": "LineString", "coordinates": [[141.357498, 43.058494], [141.356744, 43.058389]]}, "properties": {"link_id": "K01315", "street": "南2条通", "street_kind": "格子街路", "through": true, "axis": "EW", "length_m": 62.5, "road_category": "市区町村道等", "road_state": "通常部", "width_class": "13m-19.5m未満", "assign_err_m": 6.5}}, {"type": "Feature", "geometry": {"type": "LineString", "coordinates": [[141.35815, 43.061036], [141.357544, 43.060953], [141.357395, 43.060935]]}, "properties": {"link_id": "K01316", "street": "大通", "street_kind": "格子街路", "through": true, "axis": "EW", "length_m": 62.5, "road_category": "市区町村道等", "road_state": "通常部", "width_class": "19.5m以上", "assign_err_m": 29.8}}, {"type": "Feature", "geometry": {"type": "LineString", "coordinates": [[141.352698, 43.064588], [141.351942, 43.064487]]}, "properties": {"link_id": "K01317", "street": "北3条通", "street_kind": "格子街路", "through": true, "axis": "EW", "length_m": 62.5, "road_category": "市区町村道等", "road_state": "通常部", "width_class": "19.5m以上", "assign_err_m": 2.0}}, {"type": "Feature", "geometry": {"type": "LineString", "coordinates": [[141.357043, 43.057242], [141.356902, 43.057794]]}, "properties": {"link_id": "K01321", "street": "西2丁目通〜西1丁目通の裏通り", "street_kind": "裏通り", "through": false, "axis": "NS", "length_m": 62.5, "road_category": "市区町村道等", "road_state": "通常部", "width_class": "3m-5.5m未満", "assign_err_m": 3.3}}, {"type": "Feature", "geometry": {"type": "LineString", "coordinates": [[141.35465, 43.056916], [141.354518, 43.057469]]}, "properties": {"link_id": "K01322", "street": "西3丁目通", "street_kind": "格子街路", "through": true, "axis": "NS", "length_m": 62.4, "road_category": "市区町村道等", "road_state": "通常部", "width_class": "5.5m-13m未満", "assign_err_m": 0.4}}, {"type": "Feature", "geometry": {"type": "LineString", "coordinates": [[141.349797, 43.05683], [141.349937, 43.056278]]}, "properties": {"link_id": "K01323", "street": "西6丁目通", "street_kind": "格子街路", "through": true, "axis": "NS", "length_m": 62.4, "road_category": "市区町村道等", "road_state": "通常部", "width_class": "13m-19.5m未満", "assign_err_m": 0.3}}, {"type": "Feature", "geometry": {"type": "LineString", "coordinates": [[141.342062, 43.061919], [141.342204, 43.061367]]}, "properties": {"link_id": "K01325", "street": "西10丁目通", "street_kind": "格子街路", "through": true, "axis": "NS", "length_m": 62.4, "road_category": "市区町村道等", "road_state": "通常部", "width_class": "5.5m-13m未満", "assign_err_m": 0.8}}, {"type": "Feature", "geometry": {"type": "LineString", "coordinates": [[141.352547, 43.06518], [141.351794, 43.065082]]}, "properties": {"link_id": "K01326", "street": "北3条通〜北4条通の裏通り", "street_kind": "裏通り", "through": false, "axis": "EW", "length_m": 62.3, "road_category": "市区町村道等", "road_state": "通常部", "width_class": "3m-5.5m未満", "assign_err_m": 4.1}}, {"type": "Feature", "geometry": {"type": "LineString", "coordinates": [[141.348249, 43.063034], [141.348452, 43.063574]]}, "properties": {"link_id": "K01327", "street": "", "street_kind": "斜行・非格子", "through": false, "axis": "NS", "length_m": 62.3, "road_category": "市区町村道等", "road_state": "通常部", "width_class": "3m-5.5m未満"}}, {"type": "Feature", "geometry": {"type": "LineString", "coordinates": [[141.35422, 43.058623], [141.354294, 43.058333], [141.354361, 43.058073]]}, "properties": {"link_id": "K01328", "street": "西3丁目通", "street_kind": "格子街路", "through": true, "axis": "NS", "length_m": 62.2, "road_category": "市区町村道等", "road_state": "通常部", "width_class": "5.5m-13m未満", "assign_err_m": 0.5}}, {"type": "Feature", "geometry": {"type": "LineString", "coordinates": [[141.356103, 43.057686], [141.356242, 43.057136]]}, "properties": {"link_id": "K01329", "street": "西2丁目通", "street_kind": "格子街路", "through": true, "axis": "NS", "length_m": 62.2, "road_category": "市区町村道等", "road_state": "通常部", "width_class": "19.5m以上", "assign_err_m": 2.0}}, {"type": "Feature", "geometry": {"type": "LineString", "coordinates": [[141.357609, 43.054948], [141.357983, 43.055001], [141.358276, 43.055039], [141.358333, 43.055046], [141.358359, 43.055049]]}, "properties": {"link_id": "K01331", "street": "南5条通", "street_kind": "格子街路", "through": true, "axis": "EW", "length_m": 62.2, "road_category": "市区町村道等", "road_state": "通常部", "width_class": "13m-19.5m未満", "assign_err_m": 7.7}}, {"type": "Feature", "geometry": {"type": "LineString", "coordinates": [[141.357595, 43.066488], [141.358333, 43.0666], [141.358342, 43.066601]]}, "properties": {"link_id": "K01333", "street": "北4条通", "street_kind": "格子街路", "through": true, "axis": "EW", "length_m": 62.1, "road_category": "市区町村道等", "road_state": "通常部", "width_class": "19.5m以上", "assign_err_m": 10.5}}, {"type": "Feature", "geometry": {"type": "LineString", "coordinates": [[141.356687, 43.063902], [141.357437, 43.064003]]}, "properties": {"link_id": "K01334", "street": "北2条通", "street_kind": "格子街路", "through": true, "axis": "EW", "length_m": 62.1, "road_category": "市区町村道等", "road_state": "通常部", "width_class": "13m-19.5m未満", "assign_err_m": 0.0}}, {"type": "Feature", "geometry": {"type": "LineString", "coordinates": [[141.346743, 43.062562], [141.34668, 43.062574], [141.346483, 43.062627], [141.346401, 43.06263], [141.346369, 43.062631], [141.346317, 43.06263], [141.346265, 43.062623], [141.346162, 43.062598], [141.346073, 43.062585], [141.346065, 43.062584], [141.34602, 43.062585], [141.346005, 43.062588]]}, "properties": {"link_id": "K01335", "street": "北2条通", "street_kind": "格子街路", "through": true, "axis": "EW", "length_m": 62.0, "road_category": "市区町村道等", "road_state": "通常部", "width_class": "3m未満", "assign_err_m": 6.1}}, {"type": "Feature", "geometry": {"type": "LineString", "coordinates": [[141.358959, 43.052714], [141.359639, 43.052797], [141.359707, 43.052783]]}, "properties": {"link_id": "K01339", "street": "南7条通", "street_kind": "格子街路", "through": true, "axis": "EW", "length_m": 61.9, "road_category": "市区町村道等", "road_state": "通常部", "width_class": "3m-5.5m未満", "assign_err_m": 3.3}}, {"type": "Feature", "geometry": {"type": "LineString", "coordinates": [[141.356464, 43.059531], [141.357209, 43.059634]]}, "properties": {"link_id": "K01340", "street": "南1条通", "street_kind": "格子街路", "through": true, "axis": "EW", "length_m": 61.8, "road_category": "市区町村道等", "road_state": "通常部", "width_class": "19.5m以上", "assign_err_m": 5.3}}, {"type": "Feature", "geometry": {"type": "LineString", "coordinates": [[141.357644, 43.057899], [141.356902, 43.057794]]}, "properties": {"link_id": "K01345", "street": "南3条通〜南2条通の裏通り", "street_kind": "裏通り", "through": true, "axis": "EW", "length_m": 61.6, "road_category": "市区町村道等", "road_state": "通常部", "width_class": "3m-5.5m未満", "assign_err_m": 4.2}}, {"type": "Feature", "geometry": {"type": "LineString", "coordinates": [[141.357043, 43.057242], [141.357787, 43.05734]]}, "properties": {"link_id": "K01346", "street": "南3条通", "street_kind": "格子街路", "through": true, "axis": "EW", "length_m": 61.6, "road_category": "市区町村道等", "road_state": "通常部", "width_class": "13m-19.5m未満", "assign_err_m": 6.4}}, {"type": "Feature", "geometry": {"type": "LineString", "coordinates": [[141.358743, 43.058662], [141.358333, 43.058608], [141.358, 43.058562]]}, "properties": {"link_id": "K01349", "street": "南2条通", "street_kind": "格子街路", "through": true, "axis": "EW", "length_m": 61.5, "road_category": "市区町村道等", "road_state": "通常部", "width_class": "13m-19.5m未満", "assign_err_m": 7.2}}, {"type": "Feature", "geometry": {"type": "LineString", "coordinates": [[141.352993, 43.063408], [141.35225, 43.063306]]}, "properties": {"link_id": "K01350", "street": "北2条通", "street_kind": "格子街路", "through": true, "axis": "EW", "length_m": 61.5, "road_category": "市区町村道等", "road_state": "通常部", "width_class": "13m-19.5m未満", "assign_err_m": 1.4}}, {"type": "Feature", "geometry": {"type": "LineString", "coordinates": [[141.35894, 43.064207], [141.358333, 43.064128], [141.358198, 43.06411]]}, "properties": {"link_id": "K01352", "street": "北2条通", "street_kind": "格子街路", "through": true, "axis": "EW", "length_m": 61.5, "road_category": "市区町村道等", "road_state": "通常部", "width_class": "13m-19.5m未満", "assign_err_m": 0.9}}, {"type": "Feature", "geometry": {"type": "LineString", "coordinates": [[141.34615, 43.060103], [141.346891, 43.060202]]}, "properties": {"link_id": "K01356", "street": "", "street_kind": "格子外", "through": false, "axis": "EW", "length_m": 61.3, "road_category": "市区町村道等", "road_state": "通常部", "width_class": "5.5m-13m未満", "assign_err_m": 40.8}}, {"type": "Feature", "geometry": {"type": "LineString", "coordinates": [[141.358034, 43.056311], [141.357928, 43.056297], [141.357668, 43.056261], [141.357294, 43.056208]]}, "properties": {"link_id": "K01358", "street": "南4条通", "street_kind": "格子街路", "through": true, "axis": "EW", "length_m": 61.3, "road_category": "国道", "road_state": "通常部", "width_class": "19.5m以上", "assign_err_m": 20.1}}, {"type": "Feature", "geometry": {"type": "LineString", "coordinates": [[141.356896, 43.060795], [141.356156, 43.060697]]}, "properties": {"link_id": "K01359", "street": "", "street_kind": "格子外", "through": false, "axis": "EW", "length_m": 61.3, "road_category": "市区町村道等", "road_state": "通常部", "width_class": "19.5m以上", "assign_err_m": 37.9}}, {"type": "Feature", "geometry": {"type": "LineString", "coordinates": [[141.358308, 43.057413], [141.358333, 43.057417], [141.358607, 43.057458], [141.358728, 43.057474], [141.359046, 43.057517]]}, "properties": {"link_id": "K01362", "street": "南3条通", "street_kind": "格子街路", "through": true, "axis": "EW", "length_m": 61.3, "road_category": "市区町村道等", "road_state": "通常部", "width_class": "13m-19.5m未満", "assign_err_m": 7.5}}, {"type": "Feature", "geometry": {"type": "LineString", "coordinates": [[141.34474, 43.05042], [141.343992, 43.050366]]}, "properties": {"link_id": "K01363", "street": "南8条通〜南7条通の裏通り", "street_kind": "裏通り", "through": false, "axis": "EW", "length_m": 61.2, "road_category": "市区町村道等", "road_state": "通常部", "width_class": "3m-5.5m未満", "assign_err_m": 24.6}}, {"type": "Feature", "geometry": {"type": "LineString", "coordinates": [[141.340907, 43.063919], [141.341011, 43.063922], [141.341116, 43.063917], [141.341246, 43.063898], [141.3414, 43.063869], [141.341509, 43.063854], [141.341611, 43.063837], [141.341646, 43.063837]]}, "properties": {"link_id": "K01364", "street": "北3条通〜北4条通の裏通り", "street_kind": "裏通り", "through": false, "axis": "EW", "length_m": 61.2, "road_category": "市区町村道等", "road_state": "通常部", "width_class": "3m未満", "assign_err_m": 24.5}}, {"type": "Feature", "geometry": {"type": "LineString", "coordinates": [[141.34106, 43.06433], [141.340947, 43.064269], [141.340934, 43.064251], [141.34093, 43.064231], [141.340927, 43.064223], [141.340843, 43.064181], [141.340718, 43.064115], [141.340709, 43.064073], [141.340697, 43.064059], [141.340571, 43.063947]]}, "properties": {"link_id": "K01373", "street": "", "street_kind": "斜行・非格子", "through": false, "axis": "EW", "length_m": 60.4, "road_category": "市区町村道等", "road_state": "通常部", "width_class": "3m未満"}}, {"type": "Feature", "geometry": {"type": "LineString", "coordinates": [[141.343603, 43.053458], [141.343558, 43.053647], [141.343529, 43.053997]]}, "properties": {"link_id": "K01376", "street": "西11丁目通〜西10丁目通の裏通り", "street_kind": "裏通り", "through": true, "axis": "NS", "length_m": 60.3, "road_category": "市区町村道等", "road_state": "通常部", "width_class": "3m-5.5m未満", "assign_err_m": 23.2}}, {"type": "Feature", "geometry": {"type": "LineString", "coordinates": [[141.348425, 43.060413], [141.347699, 43.060312]]}, "properties": {"link_id": "K01377", "street": "", "street_kind": "格子外", "through": false, "axis": "EW", "length_m": 60.2, "road_category": "市区町村道等", "road_state": "通常部", "width_class": "5.5m-13m未満", "assign_err_m": 41.6}}, {"type": "Feature", "geometry": {"type": "LineString", "coordinates": [[141.358157, 43.057977], [141.358243, 43.057989], [141.358333, 43.058002], [141.358879, 43.058079]]}, "properties": {"link_id": "K01380", "street": "南3条通〜南2条通の裏通り", "street_kind": "裏通り", "through": true, "axis": "EW", "length_m": 59.9, "road_category": "市区町村道等", "road_state": "通常部", "width_class": "3m未満", "assign_err_m": 6.2}}, {"type": "Feature", "geometry": {"type": "LineString", "coordinates": [[141.359303, 43.056478], [141.35869, 43.056399], [141.35858, 43.056387]]}, "properties": {"link_id": "K01383", "street": "南4条通", "street_kind": "格子街路", "through": true, "axis": "EW", "length_m": 59.8, "road_category": "国道", "road_state": "通常部", "width_class": "19.5m以上", "assign_err_m": 20.5}}, {"type": "Feature", "geometry": {"type": "LineString", "coordinates": [[141.343462, 43.064433], [141.34348, 43.064463], [141.343489, 43.06449], [141.343479, 43.064524], [141.34347, 43.06455], [141.343474, 43.064576], [141.343508, 43.064666], [141.343538, 43.064771], [141.343583, 43.064884], [141.343609, 43.064952]]}, "properties": {"link_id": "K01384", "street": "西9丁目通〜西8丁目通の裏通り", "street_kind": "裏通り", "through": false, "axis": "NS", "length_m": 59.7, "road_category": "市区町村道等", "road_state": "通常部", "width_class": "3m未満", "assign_err_m": 24.6}}, {"type": "Feature", "geometry": {"type": "LineString", "coordinates": [[141.355052, 43.055139], [141.355178, 43.054611]]}, "properties": {"link_id": "K01387", "street": "西3丁目通", "street_kind": "格子街路", "through": true, "axis": "NS", "length_m": 59.6, "road_category": "市区町村道等", "road_state": "通常部", "width_class": "5.5m-13m未満", "assign_err_m": 2.4}}, {"type": "Feature", "geometry": {"type": "LineString", "coordinates": [[141.342323, 43.052363], [141.342328, 43.052329], [141.342337, 43.052127], [141.342323, 43.051922], [141.342314, 43.051829]]}, "properties": {"link_id": "K01388", "street": "西12丁目通〜西11丁目通の裏通り", "street_kind": "裏通り", "through": false, "axis": "NS", "length_m": 59.4, "road_category": "国道", "road_state": "通常部", "width_class": "19.5m以上", "assign_err_m": 22.8}}, {"type": "Feature", "geometry": {"type": "LineString", "coordinates": [[141.341646, 43.063837], [141.341667, 43.063836], [141.341696, 43.063834], [141.341718, 43.063833], [141.341775, 43.063827], [141.341831, 43.063818], [141.341879, 43.063801], [141.341913, 43.063785], [141.341945, 43.063757], [141.342017, 43.063653], [141.342153, 43.063551], [141.342191, 43.06354]]}, "properties": {"link_id": "K01390", "street": "", "street_kind": "斜行・非格子", "through": false, "axis": "NS", "length_m": 59.0, "road_category": "市区町村道等", "road_state": "通常部", "width_class": "3m未満"}}, {"type": "Feature", "geometry": {"type": "LineString", "coordinates": [[141.342116, 43.053885], [141.342837, 43.053925]]}, "properties": {"link_id": "K01396", "street": "南4条通", "street_kind": "格子街路", "through": true, "axis": "EW", "length_m": 58.9, "road_category": "市区町村道等", "road_state": "通常部", "width_class": "3m未満", "assign_err_m": 19.2}}, {"type": "Feature", "geometry": {"type": "LineString", "coordinates": [[141.353655, 43.054412], [141.353782, 43.05389]]}, "properties": {"link_id": "K01397", "street": "西4丁目通", "street_kind": "格子街路", "through": true, "axis": "NS", "length_m": 58.8, "road_category": "市区町村道等", "road_state": "通常部", "width_class": "19.5m以上", "assign_err_m": 1.4}}, {"type": "Feature", "geometry": {"type": "LineString", "coordinates": [[141.352321, 43.054232], [141.352462, 43.053715]]}, "properties": {"link_id": "K01403", "street": "西5丁目通", "street_kind": "格子街路", "through": true, "axis": "NS", "length_m": 58.6, "road_category": "市区町村道等", "road_state": "通常部", "width_class": "3m未満", "assign_err_m": 21.5}}, {"type": "Feature", "geometry": {"type": "LineString", "coordinates": [[141.346743, 43.062562], [141.346872, 43.062044]]}, "properties": {"link_id": "K01404", "street": "西7丁目通", "street_kind": "格子街路", "through": true, "axis": "NS", "length_m": 58.5, "road_category": "市区町村道等", "road_state": "通常部", "width_class": "5.5m-13m未満", "assign_err_m": 3.1}}, {"type": "Feature", "geometry": {"type": "LineString", "coordinates": [[141.352231, 43.053685], [141.352096, 43.054201]]}, "properties": {"link_id": "K01407", "street": "西5丁目通", "street_kind": "格子街路", "through": true, "axis": "NS", "length_m": 58.4, "road_category": "市区町村道等", "road_state": "通常部", "width_class": "13m-19.5m未満", "assign_err_m": 2.7}}, {"type": "Feature", "geometry": {"type": "LineString", "coordinates": [[141.353518, 43.054926], [141.353655, 43.054412]]}, "properties": {"link_id": "K01411", "street": "西4丁目通", "street_kind": "格子街路", "through": true, "axis": "NS", "length_m": 58.3, "road_category": "市区町村道等", "road_state": "通常部", "width_class": "19.5m以上", "assign_err_m": 1.0}}, {"type": "Feature", "geometry": {"type": "LineString", "coordinates": [[141.346041, 43.06246], [141.346158, 43.062475], [141.346743, 43.062562]]}, "properties": {"link_id": "K01412", "street": "北2条通", "street_kind": "格子街路", "through": true, "axis": "EW", "length_m": 58.3, "road_category": "市区町村道等", "road_state": "通常部", "width_class": "13m-19.5m未満", "assign_err_m": 4.5}}, {"type": "Feature", "geometry": {"type": "LineString", "coordinates": [[141.34041, 43.058763], [141.341113, 43.058858]]}, "properties": {"link_id": "K01413", "street": "大通", "street_kind": "格子街路", "through": true, "axis": "EW", "length_m": 58.3, "road_category": "市区町村道等", "road_state": "通常部", "width_class": "3m-5.5m未満", "assign_err_m": 23.2}}, {"type": "Feature", "geometry": {"type": "LineString", "coordinates": [[141.359611, 43.055219], [141.358907, 43.055126]]}, "properties": {"link_id": "K01414", "street": "南5条通", "street_kind": "格子街路", "through": true, "axis": "EW", "length_m": 58.3, "road_category": "市区町村道等", "road_state": "通常部", "width_class": "13m-19.5m未満", "assign_err_m": 8.3}}, {"type": "Feature", "geometry": {"type": "LineString", "coordinates": [[141.345941, 43.06286], [141.346644, 43.062948]]}, "properties": {"link_id": "K01418", "street": "北2条通〜北3条通の裏通り", "street_kind": "裏通り", "through": false, "axis": "EW", "length_m": 58.1, "road_category": "市区町村道等", "road_state": "通常部", "width_class": "3m未満", "assign_err_m": 25.0}}, {"type": "Feature", "geometry": {"type": "LineString", "coordinates": [[141.355178, 43.054611], [141.355313, 43.054098]]}, "properties": {"link_id": "K01421", "street": "西3丁目通", "street_kind": "格子街路", "through": true, "axis": "NS", "length_m": 58.0, "road_category": "市区町村道等", "road_state": "通常部", "width_class": "5.5m-13m未満", "assign_err_m": 2.2}}, {"type": "Feature", "geometry": {"type": "LineString", "coordinates": [[141.342837, 43.053925], [141.342854, 43.053941], [141.342902, 43.053957], [141.343529, 43.053997]]}, "properties": {"link_id": "K01424", "street": "南4条通", "street_kind": "格子街路", "through": true, "axis": "EW", "length_m": 57.7, "road_category": "市区町村道等", "road_state": "通常部", "width_class": "3m未満", "assign_err_m": 21.8}}, {"type": "Feature", "geometry": {"type": "LineString", "coordinates": [[141.340491, 43.064414], [141.340555, 43.064415], [141.340574, 43.064412], [141.340593, 43.064408], [141.340628, 43.064391], [141.340672, 43.064361], [141.340705, 43.064344], [141.340742, 43.064333], [141.340772, 43.064333], [141.340809, 43.064344], [141.340829, 43.064353], [141.340838, 43.064366], [141.340836, 43.064384], [141.34078, 43.064512], [141.340776, 43.064539], [141.340774, 43.064584]]}, "properties": {"link_id": "K01427", "street": "西11丁目通〜西10丁目通の裏通り", "street_kind": "裏通り", "through": true, "axis": "NS", "length_m": 57.5, "road_category": "市区町村道等", "road_state": "通常部", "width_class": "3m未満", "assign_err_m": 10.6}}, {"type": "Feature", "geometry": {"type": "LineString", "coordinates": [[141.359899, 43.054077], [141.359215, 43.053983]]}, "properties": {"link_id": "K01440", "street": "南6条通", "street_kind": "格子街路", "through": true, "axis": "EW", "length_m": 56.7, "road_category": "市区町村道等", "road_state": "通常部", "width_class": "13m-19.5m未満", "assign_err_m": 9.1}}, {"type": "Feature", "geometry": {"type": "LineString", "coordinates": [[141.345234, 43.06235], [141.345254, 43.06226], [141.345351, 43.061847]]}, "properties": {"link_id": "K01442", "street": "西8丁目通", "street_kind": "格子街路", "through": true, "axis": "NS", "length_m": 56.7, "road_category": "市区町村道等", "road_state": "通常部", "width_class": "13m-19.5m未満", "assign_err_m": 1.4}}, {"type": "Feature", "geometry": {"type": "LineString", "coordinates": [[141.348133, 43.063535], [141.348249, 43.063034]]}, "properties": {"link_id": "K01446", "street": "西6丁目通", "street_kind": "格子街路", "through": true, "axis": "NS", "length_m": 56.5, "road_category": "市区町村道等", "road_state": "通常部", "width_class": "3m-5.5m未満", "assign_err_m": 2.9}}, {"type": "Feature", "geometry": {"type": "LineString", "coordinates": [[141.352151, 43.060353], [141.351472, 43.06026]]}, "properties": {"link_id": "K01450", "street": "大通", "street_kind": "格子街路", "through": true, "axis": "EW", "length_m": 56.3, "road_category": "市区町村道等", "road_state": "通常部", "width_class": "3m-5.5m未満", "assign_err_m": 18.4}}, {"type": "Feature", "geometry": {"type": "LineString", "coordinates": [[141.346329, 43.059346], [141.347007, 43.059433]]}, "properties": {"link_id": "K01453", "street": "", "street_kind": "格子外", "through": false, "axis": "EW", "length_m": 56.1, "road_category": "市区町村道等", "road_state": "通常部", "width_class": "19.5m以上", "assign_err_m": 42.8}}, {"type": "Feature", "geometry": {"type": "LineString", "coordinates": [[141.352825, 43.060445], [141.352151, 43.060353]]}, "properties": {"link_id": "K01456", "street": "大通", "street_kind": "格子街路", "through": true, "axis": "EW", "length_m": 55.8, "road_category": "市区町村道等", "road_state": "通常部", "width_class": "3m-5.5m未満", "assign_err_m": 17.9}}, {"type": "Feature", "geometry": {"type": "LineString", "coordinates": [[141.341301, 43.063242], [141.341226, 43.063236], [141.340822, 43.063194], [141.340817, 43.063222], [141.340811, 43.063255], [141.340796, 43.06334]]}, "properties": {"link_id": "K01458", "street": "北3条通", "street_kind": "格子街路", "through": true, "axis": "EW", "length_m": 55.7, "road_category": "市区町村道等", "road_state": "通常部", "width_class": "3m未満", "assign_err_m": 19.6}}, {"type": "Feature", "geometry": {"type": "LineString", "coordinates": [[141.352737, 43.060779], [141.352066, 43.060688]]}, "properties": {"link_id": "K01462", "street": "大通", "street_kind": "格子街路", "through": true, "axis": "EW", "length_m": 55.6, "road_category": "市区町村道等", "road_state": "通常部", "width_class": "3m-5.5m未満", "assign_err_m": 19.9}}, {"type": "Feature", "geometry": {"type": "LineString", "coordinates": [[141.356696, 43.066373], [141.356025, 43.066291]]}, "properties": {"link_id": "K01466", "street": "北4条通", "street_kind": "格子街路", "through": true, "axis": "EW", "length_m": 55.4, "road_category": "市区町村道等", "road_state": "通常部", "width_class": "19.5m以上", "assign_err_m": 10.3}}, {"type": "Feature", "geometry": {"type": "LineString", "coordinates": [[141.351398, 43.060594], [141.352066, 43.060688]]}, "properties": {"link_id": "K01468", "street": "大通", "street_kind": "格子街路", "through": true, "axis": "EW", "length_m": 55.4, "road_category": "市区町村道等", "road_state": "通常部", "width_class": "3m-5.5m未満", "assign_err_m": 19.4}}, {"type": "Feature", "geometry": {"type": "LineString", "coordinates": [[141.342796, 43.065206], [141.342774, 43.065242], [141.342738, 43.06534], [141.342717, 43.065399], [141.342713, 43.065458], [141.342665, 43.065592], [141.34261, 43.065682]]}, "properties": {"link_id": "K01470", "street": "西9丁目通", "street_kind": "格子街路", "through": true, "axis": "NS", "length_m": 55.3, "road_category": "市区町村道等", "road_state": "通常部", "width_class": "3m未満", "assign_err_m": 10.2}}, {"type": "Feature", "geometry": {"type": "LineString", "coordinates": [[141.341078, 43.06497], [141.341095, 43.064952], [141.341117, 43.06492], [141.341131, 43.064883], [141.341145, 43.06482], [141.34115, 43.064749], [141.341146, 43.064694], [141.341165, 43.064642], [141.341212, 43.064581], [141.341249, 43.064547], [141.341279, 43.06451]]}, "properties": {"link_id": "K01471", "street": "西10丁目通", "street_kind": "格子街路", "through": true, "axis": "NS", "length_m": 55.3, "road_category": "市区町村道等", "road_state": "通常部", "width_class": "3m未満", "assign_err_m": 18.0}}, {"type": "Feature", "geometry": {"type": "LineString", "coordinates": [[141.360175, 43.052846], [141.359525, 43.052982]]}, "properties": {"link_id": "K01475", "street": "", "street_kind": "斜行・非格子", "through": false, "axis": "EW", "length_m": 55.1, "road_category": "市区町村道等", "road_state": "通常部", "width_class": "5.5m-13m未満"}}, {"type": "Feature", "geometry": {"type": "LineString", "coordinates": [[141.348514, 43.055508], [141.348632, 43.055022]]}, "properties": {"link_id": "K01477", "street": "西7丁目通", "street_kind": "格子街路", "through": true, "axis": "NS", "length_m": 54.8, "road_category": "市区町村道等", "road_state": "通常部", "width_class": "5.5m-13m未満", "assign_err_m": 0.6}}, {"type": "Feature", "geometry": {"type": "LineString", "coordinates": [[141.345802, 43.050497], [141.345736, 43.050988]]}, "properties": {"link_id": "K01479", "street": "西10丁目通〜西9丁目通の裏通り", "street_kind": "裏通り", "through": false, "axis": "NS", "length_m": 54.7, "road_category": "市区町村道等", "road_state": "通常部", "width_class": "5.5m-13m未満", "assign_err_m": 12.2}}, {"type": "Feature", "geometry": {"type": "LineString", "coordinates": [[141.34862, 43.051366], [141.347961, 43.051276]]}, "properties": {"link_id": "K01481", "street": "南7条通", "street_kind": "格子街路", "through": true, "axis": "EW", "length_m": 54.6, "road_category": "市区町村道等", "road_state": "通常部", "width_class": "13m-19.5m未満", "assign_err_m": 4.6}}, {"type": "Feature", "geometry": {"type": "LineString", "coordinates": [[141.345505, 43.054627], [141.345622, 43.054144]]}, "properties": {"link_id": "K01483", "street": "西9丁目通", "street_kind": "格子街路", "through": true, "axis": "NS", "length_m": 54.4, "road_category": "市区町村道等", "road_state": "通常部", "width_class": "13m-19.5m未満", "assign_err_m": 2.1}}, {"type": "Feature", "geometry": {"type": "LineString", "coordinates": [[141.344172, 43.059614], [141.343964, 43.059592], [141.343733, 43.05961], [141.343682, 43.059597], [141.343599, 43.059549], [141.343541, 43.059535]]}, "properties": {"link_id": "K01491", "street": "大通", "street_kind": "格子街路", "through": true, "axis": "EW", "length_m": 54.0, "road_category": "市区町村道等", "road_state": "通常部", "width_class": "3m-5.5m未満", "assign_err_m": 17.9}}, {"type": "Feature", "geometry": {"type": "LineString", "coordinates": [[141.354781, 43.056353], [141.354895, 43.055876]]}, "properties": {"link_id": "K01493", "street": "西3丁目通", "street_kind": "格子街路", "through": true, "axis": "NS", "length_m": 53.9, "road_category": "市区町村道等", "road_state": "通常部", "width_class": "5.5m-13m未満", "assign_err_m": 0.3}}, {"type": "Feature", "geometry": {"type": "LineString", "coordinates": [[141.359159, 43.053481], [141.359051, 43.053958]]}, "properties": {"link_id": "K01494", "street": "西1丁目通〜東1丁目通の裏通り", "street_kind": "裏通り", "through": true, "axis": "NS", "length_m": 53.7, "road_category": "市区町村道等", "road_state": "通常部", "width_class": "5.5m-13m未満", "assign_err_m": 30.0}}, {"type": "Feature", "geometry": {"type": "LineString", "coordinates": [[141.350079, 43.055713], [141.350191, 43.055238]]}, "properties": {"link_id": "K01495", "street": "西6丁目通", "street_kind": "格子街路", "through": true, "axis": "NS", "length_m": 53.5, "road_category": "市区町村道等", "road_state": "通常部", "width_class": "13m-19.5m未満", "assign_err_m": 0.0}}, {"type": "Feature", "geometry": {"type": "LineString", "coordinates": [[141.347076, 43.054812], [141.346958, 43.055285]]}, "properties": {"link_id": "K01496", "street": "西8丁目通", "street_kind": "格子街路", "through": true, "axis": "NS", "length_m": 53.4, "road_category": "市区町村道等", "road_state": "通常部", "width_class": "13m-19.5m未満", "assign_err_m": 1.6}}, {"type": "Feature", "geometry": {"type": "LineString", "coordinates": [[141.340796, 43.06334], [141.340509, 43.063315], [141.34049, 43.063399], [141.340458, 43.063581]]}, "properties": {"link_id": "K01498", "street": "西11丁目通", "street_kind": "格子街路", "through": true, "axis": "NS", "length_m": 53.4, "road_category": "市区町村道等", "road_state": "通常部", "width_class": "3m未満", "assign_err_m": 32.2}}, {"type": "Feature", "geometry": {"type": "LineString", "coordinates": [[141.354424, 43.053976], [141.353782, 43.05389]]}, "properties": {"link_id": "K01501", "street": "南6条通〜南5条通の裏通り", "street_kind": "裏通り", "through": true, "axis": "EW", "length_m": 53.2, "road_category": "市区町村道等", "road_state": "通常部", "width_class": "3m-5.5m未満", "assign_err_m": 11.8}}, {"type": "Feature", "geometry": {"type": "LineString", "coordinates": [[141.354576, 43.05336], [141.353937, 43.053274]]}, "properties": {"link_id": "K01503", "street": "南6条通", "street_kind": "格子街路", "through": true, "axis": "EW", "length_m": 53.0, "road_category": "市区町村道等", "road_state": "通常部", "width_class": "13m-19.5m未満", "assign_err_m": 7.2}}, {"type": "Feature", "geometry": {"type": "LineString", "coordinates": [[141.341078, 43.06497], [141.340967, 43.064942], [141.340824, 43.064742], [141.340796, 43.064696], [141.340778, 43.064643], [141.340774, 43.064584]]}, "properties": {"link_id": "K01505", "street": "", "street_kind": "斜行・非格子", "through": false, "axis": "NS", "length_m": 52.9, "road_category": "市区町村道等", "road_state": "通常部", "width_class": "3m未満"}}, {"type": "Feature", "geometry": {"type": "LineString", "coordinates": [[141.351213, 43.060225], [141.350576, 43.06014]]}, "properties": {"link_id": "K01507", "street": "大通", "street_kind": "格子街路", "through": true, "axis": "EW", "length_m": 52.8, "road_category": "市区町村道等", "road_state": "通常部", "width_class": "3m-5.5m未満", "assign_err_m": 18.7}}, {"type": "Feature", "geometry": {"type": "LineString", "coordinates": [[141.344257, 43.059285], [141.343621, 43.059198]]}, "properties": {"link_id": "K01508", "street": "大通", "street_kind": "格子街路", "through": true, "axis": "EW", "length_m": 52.7, "road_category": "市区町村道等", "road_state": "通常部", "width_class": "3m-5.5m未満", "assign_err_m": 21.8}}, {"type": "Feature", "geometry": {"type": "LineString", "coordinates": [[141.339163, 43.064433], [141.339394, 43.06446], [141.339473, 43.064453], [141.339802, 43.064488]]}, "properties": {"link_id": "K01511", "street": "北4条通〜北5条通の裏通り", "street_kind": "裏通り", "through": false, "axis": "EW", "length_m": 52.6, "road_category": "市区町村道等", "road_state": "通常部", "width_class": "3m未満", "assign_err_m": 17.0}}, {"type": "Feature", "geometry": {"type": "LineString", "coordinates": [[141.351663, 43.055915], [141.351723, 43.055652], [141.351773, 43.05545]]}, "properties": {"link_id": "K01512", "street": "西5丁目通", "street_kind": "格子街路", "through": true, "axis": "NS", "length_m": 52.5, "road_category": "市区町村道等", "road_state": "通常部", "width_class": "5.5m-13m未満", "assign_err_m": 0.9}}, {"type": "Feature", "geometry": {"type": "LineString", "coordinates": [[141.34378, 43.054497], [141.343827, 43.054025]]}, "properties": {"link_id": "K01513", "street": "西10丁目通", "street_kind": "格子街路", "through": true, "axis": "NS", "length_m": 52.5, "road_category": "市区町村道等", "road_state": "通常部", "width_class": "3m-5.5m未満", "assign_err_m": 11.5}}, {"type": "Feature", "geometry": {"type": "LineString", "coordinates": [[141.353206, 43.056134], [141.353217, 43.056089], [141.353287, 43.055814], [141.353325, 43.05567]]}, "properties": {"link_id": "K01514", "street": "西4丁目通", "street_kind": "格子街路", "through": true, "axis": "NS", "length_m": 52.5, "road_category": "国道", "road_state": "通常部", "width_class": "19.5m以上", "assign_err_m": 0.6}}, {"type": "Feature", "geometry": {"type": "LineString", "coordinates": [[141.34894, 43.060253], [141.34831, 43.060171]]}, "properties": {"link_id": "K01516", "street": "大通", "street_kind": "格子街路", "through": true, "axis": "EW", "length_m": 52.1, "road_category": "市区町村道等", "road_state": "通常部", "width_class": "3m-5.5m未満", "assign_err_m": 17.1}}, {"type": "Feature", "geometry": {"type": "LineString", "coordinates": [[141.356376, 43.056559], [141.356489, 43.056097]]}, "properties": {"link_id": "K01517", "street": "西2丁目通", "street_kind": "格子街路", "through": true, "axis": "NS", "length_m": 52.1, "road_category": "市区町村道等", "road_state": "通常部", "width_class": "19.5m以上", "assign_err_m": 1.7}}, {"type": "Feature", "geometry": {"type": "LineString", "coordinates": [[141.355485, 43.053482], [141.354856, 43.053398]]}, "properties": {"link_id": "K01518", "street": "南6条通", "street_kind": "格子街路", "through": true, "axis": "EW", "length_m": 52.0, "road_category": "市区町村道等", "road_state": "通常部", "width_class": "13m-19.5m未満", "assign_err_m": 7.5}}, {"type": "Feature", "geometry": {"type": "LineString", "coordinates": [[141.343233, 43.06262], [141.343284, 43.062679], [141.343315, 43.062698], [141.343356, 43.062717], [141.343382, 43.062726], [141.343417, 43.062731], [141.343441, 43.062731], [141.34346, 43.062729], [141.343479, 43.062724], [141.343492, 43.062723], [141.343503, 43.062723], [141.343536, 43.062731], [141.343552, 43.062738], [141.343572, 43.062748], [141.343593, 43.062755], [141.343608, 43.062759], [141.343635, 43.062764], [141.343671, 43.062767], [141.343792, 43.062773]]}, "properties": {"link_id": "K01519", "street": "北2条通〜北3条通の裏通り", "street_kind": "裏通り", "through": false, "axis": "EW", "length_m": 51.9, "road_category": "市区町村道等", "road_state": "通常部", "width_class": "3m未満", "assign_err_m": 3.4}}, {"type": "Feature", "geometry": {"type": "LineString", "coordinates": [[141.349517, 43.051486], [141.35, 43.051554], [141.350142, 43.051573]]}, "properties": {"link_id": "K01523", "street": "南7条通", "street_kind": "格子街路", "through": true, "axis": "EW", "length_m": 51.8, "road_category": "市区町村道等", "road_state": "通常部", "width_class": "13m-19.5m未満", "assign_err_m": 5.4}}, {"type": "Feature", "geometry": {"type": "LineString", "coordinates": [[141.344685, 43.057937], [141.345304, 43.058027]]}, "properties": {"link_id": "K01527", "street": "南1条通", "street_kind": "格子街路", "through": true, "axis": "EW", "length_m": 51.5, "road_category": "市区町村道等", "road_state": "通常部", "width_class": "19.5m以上", "assign_err_m": 0.4}}, {"type": "Feature", "geometry": {"type": "LineString", "coordinates": [[141.342116, 43.053885], [141.342176, 43.053449], [141.342179, 43.053426]]}, "properties": {"link_id": "K01529", "street": "西11丁目通", "street_kind": "格子街路", "through": true, "axis": "NS", "length_m": 51.3, "road_category": "国道", "road_state": "通常部", "width_class": "19.5m以上", "assign_err_m": 26.2}}, {"type": "Feature", "geometry": {"type": "LineString", "coordinates": [[141.348447, 43.06389], [141.348276, 43.063882], [141.34823, 43.064087], [141.348392, 43.064122]]}, "properties": {"link_id": "K01536", "street": "北3条通", "street_kind": "格子街路", "through": true, "axis": "EW", "length_m": 50.9, "road_category": "市区町村道等", "road_state": "通常部", "width_class": "3m未満", "assign_err_m": 0.2}}, {"type": "Feature", "geometry": {"type": "LineString", "coordinates": [[141.355313, 43.054098], [141.354702, 43.054014]]}, "properties": {"link_id": "K01540", "street": "南6条通〜南5条通の裏通り", "street_kind": "裏通り", "through": true, "axis": "EW", "length_m": 50.6, "road_category": "市区町村道等", "road_state": "通常部", "width_class": "3m-5.5m未満", "assign_err_m": 12.3}}, {"type": "Feature", "geometry": {"type": "LineString", "coordinates": [[141.350493, 43.060469], [141.3511, 43.060553]]}, "properties": {"link_id": "K01541", "street": "大通", "street_kind": "格子街路", "through": true, "axis": "EW", "length_m": 50.3, "road_category": "市区町村道等", "road_state": "通常部", "width_class": "3m-5.5m未満", "assign_err_m": 18.6}}, {"type": "Feature", "geometry": {"type": "LineString", "coordinates": [[141.343815, 43.062575], [141.343753, 43.062553], [141.343711, 43.06254], [141.343692, 43.062536], [141.343655, 43.062534], [141.343629, 43.062533], [141.34359, 43.062532], [141.343543, 43.062533], [141.343518, 43.062539], [141.343475, 43.062548], [141.34342, 43.062563], [141.343328, 43.06258], [141.343258, 43.062605], [141.343233, 43.06262]]}, "properties": {"link_id": "K01542", "street": "北2条通〜北3条通の裏通り", "street_kind": "裏通り", "through": false, "axis": "EW", "length_m": 50.3, "road_category": "市区町村道等", "road_state": "通常部", "width_class": "3m未満", "assign_err_m": 23.6}}, {"type": "Feature", "geometry": {"type": "LineString", "coordinates": [[141.345386, 43.055066], [141.345505, 43.054627]]}, "properties": {"link_id": "K01549", "street": "西9丁目通", "street_kind": "格子街路", "through": true, "axis": "NS", "length_m": 49.8, "road_category": "市区町村道等", "road_state": "通常部", "width_class": "13m-19.5m未満", "assign_err_m": 1.6}}, {"type": "Feature", "geometry": {"type": "LineString", "coordinates": [[141.353708, 43.060562], [141.353118, 43.060484]]}, "properties": {"link_id": "K01557", "street": "大通", "street_kind": "格子街路", "through": true, "axis": "EW", "length_m": 48.9, "road_category": "市区町村道等", "road_state": "通常部", "width_class": "3m-5.5m未満", "assign_err_m": 17.7}}, {"type": "Feature", "geometry": {"type": "LineString", "coordinates": [[141.353628, 43.060898], [141.353041, 43.060815]]}, "properties": {"link_id": "K01559", "street": "大通", "street_kind": "格子街路", "through": true, "axis": "EW", "length_m": 48.7, "road_category": "市区町村道等", "road_state": "通常部", "width_class": "3m-5.5m未満", "assign_err_m": 19.9}}, {"type": "Feature", "geometry": {"type": "LineString", "coordinates": [[141.340513, 43.063958], [141.340524, 43.064049], [141.340512, 43.064148], [141.34049, 43.064391]]}, "properties": {"link_id": "K01565", "street": "西11丁目通〜西10丁目通の裏通り", "street_kind": "裏通り", "through": true, "axis": "NS", "length_m": 48.3, "road_category": "市区町村道等", "road_state": "通常部", "width_class": "3m未満", "assign_err_m": 16.4}}, {"type": "Feature", "geometry": {"type": "LineString", "coordinates": [[141.351962, 43.054721], [141.352546, 43.054794]]}, "properties": {"link_id": "K01567", "street": "南5条通〜南4条通の裏通り", "street_kind": "裏通り", "through": true, "axis": "EW", "length_m": 48.3, "road_category": "市区町村道等", "road_state": "通常部", "width_class": "3m-5.5m未満", "assign_err_m": 1.5}}, {"type": "Feature", "geometry": {"type": "LineString", "coordinates": [[141.352025, 43.054486], [141.352606, 43.054563]]}, "properties": {"link_id": "K01570", "street": "南5条通〜南4条通の裏通り", "street_kind": "裏通り", "through": true, "axis": "EW", "length_m": 48.1, "road_category": "市区町村道等", "road_state": "通常部", "width_class": "3m未満", "assign_err_m": 27.8}}, {"type": "Feature", "geometry": {"type": "LineString", "coordinates": [[141.34813, 43.050583], [141.348027, 43.051008]]}, "properties": {"link_id": "K01573", "street": "西8丁目通", "street_kind": "格子街路", "through": true, "axis": "NS", "length_m": 48.0, "road_category": "市区町村道等", "road_state": "通常部", "width_class": "3m-5.5m未満", "assign_err_m": 3.4}}, {"type": "Feature", "geometry": {"type": "LineString", "coordinates": [[141.343752, 43.063939], [141.343626, 43.063993], [141.343535, 43.064012], [141.343465, 43.064021], [141.343418, 43.064024], [141.343365, 43.06402], [141.343303, 43.064009], [141.343247, 43.06394]]}, "properties": {"link_id": "K01578", "street": "", "street_kind": "斜行・非格子", "through": false, "axis": "EW", "length_m": 47.7, "road_category": "市区町村道等", "road_state": "通常部", "width_class": "3m未満"}}, {"type": "Feature", "geometry": {"type": "LineString", "coordinates": [[141.342294, 43.064394], [141.342536, 43.064304], [141.342632, 43.064268], [141.342778, 43.064236], [141.342826, 43.064222]]}, "properties": {"link_id": "K01582", "street": "", "street_kind": "斜行・非格子", "through": false, "axis": "EW", "length_m": 47.5, "road_category": "市区町村道等", "road_state": "通常部", "width_class": "3m未満"}}, {"type": "Feature", "geometry": {"type": "LineString", "coordinates": [[141.347385, 43.060051], [141.346813, 43.059974]]}, "properties": {"link_id": "K01585", "street": "大通", "street_kind": "格子街路", "through": true, "axis": "EW", "length_m": 47.4, "road_category": "市区町村道等", "road_state": "通常部", "width_class": "3m-5.5m未満", "assign_err_m": 17.2}}, {"type": "Feature", "geometry": {"type": "LineString", "coordinates": [[141.34098, 43.059829], [141.341, 43.059747], [141.341062, 43.059502], [141.341084, 43.059415]]}, "properties": {"link_id": "K01601", "street": "西11丁目通", "street_kind": "格子街路", "through": true, "axis": "NS", "length_m": 46.8, "road_category": "国道", "road_state": "通常部", "width_class": "19.5m以上", "assign_err_m": 1.3}}, {"type": "Feature", "geometry": {"type": "LineString", "coordinates": [[141.355792, 43.061185], [141.355228, 43.061107]]}, "properties": {"link_id": "K01602", "street": "大通", "street_kind": "格子街路", "through": true, "axis": "EW", "length_m": 46.8, "road_category": "市区町村道等", "road_state": "通常部", "width_class": "3m-5.5m未満", "assign_err_m": 20.3}}, {"type": "Feature", "geometry": {"type": "LineString", "coordinates": [[141.359525, 43.052982], [141.359458, 43.052966], [141.359338, 43.052934], [141.35921, 43.052884], [141.359136, 43.052852], [141.359009, 43.052802]]}, "properties": {"link_id": "K01605", "street": "南7条通", "street_kind": "格子街路", "through": true, "axis": "EW", "length_m": 46.7, "road_category": "市区町村道等", "road_state": "通常部", "width_class": "3m-5.5m未満", "assign_err_m": 19.7}}, {"type": "Feature", "geometry": {"type": "LineString", "coordinates": [[141.345731, 43.051026], [141.345677, 43.051444]]}, "properties": {"link_id": "K01608", "street": "西10丁目通〜西9丁目通の裏通り", "street_kind": "裏通り", "through": false, "axis": "NS", "length_m": 46.6, "road_category": "市区町村道等", "road_state": "通常部", "width_class": "3m-5.5m未満", "assign_err_m": 16.6}}, {"type": "Feature", "geometry": {"type": "LineString", "coordinates": [[141.353886, 43.053478], [141.353782, 43.05389]]}, "properties": {"link_id": "K01609", "street": "西4丁目通", "street_kind": "格子街路", "through": true, "axis": "NS", "length_m": 46.6, "road_category": "市区町村道等", "road_state": "通常部", "width_class": "19.5m以上", "assign_err_m": 1.5}}, {"type": "Feature", "geometry": {"type": "LineString", "coordinates": [[141.350085, 43.060074], [141.35, 43.060063], [141.349799, 43.060036], [141.349525, 43.059999]]}, "properties": {"link_id": "K01614", "street": "大通", "street_kind": "格子街路", "through": true, "axis": "EW", "length_m": 46.3, "road_category": "市区町村道等", "road_state": "通常部", "width_class": "3m-5.5m未満", "assign_err_m": 19.0}}, {"type": "Feature", "geometry": {"type": "LineString", "coordinates": [[141.341671, 43.058933], [141.341667, 43.058932], [141.341113, 43.058858]]}, "properties": {"link_id": "K01615", "street": "大通", "street_kind": "格子街路", "through": true, "axis": "EW", "length_m": 46.2, "road_category": "市区町村道等", "road_state": "通常部", "width_class": "3m-5.5m未満", "assign_err_m": 23.0}}, {"type": "Feature", "geometry": {"type": "LineString", "coordinates": [[141.341646, 43.063837], [141.341642, 43.063813], [141.34163, 43.063805], [141.341612, 43.063802], [141.341539, 43.0638], [141.341511, 43.063795], [141.341492, 43.063787], [141.341482, 43.063778], [141.341473, 43.063762], [141.341457, 43.063725], [141.341431, 43.063692], [141.34141, 43.063677], [141.341332, 43.063645], [141.341273, 43.063627], [141.341227, 43.063618]]}, "properties": {"link_id": "K01616", "street": "北3条通〜北4条通の裏通り", "street_kind": "裏通り", "through": false, "axis": "EW", "length_m": 46.0, "road_category": "市区町村道等", "road_state": "通常部", "width_class": "3m未満", "assign_err_m": 3.3}}, {"type": "Feature", "geometry": {"type": "LineString", "coordinates": [[141.34438, 43.065925], [141.343825, 43.065847]]}, "properties": {"link_id": "K01617", "street": "北5条通", "street_kind": "格子街路", "through": true, "axis": "EW", "length_m": 46.0, "road_category": "市区町村道等", "road_state": "通常部", "width_class": "19.5m以上", "assign_err_m": 7.6}}, {"type": "Feature", "geometry": {"type": "LineString", "coordinates": [[141.355859, 43.060879], [141.355306, 43.060795]]}, "properties": {"link_id": "K01618", "street": "大通", "street_kind": "格子街路", "through": true, "axis": "EW", "length_m": 46.0, "road_category": "市区町村道等", "road_state": "通常部", "width_class": "3m-5.5m未満", "assign_err_m": 14.5}}, {"type": "Feature", "geometry": {"type": "LineString", "coordinates": [[141.347769, 43.064334], [141.348323, 43.064411]]}, "properties": {"link_id": "K01620", "street": "北3条通〜北4条通の裏通り", "street_kind": "裏通り", "through": false, "axis": "EW", "length_m": 45.9, "road_category": "市区町村道等", "road_state": "通常部", "width_class": "3m未満", "assign_err_m": 19.6}}, {"type": "Feature", "geometry": {"type": "LineString", "coordinates": [[141.343098, 43.063368], [141.343159, 43.063389], [141.343237, 43.063393], [141.343301, 43.063384], [141.343402, 43.063353], [141.343618, 43.063277]]}, "properties": {"link_id": "K01623", "street": "", "street_kind": "斜行・非格子", "through": false, "axis": "EW", "length_m": 45.7, "road_category": "市区町村道等", "road_state": "通常部", "width_class": "3m未満"}}, {"type": "Feature", "geometry": {"type": "LineString", "coordinates": [[141.349022, 43.059932], [141.348472, 43.059858]]}, "properties": {"link_id": "K01624", "street": "大通", "street_kind": "格子街路", "through": true, "axis": "EW", "length_m": 45.6, "road_category": "市区町村道等", "road_state": "通常部", "width_class": "3m-5.5m未満", "assign_err_m": 19.3}}, {"type": "Feature", "geometry": {"type": "LineString", "coordinates": [[141.345899, 43.059509], [141.345349, 43.059434]]}, "properties": {"link_id": "K01626", "street": "大通", "street_kind": "格子街路", "through": true, "axis": "EW", "length_m": 45.5, "road_category": "市区町村道等", "road_state": "通常部", "width_class": "3m-5.5m未満", "assign_err_m": 20.7}}, {"type": "Feature", "geometry": {"type": "LineString", "coordinates": [[141.342294, 43.064394], [141.342254, 43.064415], [141.342111, 43.064454], [141.342026, 43.064509], [141.341909, 43.064618], [141.34187, 43.064645]]}, "properties": {"link_id": "K01628", "street": "", "street_kind": "斜行・非格子", "through": false, "axis": "NS", "length_m": 45.4, "road_category": "市区町村道等", "road_state": "通常部", "width_class": "3m未満"}}, {"type": "Feature", "geometry": {"type": "LineString", "coordinates": [[141.346446, 43.059584], [141.345899, 43.059509]]}, "properties": {"link_id": "K01629", "street": "大通", "street_kind": "格子街路", "through": true, "axis": "EW", "length_m": 45.4, "road_category": "市区町村道等", "road_state": "通常部", "width_class": "3m-5.5m未満", "assign_err_m": 20.4}}, {"type": "Feature", "geometry": {"type": "LineString", "coordinates": [[141.35858, 43.056387], [141.358333, 43.056352], [141.358034, 43.056311]]}, "properties": {"link_id": "K01630", "street": "南4条通", "street_kind": "格子街路", "through": true, "axis": "EW", "length_m": 45.3, "road_category": "国道", "road_state": "通常部", "width_class": "19.5m以上", "assign_err_m": 20.6}}, {"type": "Feature", "geometry": {"type": "LineString", "coordinates": [[141.346005, 43.062588], [141.345928, 43.062593], [141.345861, 43.062595], [141.345772, 43.062598], [141.345741, 43.062598], [141.345701, 43.062593], [141.345667, 43.062586], [141.345626, 43.062572], [141.345595, 43.06256], [141.345523, 43.062549], [141.345471, 43.062542]]}, "properties": {"link_id": "K01635", "street": "北2条通", "street_kind": "格子街路", "through": true, "axis": "EW", "length_m": 44.6, "road_category": "市区町村道等", "road_state": "通常部", "width_class": "3m未満", "assign_err_m": 12.7}}, {"type": "Feature", "geometry": {"type": "LineString", "coordinates": [[141.356687, 43.063902], [141.356568, 43.063886], [141.35626, 43.063847], [141.35615, 43.063833]]}, "properties": {"link_id": "K01637", "street": "北2条通", "street_kind": "格子街路", "through": true, "axis": "EW", "length_m": 44.4, "road_category": "国道", "road_state": "通常部", "width_class": "13m-19.5m未満", "assign_err_m": 0.1}}, {"type": "Feature", "geometry": {"type": "LineString", "coordinates": [[141.356103, 43.057686], [141.356636, 43.057758]]}, "properties": {"link_id": "K01642", "street": "南3条通〜南2条通の裏通り", "street_kind": "裏通り", "through": true, "axis": "EW", "length_m": 44.1, "road_category": "市区町村道等", "road_state": "通常部", "width_class": "3m-5.5m未満", "assign_err_m": 3.6}}, {"type": "Feature", "geometry": {"type": "LineString", "coordinates": [[141.345026, 43.062821], [141.344949, 43.062817], [141.344825, 43.062808], [141.344491, 43.062761]]}, "properties": {"link_id": "K01643", "street": "北2条通〜北3条通の裏通り", "street_kind": "裏通り", "through": false, "axis": "EW", "length_m": 44.1, "road_category": "市区町村道等", "road_state": "通常部", "width_class": "3m未満", "assign_err_m": 14.8}}, {"type": "Feature", "geometry": {"type": "LineString", "coordinates": [[141.345819, 43.05984], [141.345285, 43.059773]]}, "properties": {"link_id": "K01644", "street": "大通", "street_kind": "格子街路", "through": true, "axis": "EW", "length_m": 44.1, "road_category": "市区町村道等", "road_state": "通常部", "width_class": "3m-5.5m未満", "assign_err_m": 16.9}}, {"type": "Feature", "geometry": {"type": "LineString", "coordinates": [[141.34635, 43.059911], [141.345819, 43.05984]]}, "properties": {"link_id": "K01645", "street": "大通", "street_kind": "格子街路", "through": true, "axis": "EW", "length_m": 44.0, "road_category": "市区町村道等", "road_state": "通常部", "width_class": "3m-5.5m未満", "assign_err_m": 16.8}}, {"type": "Feature", "geometry": {"type": "LineString", "coordinates": [[141.340885, 43.060218], [141.340933, 43.060025], [141.34098, 43.059829]]}, "properties": {"link_id": "K01648", "street": "西11丁目通", "street_kind": "格子街路", "through": true, "axis": "NS", "length_m": 43.9, "road_category": "国道", "road_state": "通常部", "width_class": "19.5m以上", "assign_err_m": 1.2}}, {"type": "Feature", "geometry": {"type": "LineString", "coordinates": [[141.344327, 43.063557], [141.344317, 43.063611], [141.344302, 43.063658], [141.344271, 43.063757], [141.344243, 43.063829], [141.344202, 43.063818], [141.344096, 43.063788]]}, "properties": {"link_id": "K01649", "street": "西9丁目通〜西8丁目通の裏通り", "street_kind": "裏通り", "through": false, "axis": "NS", "length_m": 43.8, "road_category": "市区町村道等", "road_state": "通常部", "width_class": "3m未満", "assign_err_m": 17.3}}, {"type": "Feature", "geometry": {"type": "LineString", "coordinates": [[141.356719, 43.052119], [141.356811, 43.051731]]}, "properties": {"link_id": "K01651", "street": "西3丁目通〜西2丁目通の裏通り", "street_kind": "裏通り", "through": false, "axis": "NS", "length_m": 43.8, "road_category": "市区町村道等", "road_state": "通常部", "width_class": "3m-5.5m未満", "assign_err_m": 7.2}}, {"type": "Feature", "geometry": {"type": "LineString", "coordinates": [[141.342826, 43.064222], [141.343116, 43.064315], [141.343322, 43.064371]]}, "properties": {"link_id": "K01653", "street": "北4条通", "street_kind": "格子街路", "through": true, "axis": "EW", "length_m": 43.7, "road_category": "市区町村道等", "road_state": "通常部", "width_class": "3m未満", "assign_err_m": 21.2}}, {"type": "Feature", "geometry": {"type": "LineString", "coordinates": [[141.346743, 43.062562], [141.346644, 43.062948]]}, "properties": {"link_id": "K01654", "street": "西7丁目通", "street_kind": "格子街路", "through": true, "axis": "NS", "length_m": 43.6, "road_category": "市区町村道等", "road_state": "通常部", "width_class": "5.5m-13m未満", "assign_err_m": 3.4}}, {"type": "Feature", "geometry": {"type": "LineString", "coordinates": [[141.345516, 43.062389], [141.346041, 43.06246]]}, "properties": {"link_id": "K01656", "street": "北2条通", "street_kind": "格子街路", "through": true, "axis": "EW", "length_m": 43.5, "road_category": "市区町村道等", "road_state": "通常部", "width_class": "13m-19.5m未満", "assign_err_m": 5.1}}, {"type": "Feature", "geometry": {"type": "LineString", "coordinates": [[141.345589, 43.052138], [141.346114, 43.052209]]}, "properties": {"link_id": "K01657", "street": "南6条通", "street_kind": "格子街路", "through": true, "axis": "EW", "length_m": 43.5, "road_category": "市区町村道等", "road_state": "通常部", "width_class": "13m-19.5m未満", "assign_err_m": 2.9}}, {"type": "Feature", "geometry": {"type": "LineString", "coordinates": [[141.355947, 43.058282], [141.356049, 43.057898]]}, "properties": {"link_id": "K01658", "street": "西2丁目通", "street_kind": "格子街路", "through": true, "axis": "NS", "length_m": 43.5, "road_category": "市区町村道等", "road_state": "通常部", "width_class": "19.5m以上", "assign_err_m": 1.4}}, {"type": "Feature", "geometry": {"type": "LineString", "coordinates": [[141.347984, 43.059795], [141.347461, 43.059723]]}, "properties": {"link_id": "K01662", "street": "大通", "street_kind": "格子街路", "through": true, "axis": "EW", "length_m": 43.4, "road_category": "市区町村道等", "road_state": "通常部", "width_class": "3m-5.5m未満", "assign_err_m": 19.5}}, {"type": "Feature", "geometry": {"type": "LineString", "coordinates": [[141.358308, 43.057413], [141.357787, 43.05734]]}, "properties": {"link_id": "K01666", "street": "南3条通", "street_kind": "格子街路", "through": true, "axis": "EW", "length_m": 43.2, "road_category": "市区町村道等", "road_state": "通常部", "width_class": "13m-19.5m未満", "assign_err_m": 6.7}}, {"type": "Feature", "geometry": {"type": "LineString", "coordinates": [[141.359168, 43.053096], [141.359164, 43.053258], [141.359148, 43.053339], [141.359159, 43.053481]]}, "properties": {"link_id": "K01669", "street": "西1丁目通", "street_kind": "格子街路", "through": true, "axis": "NS", "length_m": 43.0, "road_category": "市区町村道等", "road_state": "通常部", "width_class": "3m-5.5m未満", "assign_err_m": 30.9}}, {"type": "Feature", "geometry": {"type": "LineString", "coordinates": [[141.357414, 43.060865], [141.356896, 43.060795]]}, "properties": {"link_id": "K01671", "street": "", "street_kind": "格子外", "through": false, "axis": "EW", "length_m": 42.9, "road_category": "市区町村道等", "road_state": "通常部", "width_class": "19.5m以上", "assign_err_m": 37.8}}, {"type": "Feature", "geometry": {"type": "LineString", "coordinates": [[141.356713, 43.06153], [141.356855, 43.061546], [141.357114, 43.061578], [141.357229, 43.061594]]}, "properties": {"link_id": "K01674", "street": "", "street_kind": "格子外", "through": false, "axis": "EW", "length_m": 42.7, "road_category": "市区町村道等", "road_state": "通常部", "width_class": "5.5m-13m未満", "assign_err_m": 42.7}}, {"type": "Feature", "geometry": {"type": "LineString", "coordinates": [[141.347461, 43.059723], [141.346946, 43.059653]]}, "properties": {"link_id": "K01676", "street": "大通", "street_kind": "格子街路", "through": true, "axis": "EW", "length_m": 42.7, "road_category": "市区町村道等", "road_state": "通常部", "width_class": "3m-5.5m未満", "assign_err_m": 19.8}}, {"type": "Feature", "geometry": {"type": "LineString", "coordinates": [[141.357644, 43.057899], [141.358157, 43.057977]]}, "properties": {"link_id": "K01679", "street": "南3条通〜南2条通の裏通り", "street_kind": "裏通り", "through": true, "axis": "EW", "length_m": 42.6, "road_category": "市区町村道等", "road_state": "通常部", "width_class": "3m未満", "assign_err_m": 5.2}}, {"type": "Feature", "geometry": {"type": "LineString", "coordinates": [[141.343871, 43.051299], [141.34392, 43.050918]]}, "properties": {"link_id": "K01680", "street": "西11丁目通〜西10丁目通の裏通り", "street_kind": "裏通り", "through": true, "axis": "NS", "length_m": 42.6, "road_category": "市区町村道等", "road_state": "通常部", "width_class": "3m-5.5m未満", "assign_err_m": 0.9}}, {"type": "Feature", "geometry": {"type": "LineString", "coordinates": [[141.347899, 43.060118], [141.347385, 43.060051]]}, "properties": {"link_id": "K01681", "street": "大通", "street_kind": "格子街路", "through": true, "axis": "EW", "length_m": 42.5, "road_category": "市区町村道等", "road_state": "通常部", "width_class": "3m-5.5m未満", "assign_err_m": 17.3}}, {"type": "Feature", "geometry": {"type": "LineString", "coordinates": [[141.341854, 43.064268], [141.341838, 43.064338], [141.341845, 43.06448], [141.341845, 43.064596], [141.341852, 43.064623], [141.34187, 43.064645]]}, "properties": {"link_id": "K01682", "street": "西10丁目通", "street_kind": "格子街路", "through": true, "axis": "NS", "length_m": 42.4, "road_category": "市区町村道等", "road_state": "通常部", "width_class": "3m未満", "assign_err_m": 31.3}}, {"type": "Feature", "geometry": {"type": "LineString", "coordinates": [[141.344081, 43.063804], [141.344079, 43.063852], [141.344009, 43.063936], [141.34395, 43.064023], [141.34389, 43.064099], [141.343846, 43.064137]]}, "properties": {"link_id": "K01684", "street": "西9丁目通〜西8丁目通の裏通り", "street_kind": "裏通り", "through": false, "axis": "NS", "length_m": 42.3, "road_category": "市区町村道等", "road_state": "通常部", "width_class": "3m未満", "assign_err_m": 2.0}}, {"type": "Feature", "geometry": {"type": "LineString", "coordinates": [[141.356439, 43.062691], [141.356557, 43.062706], [141.356827, 43.062743], [141.356946, 43.06276]]}, "properties": {"link_id": "K01692", "street": "北1条通", "street_kind": "格子街路", "through": true, "axis": "EW", "length_m": 42.0, "road_category": "国道", "road_state": "通常部", "width_class": "19.5m以上", "assign_err_m": 1.0}}, {"type": "Feature", "geometry": {"type": "LineString", "coordinates": [[141.359867, 43.053175], [141.359718, 43.052814]]}, "properties": {"link_id": "K01693", "street": "", "street_kind": "斜行・非格子", "through": false, "axis": "NS", "length_m": 41.9, "road_category": "市区町村道等", "road_state": "トンネル", "width_class": "3m未満"}}, {"type": "Feature", "geometry": {"type": "LineString", "coordinates": [[141.347007, 43.059433], [141.347512, 43.059498]]}, "properties": {"link_id": "K01694", "street": "", "street_kind": "格子外", "through": false, "axis": "EW", "length_m": 41.8, "road_category": "市区町村道等", "road_state": "通常部", "width_class": "19.5m以上", "assign_err_m": 42.6}}, {"type": "Feature", "geometry": {"type": "LineString", "coordinates": [[141.351472, 43.06026], [141.351513, 43.060336], [141.351536, 43.0604], [141.35153, 43.060459], [141.351504, 43.060507], [141.351464, 43.060541], [141.351398, 43.060594]]}, "properties": {"link_id": "K01695", "street": "西5丁目通〜西4丁目通の裏通り", "street_kind": "裏通り", "through": false, "axis": "NS", "length_m": 41.7, "road_category": "市区町村道等", "road_state": "通常部", "width_class": "3m-5.5m未満", "assign_err_m": 11.2}}, {"type": "Feature", "geometry": {"type": "LineString", "coordinates": [[141.344784, 43.050047], [141.34474, 43.05042]]}, "properties": {"link_id": "K01697", "street": "西10丁目通", "street_kind": "格子街路", "through": true, "axis": "NS", "length_m": 41.7, "road_category": "市区町村道等", "road_state": "通常部", "width_class": "3m-5.5m未満", "assign_err_m": 13.6}}, {"type": "Feature", "geometry": {"type": "LineString", "coordinates": [[141.349525, 43.059999], [141.349022, 43.059932]]}, "properties": {"link_id": "K01698", "street": "大通", "street_kind": "格子街路", "through": true, "axis": "EW", "length_m": 41.7, "road_category": "市区町村道等", "road_state": "通常部", "width_class": "3m-5.5m未満", "assign_err_m": 19.2}}, {"type": "Feature", "geometry": {"type": "LineString", "coordinates": [[141.358, 43.058562], [141.357884, 43.058547], [141.357634, 43.058514], [141.357498, 43.058494]]}, "properties": {"link_id": "K01702", "street": "南2条通", "street_kind": "格子街路", "through": true, "axis": "EW", "length_m": 41.6, "road_category": "市区町村道等", "road_state": "通常部", "width_class": "13m-19.5m未満", "assign_err_m": 7.0}}, {"type": "Feature", "geometry": {"type": "LineString", "coordinates": [[141.342252, 43.063174], [141.342252, 43.063201], [141.342244, 43.063241], [141.342223, 43.063277], [141.3422, 43.063317], [141.342195, 43.063346], [141.342194, 43.063394], [141.342201, 43.063463], [141.342191, 43.06354]]}, "properties": {"link_id": "K01704", "street": "西10丁目通〜西9丁目通の裏通り", "street_kind": "裏通り", "through": false, "axis": "NS", "length_m": 41.6, "road_category": "市区町村道等", "road_state": "通常部", "width_class": "3m未満", "assign_err_m": 25.9}}, {"type": "Feature", "geometry": {"type": "LineString", "coordinates": [[141.352245, 43.053631], [141.352339, 43.053264]]}, "properties": {"link_id": "K01705", "street": "西5丁目通", "street_kind": "格子街路", "through": true, "axis": "NS", "length_m": 41.5, "road_category": "市区町村道等", "road_state": "通常部", "width_class": "13m-19.5m未満", "assign_err_m": 3.3}}, {"type": "Feature", "geometry": {"type": "LineString", "coordinates": [[141.348109, 43.064587], [141.347784, 43.064874]]}, "properties": {"link_id": "K01706", "street": "", "street_kind": "斜行・非格子", "through": false, "axis": "NS", "length_m": 41.4, "road_category": "市区町村道等", "road_state": "通常部", "width_class": "3m-5.5m未満"}}, {"type": "Feature", "geometry": {"type": "LineString", "coordinates": [[141.357706, 43.059706], [141.357209, 43.059634]]}, "properties": {"link_id": "K01714", "street": "南1条通", "street_kind": "格子街路", "through": true, "axis": "EW", "length_m": 41.2, "road_category": "市区町村道等", "road_state": "通常部", "width_class": "19.5m以上", "assign_err_m": 6.0}}, {"type": "Feature", "geometry": {"type": "LineString", "coordinates": [[141.34159, 43.05926], [141.341095, 43.059188]]}, "properties": {"link_id": "K01718", "street": "大通", "street_kind": "格子街路", "through": true, "axis": "EW", "length_m": 41.1, "road_category": "市区町村道等", "road_state": "通常部", "width_class": "3m-5.5m未満", "assign_err_m": 13.7}}, {"type": "Feature", "geometry": {"type": "LineString", "coordinates": [[141.351213, 43.060225], [141.351129, 43.060283], [141.351094, 43.06033], [141.351064, 43.060389], [141.351067, 43.06045], [141.3511, 43.060553]]}, "properties": {"link_id": "K01724", "street": "西5丁目通〜西4丁目通の裏通り", "street_kind": "裏通り", "through": false, "axis": "NS", "length_m": 40.9, "road_category": "市区町村道等", "road_state": "通常部", "width_class": "3m-5.5m未満", "assign_err_m": 21.3}}, {"type": "Feature", "geometry": {"type": "LineString", "coordinates": [[141.35, 43.060401], [141.350493, 43.060469]]}, "properties": {"link_id": "K01727", "street": "大通", "street_kind": "格子街路", "through": true, "axis": "EW", "length_m": 40.9, "road_category": "市区町村道等", "road_state": "通常部", "width_class": "3m-5.5m未満", "assign_err_m": 18.2}}, {"type": "Feature", "geometry": {"type": "LineString", "coordinates": [[141.34894, 43.060253], [141.349431, 43.060321]]}, "properties": {"link_id": "K01730", "street": "大通", "street_kind": "格子街路", "through": true, "axis": "EW", "length_m": 40.7, "road_category": "市区町村道等", "road_state": "通常部", "width_class": "3m-5.5m未満", "assign_err_m": 17.3}}, {"type": "Feature", "geometry": {"type": "LineString", "coordinates": [[141.350576, 43.06014], [141.350359, 43.060111], [141.350085, 43.060074]]}, "properties": {"link_id": "K01731", "street": "大通", "street_kind": "格子街路", "through": true, "axis": "EW", "length_m": 40.7, "road_category": "市区町村道等", "road_state": "通常部", "width_class": "3m-5.5m未満", "assign_err_m": 18.9}}, {"type": "Feature", "geometry": {"type": "LineString", "coordinates": [[141.355723, 43.067453], [141.355233, 43.067386]]}, "properties": {"link_id": "K01732", "street": "北5条通", "street_kind": "格子街路", "through": true, "axis": "EW", "length_m": 40.6, "road_category": "国道", "road_state": "通常部", "width_class": "13m-19.5m未満", "assign_err_m": 11.9}}, {"type": "Feature", "geometry": {"type": "LineString", "coordinates": [[141.347573, 43.065137], [141.347618, 43.064972], [141.347619, 43.064937], [141.347614, 43.064909], [141.347589, 43.064863], [141.347546, 43.064788]]}, "properties": {"link_id": "K01735", "street": "西6丁目通", "street_kind": "格子街路", "through": true, "axis": "NS", "length_m": 40.3, "road_category": "市区町村道等", "road_state": "通常部", "width_class": "3m-5.5m未満", "assign_err_m": 18.0}}, {"type": "Feature", "geometry": {"type": "LineString", "coordinates": [[141.34392, 43.050918], [141.343965, 43.050558]]}, "properties": {"link_id": "K01738", "street": "西11丁目通〜西10丁目通の裏通り", "street_kind": "裏通り", "through": true, "axis": "NS", "length_m": 40.1, "road_category": "市区町村道等", "road_state": "通常部", "width_class": "3m-5.5m未満", "assign_err_m": 4.4}}, {"type": "Feature", "geometry": {"type": "LineString", "coordinates": [[141.343621, 43.059198], [141.34356, 43.05927], [141.343535, 43.059295], [141.343519, 43.059315], [141.343514, 43.059334], [141.343519, 43.059373], [141.343541, 43.059535]]}, "properties": {"link_id": "K01742", "street": "西10丁目通〜西9丁目通の裏通り", "street_kind": "裏通り", "through": false, "axis": "NS", "length_m": 40.0, "road_category": "市区町村道等", "road_state": "通常部", "width_class": "3m未満", "assign_err_m": 2.5}}, {"type": "Feature", "geometry": {"type": "LineString", "coordinates": [[141.348496, 43.063625], [141.348561, 43.063626], [141.348562, 43.063625], [141.348599, 43.06361], [141.34861, 43.063604], [141.348626, 43.063597], [141.348642, 43.063589], [141.348657, 43.063583], [141.348667, 43.063579], [141.348682, 43.063574], [141.3487, 43.063569], [141.348724, 43.063564], [141.348749, 43.063558], [141.348763, 43.063555], [141.348826, 43.063545], [141.348864, 43.063537], [141.348893, 43.063533], [141.348929, 43.063529], [141.348959, 43.063526]]}, "properties": {"link_id": "K01744", "street": "", "street_kind": "斜行・非格子", "through": false, "axis": "EW", "length_m": 40.0, "road_category": "市区町村道等", "road_state": "通常部", "width_class": "3m未満"}}, {"type": "Feature", "geometry": {"type": "LineString", "coordinates": [[141.352825, 43.060445], [141.352752, 43.06053], [141.352715, 43.060572], [141.352704, 43.060631], [141.352718, 43.060688], [141.352737, 43.060779]]}, "properties": {"link_id": "K01745", "street": "西4丁目通〜西3丁目通の裏通り", "street_kind": "裏通り", "through": false, "axis": "NS", "length_m": 39.9, "road_category": "市区町村道等", "road_state": "通常部", "width_class": "3m-5.5m未満", "assign_err_m": 15.7}}, {"type": "Feature", "geometry": {"type": "LineString", "coordinates": [[141.356469, 43.065351], [141.356377, 43.065704]]}, "properties": {"link_id": "K01746", "street": "西1丁目通〜東1丁目通の裏通り", "street_kind": "裏通り", "through": true, "axis": "NS", "length_m": 39.9, "road_category": "市区町村道等", "road_state": "通常部", "width_class": "3m未満", "assign_err_m": 14.0}}, {"type": "Feature", "geometry": {"type": "LineString", "coordinates": [[141.353118, 43.060484], [141.353142, 43.060572], [141.353158, 43.060636], [141.353149, 43.060689], [141.353117, 43.060734], [141.353088, 43.060767], [141.353041, 43.060815]]}, "properties": {"link_id": "K01747", "street": "西4丁目通〜西3丁目通の裏通り", "street_kind": "裏通り", "through": false, "axis": "NS", "length_m": 39.7, "road_category": "市区町村道等", "road_state": "通常部", "width_class": "3m-5.5m未満", "assign_err_m": 16.1}}, {"type": "Feature", "geometry": {"type": "LineString", "coordinates": [[141.343272, 43.064085], [141.343245, 43.064102], [141.343226, 43.064112], [141.343199, 43.064122], [141.343126, 43.064142], [141.342972, 43.064177], [141.342861, 43.06421], [141.342826, 43.064222]]}, "properties": {"link_id": "K01749", "street": "", "street_kind": "斜行・非格子", "through": false, "axis": "EW", "length_m": 39.7, "road_category": "市区町村道等", "road_state": "通常部", "width_class": "3m未満"}}, {"type": "Feature", "geometry": {"type": "LineString", "coordinates": [[141.355547, 43.066228], [141.356025, 43.066291]]}, "properties": {"link_id": "K01752", "street": "北4条通", "street_kind": "格子街路", "through": true, "axis": "EW", "length_m": 39.5, "road_category": "国道", "road_state": "通常部", "width_class": "19.5m以上", "assign_err_m": 10.6}}, {"type": "Feature", "geometry": {"type": "LineString", "coordinates": [[141.343603, 43.053458], [141.343649, 43.053104]]}, "properties": {"link_id": "K01753", "street": "西11丁目通〜西10丁目通の裏通り", "street_kind": "裏通り", "through": true, "axis": "NS", "length_m": 39.5, "road_category": "市区町村道等", "road_state": "通常部", "width_class": "3m-5.5m未満", "assign_err_m": 20.0}}, {"type": "Feature", "geometry": {"type": "LineString", "coordinates": [[141.340774, 43.064584], [141.340807, 43.064578], [141.340847, 43.064572], [141.340874, 43.064563], [141.340901, 43.064554], [141.340929, 43.064536], [141.340954, 43.064514], [141.34104, 43.064393], [141.341053, 43.06437], [141.341057, 43.064355], [141.34106, 43.06433]]}, "properties": {"link_id": "K01754", "street": "西11丁目通〜西10丁目通の裏通り", "street_kind": "裏通り", "through": true, "axis": "NS", "length_m": 39.5, "road_category": "市区町村道等", "road_state": "通常部", "width_class": "3m未満", "assign_err_m": 28.0}}, {"type": "Feature", "geometry": {"type": "LineString", "coordinates": [[141.341275, 43.063388], [141.341197, 43.063383], [141.340996, 43.063362], [141.340796, 43.06334]]}, "properties": {"link_id": "K01755", "street": "北3条通〜北4条通の裏通り", "street_kind": "裏通り", "through": false, "axis": "EW", "length_m": 39.5, "road_category": "市区町村道等", "road_state": "通常部", "width_class": "3m未満", "assign_err_m": 29.0}}, {"type": "Feature", "geometry": {"type": "LineString", "coordinates": [[141.34945, 43.060324], [141.349718, 43.060361], [141.349925, 43.06039]]}, "properties": {"link_id": "K01756", "street": "大通", "street_kind": "格子街路", "through": true, "axis": "EW", "length_m": 39.4, "road_category": "市区町村道等", "road_state": "通常部", "width_class": "3m-5.5m未満", "assign_err_m": 17.7}}, {"type": "Feature", "geometry": {"type": "LineString", "coordinates": [[141.343825, 43.065847], [141.343739, 43.066195]]}, "properties": {"link_id": "K01757", "street": "西9丁目通〜西8丁目通の裏通り", "street_kind": "裏通り", "through": false, "axis": "NS", "length_m": 39.3, "road_category": "市区町村道等", "road_state": "通常部", "width_class": "3m未満", "assign_err_m": 22.2}}, {"type": "Feature", "geometry": {"type": "LineString", "coordinates": [[141.342694, 43.059421], [141.342227, 43.059353]]}, "properties": {"link_id": "K01762", "street": "大通", "street_kind": "格子街路", "through": true, "axis": "EW", "length_m": 38.9, "road_category": "市区町村道等", "road_state": "通常部", "width_class": "3m-5.5m未満", "assign_err_m": 15.4}}, {"type": "Feature", "geometry": {"type": "LineString", "coordinates": [[141.34278, 43.059082], [141.342312, 43.059019]]}, "properties": {"link_id": "K01767", "street": "大通", "street_kind": "格子街路", "through": true, "axis": "EW", "length_m": 38.8, "road_category": "市区町村道等", "road_state": "通常部", "width_class": "3m-5.5m未満", "assign_err_m": 22.5}}, {"type": "Feature", "geometry": {"type": "LineString", "coordinates": [[141.341383, 43.062862], [141.341667, 43.062895], [141.341814, 43.062916], [141.341849, 43.062915]]}, "properties": {"link_id": "K01770", "street": "北3条通", "street_kind": "格子街路", "through": true, "axis": "EW", "length_m": 38.5, "road_category": "市区町村道等", "road_state": "通常部", "width_class": "3m未満", "assign_err_m": 24.3}}, {"type": "Feature", "geometry": {"type": "LineString", "coordinates": [[141.342294, 43.064394], [141.341958, 43.0643], [141.341854, 43.064268]]}, "properties": {"link_id": "K01772", "street": "北4条通", "street_kind": "格子街路", "through": true, "axis": "EW", "length_m": 38.5, "road_category": "市区町村道等", "road_state": "通常部", "width_class": "3m未満", "assign_err_m": 3.2}}, {"type": "Feature", "geometry": {"type": "LineString", "coordinates": [[141.340798, 43.060558], [141.340824, 43.060465], [141.340885, 43.060218]]}, "properties": {"link_id": "K01774", "street": "西11丁目通", "street_kind": "格子街路", "through": true, "axis": "NS", "length_m": 38.4, "road_category": "国道", "road_state": "通常部", "width_class": "19.5m以上", "assign_err_m": 1.1}}, {"type": "Feature", "geometry": {"type": "LineString", "coordinates": [[141.342694, 43.059421], [141.34278, 43.059082]]}, "properties": {"link_id": "K01779", "street": "西10丁目通", "street_kind": "格子街路", "through": true, "axis": "NS", "length_m": 38.3, "road_category": "市区町村道等", "road_state": "通常部", "width_class": "5.5m-13m未満", "assign_err_m": 0.8}}, {"type": "Feature", "geometry": {"type": "LineString", "coordinates": [[141.356075, 43.061056], [141.356042, 43.061212], [141.355792, 43.061185]]}, "properties": {"link_id": "K01782", "street": "大通", "street_kind": "格子街路", "through": true, "axis": "EW", "length_m": 38.2, "road_category": "市区町村道等", "road_state": "通常部", "width_class": "3m未満", "assign_err_m": 20.3}}, {"type": "Feature", "geometry": {"type": "LineString", "coordinates": [[141.348883, 43.060477], [141.348425, 43.060413]]}, "properties": {"link_id": "K01784", "street": "", "street_kind": "格子外", "through": false, "axis": "EW", "length_m": 38.0, "road_category": "市区町村道等", "road_state": "通常部", "width_class": "5.5m-13m未満", "assign_err_m": 42.1}}, {"type": "Feature", "geometry": {"type": "LineString", "coordinates": [[141.345304, 43.058027], [141.345228, 43.058333], [141.345221, 43.058363]]}, "properties": {"link_id": "K01786", "street": "西9丁目通〜西8丁目通の裏通り", "street_kind": "裏通り", "through": false, "axis": "NS", "length_m": 38.0, "road_category": "市区町村道等", "road_state": "通常部", "width_class": "3m未満", "assign_err_m": 12.4}}, {"type": "Feature", "geometry": {"type": "LineString", "coordinates": [[141.352066, 43.060688], [141.352151, 43.060353]]}, "properties": {"link_id": "K01787", "street": "西4丁目通", "street_kind": "格子街路", "through": true, "axis": "NS", "length_m": 37.9, "road_category": "国道", "road_state": "通常部", "width_class": "19.5m以上", "assign_err_m": 2.9}}, {"type": "Feature", "geometry": {"type": "LineString", "coordinates": [[141.353708, 43.060562], [141.353628, 43.060898]]}, "properties": {"link_id": "K01788", "street": "西3丁目通", "street_kind": "格子街路", "through": true, "axis": "NS", "length_m": 37.9, "road_category": "市区町村道等", "road_state": "通常部", "width_class": "5.5m-13m未満", "assign_err_m": 3.8}}, {"type": "Feature", "geometry": {"type": "LineString", "coordinates": [[141.359168, 43.053096], [141.359075, 43.053166], [141.358938, 43.053297], [141.358884, 43.053364]]}, "properties": {"link_id": "K01789", "street": "", "street_kind": "斜行・非格子", "through": false, "axis": "NS", "length_m": 37.8, "road_category": "市区町村道等", "road_state": "通常部", "width_class": "5.5m-13m未満"}}, {"type": "Feature", "geometry": {"type": "LineString", "coordinates": [[141.345045, 43.059738], [141.345117, 43.059402]]}, "properties": {"link_id": "K01791", "street": "西9丁目通〜西8丁目通の裏通り", "street_kind": "裏通り", "through": false, "axis": "NS", "length_m": 37.7, "road_category": "市区町村道等", "road_state": "通常部", "width_class": "3m-5.5m未満", "assign_err_m": 0.1}}, {"type": "Feature", "geometry": {"type": "LineString", "coordinates": [[141.344257, 43.059285], [141.344256, 43.059309], [141.344172, 43.059614]]}, "properties": {"link_id": "K01798", "street": "西9丁目通", "street_kind": "格子街路", "through": true, "axis": "NS", "length_m": 37.3, "road_category": "市区町村道等", "road_state": "通常部", "width_class": "3m未満", "assign_err_m": 6.7}}, {"type": "Feature", "geometry": {"type": "LineString", "coordinates": [[141.345819, 43.05984], [141.345899, 43.059509]]}, "properties": {"link_id": "K01800", "street": "西8丁目通", "street_kind": "格子街路", "through": true, "axis": "NS", "length_m": 37.2, "road_category": "市区町村道等", "road_state": "通常部", "width_class": "13m-19.5m未満", "assign_err_m": 0.6}}, {"type": "Feature", "geometry": {"type": "LineString", "coordinates": [[141.350493, 43.060469], [141.350576, 43.06014]]}, "properties": {"link_id": "K01803", "street": "西5丁目通", "street_kind": "格子街路", "through": true, "axis": "NS", "length_m": 37.2, "road_category": "市区町村道等", "road_state": "通常部", "width_class": "5.5m-13m未満", "assign_err_m": 3.4}}, {"type": "Feature", "geometry": {"type": "LineString", "coordinates": [[141.346382, 43.059916], [141.346472, 43.059588]]}, "properties": {"link_id": "K01805", "street": "西8丁目通〜西7丁目通の裏通り", "street_kind": "裏通り", "through": false, "axis": "NS", "length_m": 37.1, "road_category": "市区町村道等", "road_state": "通常部", "width_class": "3m-5.5m未満", "assign_err_m": 18.6}}, {"type": "Feature", "geometry": {"type": "LineString", "coordinates": [[141.344768, 43.059697], [141.344692, 43.059686], [141.34434, 43.059633], [141.344322, 43.059631]]}, "properties": {"link_id": "K01806", "street": "大通", "street_kind": "格子街路", "through": true, "axis": "EW", "length_m": 37.1, "road_category": "市区町村道等", "road_state": "通常部", "width_class": "3m-5.5m未満", "assign_err_m": 15.8}}, {"type": "Feature", "geometry": {"type": "LineString", "coordinates": [[141.346864, 43.059642], [141.346786, 43.05997]]}, "properties": {"link_id": "K01807", "street": "西8丁目通〜西7丁目通の裏通り", "street_kind": "裏通り", "through": false, "axis": "NS", "length_m": 37.1, "road_category": "市区町村道等", "road_state": "通常部", "width_class": "3m-5.5m未満", "assign_err_m": 14.4}}, {"type": "Feature", "geometry": {"type": "LineString", "coordinates": [[141.346891, 43.060202], [141.347337, 43.060261]]}, "properties": {"link_id": "K01809", "street": "", "street_kind": "格子外", "through": false, "axis": "EW", "length_m": 36.9, "road_category": "市区町村道等", "road_state": "通常部", "width_class": "5.5m-13m未満", "assign_err_m": 40.9}}, {"type": "Feature", "geometry": {"type": "LineString", "coordinates": [[141.347385, 43.060051], [141.347461, 43.059723]]}, "properties": {"link_id": "K01811", "street": "西7丁目通", "street_kind": "格子街路", "through": true, "axis": "NS", "length_m": 36.9, "road_category": "市区町村道等", "road_state": "通常部", "width_class": "5.5m-13m未満", "assign_err_m": 1.1}}, {"type": "Feature", "geometry": {"type": "LineString", "coordinates": [[141.350085, 43.060074], [141.350059, 43.060178], [141.350041, 43.060236], [141.35, 43.060401]]}, "properties": {"link_id": "K01812", "street": "西6丁目通〜西5丁目通の裏通り", "street_kind": "裏通り", "through": false, "axis": "NS", "length_m": 36.9, "road_category": "市区町村道等", "road_state": "通常部", "width_class": "3m-5.5m未満", "assign_err_m": 20.8}}, {"type": "Feature", "geometry": {"type": "LineString", "coordinates": [[141.356075, 43.061056], [141.356102, 43.060907], [141.355859, 43.060879]]}, "properties": {"link_id": "K01818", "street": "大通", "street_kind": "格子街路", "through": true, "axis": "EW", "length_m": 36.7, "road_category": "市区町村道等", "road_state": "通常部", "width_class": "3m未満", "assign_err_m": 14.1}}, {"type": "Feature", "geometry": {"type": "LineString", "coordinates": [[141.341095, 43.059188], [141.341113, 43.058858]]}, "properties": {"link_id": "K01819", "street": "西11丁目通", "street_kind": "格子街路", "through": true, "axis": "NS", "length_m": 36.7, "road_category": "国道", "road_state": "通常部", "width_class": "19.5m以上", "assign_err_m": 4.7}}, {"type": "Feature", "geometry": {"type": "LineString", "coordinates": [[141.34945, 43.060324], [141.349491, 43.060161], [141.349525, 43.059999]]}, "properties": {"link_id": "K01822", "street": "西6丁目通〜西5丁目通の裏通り", "street_kind": "裏通り", "through": false, "axis": "NS", "length_m": 36.6, "road_category": "市区町村道等", "road_state": "通常部", "width_class": "3m-5.5m未満", "assign_err_m": 25.0}}, {"type": "Feature", "geometry": {"type": "LineString", "coordinates": [[141.345736, 43.050988], [141.346182, 43.051028]]}, "properties": {"link_id": "K01823", "street": "南7条通", "street_kind": "格子街路", "through": true, "axis": "EW", "length_m": 36.6, "road_category": "市区町村道等", "road_state": "通常部", "width_class": "3m-5.5m未満", "assign_err_m": 3.9}}, {"type": "Feature", "geometry": {"type": "LineString", "coordinates": [[141.345308, 43.062361], [141.345219, 43.062682]]}, "properties": {"link_id": "K01826", "street": "西8丁目通", "street_kind": "格子街路", "through": true, "axis": "NS", "length_m": 36.5, "road_category": "市区町村道等", "road_state": "通常部", "width_class": "5.5m-13m未満", "assign_err_m": 7.4}}, {"type": "Feature", "geometry": {"type": "LineString", "coordinates": [[141.340907, 43.063919], [141.340954, 43.063593]]}, "properties": {"link_id": "K01827", "street": "西11丁目通〜西10丁目通の裏通り", "street_kind": "裏通り", "through": true, "axis": "NS", "length_m": 36.4, "road_category": "市区町村道等", "road_state": "通常部", "width_class": "3m未満", "assign_err_m": 9.2}}, {"type": "Feature", "geometry": {"type": "LineString", "coordinates": [[141.34894, 43.060253], [141.349022, 43.059932]]}, "properties": {"link_id": "K01829", "street": "西6丁目通", "street_kind": "格子街路", "through": true, "axis": "NS", "length_m": 36.3, "road_category": "市区町村道等", "road_state": "通常部", "width_class": "13m-19.5m未満", "assign_err_m": 2.1}}, {"type": "Feature", "geometry": {"type": "LineString", "coordinates": [[141.354407, 43.061], [141.354478, 43.060678]]}, "properties": {"link_id": "K01831", "street": "西3丁目通〜西2丁目通の裏通り", "street_kind": "裏通り", "through": false, "axis": "NS", "length_m": 36.2, "road_category": "市区町村道等", "road_state": "通常部", "width_class": "19.5m以上", "assign_err_m": 4.5}}, {"type": "Feature", "geometry": {"type": "LineString", "coordinates": [[141.342172, 43.063127], [141.34208, 43.063075], [141.341928, 43.062945], [141.341885, 43.062924], [141.341849, 43.062915]]}, "properties": {"link_id": "K01836", "street": "", "street_kind": "斜行・非格子", "through": false, "axis": "EW", "length_m": 35.8, "road_category": "市区町村道等", "road_state": "通常部", "width_class": "3m未満"}}, {"type": "Feature", "geometry": {"type": "LineString", "coordinates": [[141.343649, 43.053104], [141.343694, 43.052787]]}, "properties": {"link_id": "K01841", "street": "西11丁目通〜西10丁目通の裏通り", "street_kind": "裏通り", "through": true, "axis": "NS", "length_m": 35.4, "road_category": "市区町村道等", "road_state": "通常部", "width_class": "3m-5.5m未満", "assign_err_m": 17.1}}, {"type": "Feature", "geometry": {"type": "LineString", "coordinates": [[141.343846, 43.064137], [141.343838, 43.064143], [141.343799, 43.06418], [141.343755, 43.064208], [141.343678, 43.064248], [141.343595, 43.064279], [141.343492, 43.064314]]}, "properties": {"link_id": "K01842", "street": "", "street_kind": "斜行・非格子", "through": false, "axis": "NS", "length_m": 35.4, "road_category": "市区町村道等", "road_state": "通常部", "width_class": "3m未満"}}, {"type": "Feature", "geometry": {"type": "LineString", "coordinates": [[141.345471, 43.062542], [141.345454, 43.062594], [141.345421, 43.062706], [141.345219, 43.062682]]}, "properties": {"link_id": "K01843", "street": "西8丁目通", "street_kind": "格子街路", "through": true, "axis": "NS", "length_m": 35.4, "road_category": "市区町村道等", "road_state": "通常部", "width_class": "3m未満", "assign_err_m": 24.0}}, {"type": "Feature", "geometry": {"type": "LineString", "coordinates": [[141.355228, 43.061107], [141.355306, 43.060795]]}, "properties": {"link_id": "K01845", "street": "西2丁目通", "street_kind": "格子街路", "through": true, "axis": "NS", "length_m": 35.3, "road_category": "市区町村道等", "road_state": "通常部", "width_class": "19.5m以上", "assign_err_m": 1.3}}, {"type": "Feature", "geometry": {"type": "LineString", "coordinates": [[141.359009, 43.052802], [141.359168, 43.053096]]}, "properties": {"link_id": "K01850", "street": "", "street_kind": "斜行・非格子", "through": false, "axis": "NS", "length_m": 35.1, "road_category": "市区町村道等", "road_state": "通常部", "width_class": "3m-5.5m未満"}}, {"type": "Feature", "geometry": {"type": "LineString", "coordinates": [[141.340458, 43.063581], [141.340428, 43.063894]]}, "properties": {"link_id": "K01854", "street": "西11丁目通〜西10丁目通の裏通り", "street_kind": "裏通り", "through": true, "axis": "NS", "length_m": 34.9, "road_category": "市区町村道等", "road_state": "通常部", "width_class": "3m未満", "assign_err_m": 30.3}}, {"type": "Feature", "geometry": {"type": "LineString", "coordinates": [[141.347819, 43.065171], [141.347849, 43.065039], [141.347852, 43.065004], [141.34785, 43.064975], [141.347844, 43.064948], [141.347833, 43.06492], [141.347815, 43.064897], [141.347784, 43.064874]]}, "properties": {"link_id": "K01856", "street": "西6丁目通", "street_kind": "格子街路", "through": true, "axis": "NS", "length_m": 34.9, "road_category": "市区町村道等", "road_state": "通常部", "width_class": "3m-5.5m未満", "assign_err_m": 3.1}}, {"type": "Feature", "geometry": {"type": "LineString", "coordinates": [[141.339802, 43.064488], [141.33988, 43.06418]]}, "properties": {"link_id": "K01858", "street": "西11丁目通", "street_kind": "格子街路", "through": true, "axis": "NS", "length_m": 34.8, "road_category": "都道府県道", "road_state": "通常部", "width_class": "19.5m以上", "assign_err_m": 1.9}}, {"type": "Feature", "geometry": {"type": "LineString", "coordinates": [[141.355777, 43.060646], [141.355357, 43.06059]]}, "properties": {"link_id": "K01859", "street": "", "street_kind": "格子外", "through": false, "axis": "EW", "length_m": 34.8, "road_category": "市区町村道等", "road_state": "通常部", "width_class": "19.5m以上", "assign_err_m": 38.2}}, {"type": "Feature", "geometry": {"type": "LineString", "coordinates": [[141.355173, 43.061325], [141.355588, 43.061378]]}, "properties": {"link_id": "K01863", "street": "", "street_kind": "格子外", "through": false, "axis": "EW", "length_m": 34.3, "road_category": "市区町村道等", "road_state": "通常部", "width_class": "5.5m-13m未満", "assign_err_m": 42.8}}, {"type": "Feature", "geometry": {"type": "LineString", "coordinates": [[141.342187, 43.053366], [141.342191, 43.053336], [141.342223, 43.053101], [141.342228, 43.053062]]}, "properties": {"link_id": "K01867", "street": "西11丁目通", "street_kind": "格子街路", "through": true, "axis": "NS", "length_m": 34.0, "road_category": "国道", "road_state": "通常部", "width_class": "19.5m以上", "assign_err_m": 30.0}}, {"type": "Feature", "geometry": {"type": "LineString", "coordinates": [[141.348669, 43.05966], [141.349077, 43.059716]]}, "properties": {"link_id": "K01869", "street": "", "street_kind": "格子外", "through": false, "axis": "EW", "length_m": 33.9, "road_category": "市区町村道等", "road_state": "通常部", "width_class": "19.5m以上", "assign_err_m": 43.7}}, {"type": "Feature", "geometry": {"type": "LineString", "coordinates": [[141.343609, 43.064952], [141.343743, 43.064985], [141.343812, 43.065007], [141.343868, 43.065028], [141.343947, 43.065075], [141.343971, 43.065092]]}, "properties": {"link_id": "K01871", "street": "北4条通〜北5条通の裏通り", "street_kind": "裏通り", "through": false, "axis": "EW", "length_m": 33.8, "road_category": "市区町村道等", "road_state": "通常部", "width_class": "3m未満", "assign_err_m": 18.8}}, {"type": "Feature", "geometry": {"type": "LineString", "coordinates": [[141.344852, 43.059366], [141.344446, 43.05931]]}, "properties": {"link_id": "K01872", "street": "大通", "street_kind": "格子街路", "through": true, "axis": "EW", "length_m": 33.7, "road_category": "市区町村道等", "road_state": "通常部", "width_class": "3m-5.5m未満", "assign_err_m": 21.3}}, {"type": "Feature", "geometry": {"type": "LineString", "coordinates": [[141.346786, 43.05997], [141.346382, 43.059916]]}, "properties": {"link_id": "K01875", "street": "大通", "street_kind": "格子街路", "through": true, "axis": "EW", "length_m": 33.5, "road_category": "市区町村道等", "road_state": "通常部", "width_class": "3m-5.5m未満", "assign_err_m": 17.0}}, {"type": "Feature", "geometry": {"type": "LineString", "coordinates": [[141.345681, 43.053924], [141.345752, 43.053627]]}, "properties": {"link_id": "K01876", "street": "西9丁目通", "street_kind": "格子街路", "through": true, "axis": "NS", "length_m": 33.5, "road_category": "市区町村道等", "road_state": "通常部", "width_class": "13m-19.5m未満", "assign_err_m": 2.3}}, {"type": "Feature", "geometry": {"type": "LineString", "coordinates": [[141.340491, 43.064414], [141.340491, 43.064472], [141.340488, 43.064553], [141.340498, 43.064612], [141.340491, 43.064662], [141.340488, 43.064687], [141.340464, 43.064705]]}, "properties": {"link_id": "K01877", "street": "西11丁目通〜西10丁目通の裏通り", "street_kind": "裏通り", "through": true, "axis": "NS", "length_m": 33.3, "road_category": "市区町村道等", "road_state": "通常部", "width_class": "3m未満", "assign_err_m": 10.3}}, {"type": "Feature", "geometry": {"type": "LineString", "coordinates": [[141.341084, 43.059415], [141.341485, 43.059466]]}, "properties": {"link_id": "K01879", "street": "", "street_kind": "格子外", "through": false, "axis": "EW", "length_m": 33.2, "road_category": "市区町村道等", "road_state": "通常部", "width_class": "5.5m-13m未満", "assign_err_m": 38.2}}, {"type": "Feature", "geometry": {"type": "LineString", "coordinates": [[141.341605, 43.06399], [141.341549, 43.06403], [141.341453, 43.064149], [141.341409, 43.064212], [141.341393, 43.064239]]}, "properties": {"link_id": "K01882", "street": "西10丁目通", "street_kind": "格子街路", "through": true, "axis": "NS", "length_m": 32.9, "road_category": "市区町村道等", "road_state": "通常部", "width_class": "3m未満", "assign_err_m": 4.1}}, {"type": "Feature", "geometry": {"type": "LineString", "coordinates": [[141.348392, 43.064122], [141.348323, 43.064411]]}, "properties": {"link_id": "K01887", "street": "西6丁目通", "street_kind": "格子街路", "through": true, "axis": "NS", "length_m": 32.5, "road_category": "市区町村道等", "road_state": "通常部", "width_class": "3m-5.5m未満", "assign_err_m": 29.7}}, {"type": "Feature", "geometry": {"type": "LineString", "coordinates": [[141.344327, 43.063557], [141.344235, 43.063607], [141.344176, 43.063667], [141.344142, 43.063712], [141.344116, 43.063751], [141.344096, 43.063788]]}, "properties": {"link_id": "K01888", "street": "", "street_kind": "斜行・非格子", "through": false, "axis": "NS", "length_m": 32.5, "road_category": "市区町村道等", "road_state": "通常部", "width_class": "3m未満"}}, {"type": "Feature", "geometry": {"type": "LineString", "coordinates": [[141.346864, 43.059642], [141.346472, 43.059588]]}, "properties": {"link_id": "K01889", "street": "大通", "street_kind": "格子街路", "through": true, "axis": "EW", "length_m": 32.5, "road_category": "市区町村道等", "road_state": "通常部", "width_class": "3m-5.5m未満", "assign_err_m": 20.1}}, {"type": "Feature", "geometry": {"type": "LineString", "coordinates": [[141.342284, 43.052653], [141.342289, 43.052614], [141.34232, 43.052391], [141.342323, 43.052363]]}, "properties": {"link_id": "K01890", "street": "西12丁目通〜西11丁目通の裏通り", "street_kind": "裏通り", "through": false, "axis": "NS", "length_m": 32.5, "road_category": "国道", "road_state": "通常部", "width_class": "19.5m以上", "assign_err_m": 28.9}}, {"type": "Feature", "geometry": {"type": "LineString", "coordinates": [[141.349574, 43.064162], [141.349297, 43.064116], [141.349186, 43.0641]]}, "properties": {"link_id": "K01891", "street": "北3条通", "street_kind": "格子街路", "through": true, "axis": "EW", "length_m": 32.4, "road_category": "市区町村道等", "road_state": "通常部", "width_class": "13m-19.5m未満", "assign_err_m": 0.3}}, {"type": "Feature", "geometry": {"type": "LineString", "coordinates": [[141.357229, 43.061594], [141.357161, 43.06188]]}, "properties": {"link_id": "K01893", "street": "西1丁目通〜東1丁目通の裏通り", "street_kind": "裏通り", "through": true, "axis": "NS", "length_m": 32.2, "road_category": "市区町村道等", "road_state": "通常部", "width_class": "5.5m-13m未満", "assign_err_m": 26.2}}, {"type": "Feature", "geometry": {"type": "LineString", "coordinates": [[141.349925, 43.06039], [141.35, 43.060488], [141.350119, 43.060642]]}, "properties": {"link_id": "K01894", "street": "", "street_kind": "斜行・非格子", "through": false, "axis": "NS", "length_m": 32.2, "road_category": "市区町村道等", "road_state": "通常部", "width_class": "3m未満"}}, {"type": "Feature", "geometry": {"type": "LineString", "coordinates": [[141.352025, 43.054486], [141.352096, 43.054201]]}, "properties": {"link_id": "K01895", "street": "西5丁目通", "street_kind": "格子街路", "through": true, "axis": "NS", "length_m": 32.2, "road_category": "市区町村道等", "road_state": "通常部", "width_class": "13m-19.5m未満", "assign_err_m": 2.3}}, {"type": "Feature", "geometry": {"type": "LineString", "coordinates": [[141.347721, 43.064537], [141.348109, 43.064587]]}, "properties": {"link_id": "K01896", "street": "北3条通〜北4条通の裏通り", "street_kind": "裏通り", "through": false, "axis": "EW", "length_m": 32.1, "road_category": "市区町村道等", "road_state": "通常部", "width_class": "3m未満", "assign_err_m": 3.0}}, {"type": "Feature", "geometry": {"type": "LineString", "coordinates": [[141.347332, 43.064492], [141.347721, 43.064537]]}, "properties": {"link_id": "K01897", "street": "北3条通〜北4条通の裏通り", "street_kind": "裏通り", "through": false, "axis": "EW", "length_m": 32.1, "road_category": "市区町村道等", "road_state": "通常部", "width_class": "3m未満", "assign_err_m": 3.4}}, {"type": "Feature", "geometry": {"type": "LineString", "coordinates": [[141.341393, 43.064239], [141.341387, 43.064275], [141.34138, 43.064315], [141.341363, 43.064393], [141.341329, 43.064457], [141.341279, 43.06451]]}, "properties": {"link_id": "K01898", "street": "西10丁目通", "street_kind": "格子街路", "through": true, "axis": "NS", "length_m": 32.1, "road_category": "市区町村道等", "road_state": "通常部", "width_class": "3m未満", "assign_err_m": 9.6}}, {"type": "Feature", "geometry": {"type": "LineString", "coordinates": [[141.340798, 43.060558], [141.341184, 43.060615]]}, "properties": {"link_id": "K01899", "street": "北1条通", "street_kind": "格子街路", "through": true, "axis": "EW", "length_m": 32.0, "road_category": "国道", "road_state": "通常部", "width_class": "19.5m以上", "assign_err_m": 7.3}}, {"type": "Feature", "geometry": {"type": "LineString", "coordinates": [[141.341184, 43.060615], [141.341568, 43.06067]]}, "properties": {"link_id": "K01900", "street": "北1条通", "street_kind": "格子街路", "through": true, "axis": "EW", "length_m": 31.9, "road_category": "国道", "road_state": "通常部", "width_class": "19.5m以上", "assign_err_m": 6.7}}, {"type": "Feature", "geometry": {"type": "LineString", "coordinates": [[141.352606, 43.054563], [141.352675, 43.054281]]}, "properties": {"link_id": "K01902", "street": "西5丁目通〜西4丁目通の裏通り", "street_kind": "裏通り", "through": false, "axis": "NS", "length_m": 31.9, "road_category": "市区町村道等", "road_state": "通常部", "width_class": "3m未満", "assign_err_m": 14.7}}, {"type": "Feature", "geometry": {"type": "LineString", "coordinates": [[141.359525, 43.052982], [141.359435, 43.053002], [141.359168, 43.053096]]}, "properties": {"link_id": "K01905", "street": "", "street_kind": "斜行・非格子", "through": false, "axis": "EW", "length_m": 31.8, "road_category": "市区町村道等", "road_state": "通常部", "width_class": "5.5m-13m未満"}}, {"type": "Feature", "geometry": {"type": "LineString", "coordinates": [[141.345767, 43.060052], [141.34615, 43.060103]]}, "properties": {"link_id": "K01906", "street": "", "street_kind": "格子外", "through": false, "axis": "EW", "length_m": 31.7, "road_category": "市区町村道等", "road_state": "通常部", "width_class": "5.5m-13m未満", "assign_err_m": 40.7}}, {"type": "Feature", "geometry": {"type": "LineString", "coordinates": [[141.356156, 43.060697], [141.355777, 43.060646]]}, "properties": {"link_id": "K01909", "street": "", "street_kind": "格子外", "through": false, "axis": "EW", "length_m": 31.3, "road_category": "市区町村道等", "road_state": "通常部", "width_class": "19.5m以上", "assign_err_m": 38.0}}, {"type": "Feature", "geometry": {"type": "LineString", "coordinates": [[141.34595, 43.059297], [141.346329, 43.059346]]}, "properties": {"link_id": "K01911", "street": "", "street_kind": "格子外", "through": false, "axis": "EW", "length_m": 31.3, "road_category": "市区町村道等", "road_state": "通常部", "width_class": "19.5m以上", "assign_err_m": 42.9}}, {"type": "Feature", "geometry": {"type": "LineString", "coordinates": [[141.342235, 43.053012], [141.342243, 43.052964], [141.342271, 43.052747], [141.342274, 43.052733]]}, "properties": {"link_id": "K01913", "street": "西12丁目通〜西11丁目通の裏通り", "street_kind": "裏通り", "through": false, "axis": "NS", "length_m": 31.1, "road_category": "国道", "road_state": "通常部", "width_class": "19.5m以上", "assign_err_m": 32.1}}, {"type": "Feature", "geometry": {"type": "LineString", "coordinates": [[141.349257, 43.060527], [141.348883, 43.060477]]}, "properties": {"link_id": "K01917", "street": "", "street_kind": "格子外", "through": false, "axis": "EW", "length_m": 30.9, "road_category": "市区町村道等", "road_state": "通常部", "width_class": "5.5m-13m未満", "assign_err_m": 42.4}}, {"type": "Feature", "geometry": {"type": "LineString", "coordinates": [[141.344081, 43.063804], [141.344041, 43.063817], [141.343846, 43.063906], [141.343752, 43.063939]]}, "properties": {"link_id": "K01918", "street": "", "street_kind": "斜行・非格子", "through": false, "axis": "EW", "length_m": 30.8, "road_category": "市区町村道等", "road_state": "通常部", "width_class": "3m未満"}}, {"type": "Feature", "geometry": {"type": "LineString", "coordinates": [[141.345752, 43.053627], [141.345823, 43.053356]]}, "properties": {"link_id": "K01920", "street": "西9丁目通", "street_kind": "格子街路", "through": true, "axis": "NS", "length_m": 30.7, "road_category": "市区町村道等", "road_state": "通常部", "width_class": "13m-19.5m未満", "assign_err_m": 2.5}}, {"type": "Feature", "geometry": {"type": "LineString", "coordinates": [[141.346005, 43.062588], [141.345941, 43.06286]]}, "properties": {"link_id": "K01921", "street": "西8丁目通〜西7丁目通の裏通り", "street_kind": "裏通り", "through": false, "axis": "NS", "length_m": 30.6, "road_category": "市区町村道等", "road_state": "通常部", "width_class": "3m未満", "assign_err_m": 3.3}}, {"type": "Feature", "geometry": {"type": "LineString", "coordinates": [[141.342079, 43.054159], [141.342094, 43.054049], [141.342116, 43.053885]]}, "properties": {"link_id": "K01922", "street": "西11丁目通", "street_kind": "格子街路", "through": true, "axis": "NS", "length_m": 30.6, "road_category": "国道", "road_state": "通常部", "width_class": "19.5m以上", "assign_err_m": 23.0}}, {"type": "Feature", "geometry": {"type": "LineString", "coordinates": [[141.347721, 43.064537], [141.347707, 43.064596], [141.347647, 43.064806]]}, "properties": {"link_id": "K01923", "street": "西6丁目通", "street_kind": "格子街路", "through": true, "axis": "NS", "length_m": 30.5, "road_category": "市区町村道等", "road_state": "通常部", "width_class": "3m未満", "assign_err_m": 16.3}}, {"type": "Feature", "geometry": {"type": "LineString", "coordinates": [[141.345005, 43.06353], [141.344645, 43.063463]]}, "properties": {"link_id": "K01925", "street": "北3条通", "street_kind": "格子街路", "through": true, "axis": "EW", "length_m": 30.3, "road_category": "市区町村道等", "road_state": "通常部", "width_class": "3m-5.5m未満", "assign_err_m": 4.1}}, {"type": "Feature", "geometry": {"type": "LineString", "coordinates": [[141.348027, 43.051008], [141.348021, 43.051033], [141.347961, 43.051276]]}, "properties": {"link_id": "K01926", "street": "西8丁目通", "street_kind": "格子街路", "through": true, "axis": "NS", "length_m": 30.3, "road_category": "市区町村道等", "road_state": "通常部", "width_class": "3m-5.5m未満", "assign_err_m": 3.4}}, {"type": "Feature", "geometry": {"type": "LineString", "coordinates": [[141.343716, 43.063036], [141.343753, 43.063013], [141.343841, 43.062949], [141.343917, 43.062906], [141.344005, 43.062872]]}, "properties": {"link_id": "K01930", "street": "", "street_kind": "斜行・非格子", "through": false, "axis": "NS", "length_m": 30.0, "road_category": "市区町村道等", "road_state": "通常部", "width_class": "3m未満"}}, {"type": "Feature", "geometry": {"type": "LineString", "coordinates": [[141.347699, 43.060312], [141.347337, 43.060261]]}, "properties": {"link_id": "K01931", "street": "", "street_kind": "格子外", "through": false, "axis": "EW", "length_m": 30.0, "road_category": "市区町村道等", "road_state": "通常部", "width_class": "5.5m-13m未満", "assign_err_m": 41.1}}, {"type": "Feature", "geometry": {"type": "LineString", "coordinates": [[141.349525, 43.059999], [141.349368, 43.059756]]}, "properties": {"link_id": "K01933", "street": "", "street_kind": "斜行・非格子", "through": false, "axis": "NS", "length_m": 29.9, "road_category": "市区町村道等", "road_state": "通常部", "width_class": "3m未満"}}, {"type": "Feature", "geometry": {"type": "LineString", "coordinates": [[141.348249, 43.063034], [141.348307, 43.06277]]}, "properties": {"link_id": "K01936", "street": "西6丁目通", "street_kind": "格子街路", "through": true, "axis": "NS", "length_m": 29.7, "road_category": "市区町村道等", "road_state": "通常部", "width_class": "3m-5.5m未満", "assign_err_m": 3.5}}, {"type": "Feature", "geometry": {"type": "LineString", "coordinates": [[141.348144, 43.06015], [141.348212, 43.059889]]}, "properties": {"link_id": "K01938", "street": "西7丁目通〜西6丁目通の裏通り", "street_kind": "裏通り", "through": false, "axis": "NS", "length_m": 29.5, "road_category": "市区町村道等", "road_state": "通常部", "width_class": "19.5m以上", "assign_err_m": 2.9}}, {"type": "Feature", "geometry": {"type": "LineString", "coordinates": [[141.345767, 43.060052], [141.345413, 43.060003]]}, "properties": {"link_id": "K01939", "street": "", "street_kind": "格子外", "through": false, "axis": "EW", "length_m": 29.4, "road_category": "市区町村道等", "road_state": "通常部", "width_class": "5.5m-13m未満", "assign_err_m": 40.5}}, {"type": "Feature", "geometry": {"type": "LineString", "coordinates": [[141.352675, 43.054281], [141.352321, 43.054232]]}, "properties": {"link_id": "K01942", "street": "南5条通", "street_kind": "格子街路", "through": true, "axis": "EW", "length_m": 29.3, "road_category": "市区町村道等", "road_state": "通常部", "width_class": "13m-19.5m未満", "assign_err_m": 5.2}}, {"type": "Feature", "geometry": {"type": "LineString", "coordinates": [[141.347984, 43.059795], [141.347862, 43.059547]]}, "properties": {"link_id": "K01943", "street": "", "street_kind": "斜行・非格子", "through": false, "axis": "NS", "length_m": 29.3, "road_category": "市区町村道等", "road_state": "通常部", "width_class": "3m未満"}}, {"type": "Feature", "geometry": {"type": "LineString", "coordinates": [[141.34595, 43.059297], [141.345598, 43.059249]]}, "properties": {"link_id": "K01945", "street": "", "street_kind": "格子外", "through": false, "axis": "EW", "length_m": 29.1, "road_category": "市区町村道等", "road_state": "通常部", "width_class": "19.5m以上", "assign_err_m": 42.9}}, {"type": "Feature", "geometry": {"type": "LineString", "coordinates": [[141.347512, 43.059498], [141.347862, 43.059547]]}, "properties": {"link_id": "K01947", "street": "", "street_kind": "格子外", "through": false, "axis": "EW", "length_m": 29.0, "road_category": "市区町村道等", "road_state": "通常部", "width_class": "19.5m以上", "assign_err_m": 42.7}}, {"type": "Feature", "geometry": {"type": "LineString", "coordinates": [[141.342247, 43.059273], [141.341918, 43.059173]]}, "properties": {"link_id": "K01948", "street": "大通", "street_kind": "格子街路", "through": true, "axis": "EW", "length_m": 29.0, "road_category": "市区町村道等", "road_state": "通常部", "width_class": "3m未満", "assign_err_m": 3.0}}, {"type": "Feature", "geometry": {"type": "LineString", "coordinates": [[141.345598, 43.059249], [141.345349, 43.059434]]}, "properties": {"link_id": "K01950", "street": "", "street_kind": "斜行・非格子", "through": false, "axis": "NS", "length_m": 28.9, "road_category": "市区町村道等", "road_state": "通常部", "width_class": "3m未満"}}, {"type": "Feature", "geometry": {"type": "LineString", "coordinates": [[141.342292, 43.059098], [141.341939, 43.059092]]}, "properties": {"link_id": "K01951", "street": "大通", "street_kind": "格子街路", "through": true, "axis": "EW", "length_m": 28.7, "road_category": "市区町村道等", "road_state": "通常部", "width_class": "3m未満", "assign_err_m": 11.5}}, {"type": "Feature", "geometry": {"type": "LineString", "coordinates": [[141.342227, 43.059353], [141.341884, 43.059303]]}, "properties": {"link_id": "K01955", "street": "大通", "street_kind": "格子街路", "through": true, "axis": "EW", "length_m": 28.5, "road_category": "市区町村道等", "road_state": "通常部", "width_class": "3m-5.5m未満", "assign_err_m": 14.8}}, {"type": "Feature", "geometry": {"type": "LineString", "coordinates": [[141.348506, 43.063637], [141.348447, 43.06389]]}, "properties": {"link_id": "K01957", "street": "西6丁目通", "street_kind": "格子街路", "through": true, "axis": "NS", "length_m": 28.4, "road_category": "市区町村道等", "road_state": "通常部", "width_class": "3m-5.5m未満", "assign_err_m": 29.4}}, {"type": "Feature", "geometry": {"type": "LineString", "coordinates": [[141.341279, 43.06451], [141.341226, 43.064458], [141.341133, 43.064341], [141.341104, 43.06433], [141.34106, 43.06433]]}, "properties": {"link_id": "K01958", "street": "", "street_kind": "斜行・非格子", "through": false, "axis": "NS", "length_m": 28.4, "road_category": "市区町村道等", "road_state": "通常部", "width_class": "3m未満"}}, {"type": "Feature", "geometry": {"type": "LineString", "coordinates": [[141.348425, 43.060413], [141.34831, 43.060171]]}, "properties": {"link_id": "K01959", "street": "", "street_kind": "斜行・非格子", "through": false, "axis": "NS", "length_m": 28.4, "road_category": "市区町村道等", "road_state": "通常部", "width_class": "3m未満"}}, {"type": "Feature", "geometry": {"type": "LineString", "coordinates": [[141.342312, 43.059019], [141.34197, 43.058973]]}, "properties": {"link_id": "K01962", "street": "大通", "street_kind": "格子街路", "through": true, "axis": "EW", "length_m": 28.3, "road_category": "市区町村道等", "road_state": "通常部", "width_class": "3m-5.5m未満", "assign_err_m": 22.7}}, {"type": "Feature", "geometry": {"type": "LineString", "coordinates": [[141.346329, 43.059346], [141.346446, 43.059584]]}, "properties": {"link_id": "K01963", "street": "", "street_kind": "斜行・非格子", "through": false, "axis": "NS", "length_m": 28.2, "road_category": "市区町村道等", "road_state": "通常部", "width_class": "3m未満"}}, {"type": "Feature", "geometry": {"type": "LineString", "coordinates": [[141.347546, 43.064788], [141.347308, 43.064606]]}, "properties": {"link_id": "K01966", "street": "", "street_kind": "斜行・非格子", "through": false, "axis": "EW", "length_m": 28.0, "road_category": "市区町村道等", "road_state": "通常部", "width_class": "3m-5.5m未満"}}, {"type": "Feature", "geometry": {"type": "LineString", "coordinates": [[141.340571, 43.063947], [141.340629, 43.06394], [141.340683, 43.063949], [141.340767, 43.063942], [141.340883, 43.063921], [141.340907, 43.063919]]}, "properties": {"link_id": "K01967", "street": "北4条通", "street_kind": "格子街路", "through": true, "axis": "EW", "length_m": 27.9, "road_category": "市区町村道等", "road_state": "通常部", "width_class": "3m未満", "assign_err_m": 27.1}}, {"type": "Feature", "geometry": {"type": "LineString", "coordinates": [[141.344347, 43.062862], [141.344196, 43.062865], [141.344095, 43.062867], [141.344005, 43.062872]]}, "properties": {"link_id": "K01968", "street": "北2条通〜北3条通の裏通り", "street_kind": "裏通り", "through": false, "axis": "EW", "length_m": 27.9, "road_category": "市区町村道等", "road_state": "通常部", "width_class": "3m未満", "assign_err_m": 1.3}}, {"type": "Feature", "geometry": {"type": "LineString", "coordinates": [[141.345908, 43.053031], [141.34597, 43.052786]]}, "properties": {"link_id": "K01970", "street": "西9丁目通", "street_kind": "格子街路", "through": true, "axis": "NS", "length_m": 27.8, "road_category": "市区町村道等", "road_state": "通常部", "width_class": "13m-19.5m未満", "assign_err_m": 3.2}}, {"type": "Feature", "geometry": {"type": "LineString", "coordinates": [[141.345285, 43.059773], [141.345413, 43.060003]]}, "properties": {"link_id": "K01971", "street": "", "street_kind": "斜行・非格子", "through": false, "axis": "NS", "length_m": 27.6, "road_category": "市区町村道等", "road_state": "通常部", "width_class": "3m未満"}}, {"type": "Feature", "geometry": {"type": "LineString", "coordinates": [[141.348472, 43.059858], [141.348669, 43.05966]]}, "properties": {"link_id": "K01974", "street": "", "street_kind": "斜行・非格子", "through": false, "axis": "NS", "length_m": 27.3, "road_category": "市区町村道等", "road_state": "通常部", "width_class": "3m未満"}}, {"type": "Feature", "geometry": {"type": "LineString", "coordinates": [[141.355792, 43.061185], [141.355588, 43.061378]]}, "properties": {"link_id": "K01975", "street": "", "street_kind": "斜行・非格子", "through": false, "axis": "NS", "length_m": 27.2, "road_category": "市区町村道等", "road_state": "通常部", "width_class": "3m未満"}}, {"type": "Feature", "geometry": {"type": "LineString", "coordinates": [[141.347699, 43.060312], [141.347899, 43.060118]]}, "properties": {"link_id": "K01977", "street": "", "street_kind": "斜行・非格子", "through": false, "axis": "NS", "length_m": 27.0, "road_category": "市区町村道等", "road_state": "通常部", "width_class": "3m未満"}}, {"type": "Feature", "geometry": {"type": "LineString", "coordinates": [[141.355777, 43.060646], [141.355861, 43.060837], [141.355859, 43.060879]]}, "properties": {"link_id": "K01978", "street": "西2丁目通〜西1丁目通の裏通り", "street_kind": "裏通り", "through": false, "axis": "NS", "length_m": 26.9, "road_category": "市区町村道等", "road_state": "通常部", "width_class": "3m未満", "assign_err_m": 25.1}}, {"type": "Feature", "geometry": {"type": "LineString", "coordinates": [[141.349257, 43.060527], [141.349431, 43.060321]]}, "properties": {"link_id": "K01979", "street": "西6丁目通〜西5丁目通の裏通り", "street_kind": "裏通り", "through": false, "axis": "NS", "length_m": 26.9, "road_category": "市区町村道等", "road_state": "通常部", "width_class": "3m未満", "assign_err_m": 31.5}}, {"type": "Feature", "geometry": {"type": "LineString", "coordinates": [[141.34615, 43.060103], [141.34635, 43.059911]]}, "properties": {"link_id": "K01981", "street": "", "street_kind": "斜行・非格子", "through": false, "axis": "NS", "length_m": 26.8, "road_category": "市区町村道等", "road_state": "通常部", "width_class": "3m未満"}}, {"type": "Feature", "geometry": {"type": "LineString", "coordinates": [[141.344852, 43.059366], [141.344761, 43.059135]]}, "properties": {"link_id": "K01982", "street": "", "street_kind": "斜行・非格子", "through": false, "axis": "NS", "length_m": 26.8, "road_category": "市区町村道等", "road_state": "通常部", "width_class": "3m未満"}}, {"type": "Feature", "geometry": {"type": "LineString", "coordinates": [[141.340796, 43.06334], [141.34075, 43.063578]]}, "properties": {"link_id": "K01984", "street": "西11丁目通〜西10丁目通の裏通り", "street_kind": "裏通り", "through": true, "axis": "NS", "length_m": 26.7, "road_category": "市区町村道等", "road_state": "通常部", "width_class": "3m未満", "assign_err_m": 9.3}}, {"type": "Feature", "geometry": {"type": "LineString", "coordinates": [[141.359051, 43.053958], [141.358728, 43.053918]]}, "properties": {"link_id": "K01985", "street": "南6条通", "street_kind": "格子街路", "through": true, "axis": "EW", "length_m": 26.7, "road_category": "市区町村道等", "road_state": "通常部", "width_class": "13m-19.5m未満", "assign_err_m": 8.6}}, {"type": "Feature", "geometry": {"type": "LineString", "coordinates": [[141.351962, 43.054721], [141.352025, 43.054486]]}, "properties": {"link_id": "K01987", "street": "西5丁目通", "street_kind": "格子街路", "through": true, "axis": "NS", "length_m": 26.6, "road_category": "市区町村道等", "road_state": "通常部", "width_class": "13m-19.5m未満", "assign_err_m": 2.0}}, {"type": "Feature", "geometry": {"type": "LineString", "coordinates": [[141.350439, 43.060685], [141.350119, 43.060642]]}, "properties": {"link_id": "K01990", "street": "", "street_kind": "格子外", "through": false, "axis": "EW", "length_m": 26.5, "road_category": "市区町村道等", "road_state": "通常部", "width_class": "5.5m-13m未満", "assign_err_m": 42.7}}, {"type": "Feature", "geometry": {"type": "LineString", "coordinates": [[141.348452, 43.063574], [141.348133, 43.063535]]}, "properties": {"link_id": "K01992", "street": "北2条通〜北3条通の裏通り", "street_kind": "裏通り", "through": false, "axis": "EW", "length_m": 26.4, "road_category": "市区町村道等", "road_state": "通常部", "width_class": "3m-5.5m未満", "assign_err_m": 17.4}}, {"type": "Feature", "geometry": {"type": "LineString", "coordinates": [[141.348323, 43.064411], [141.348109, 43.064587]]}, "properties": {"link_id": "K01994", "street": "", "street_kind": "斜行・非格子", "through": false, "axis": "NS", "length_m": 26.2, "road_category": "市区町村道等", "road_state": "通常部", "width_class": "3m-5.5m未満"}}, {"type": "Feature", "geometry": {"type": "LineString", "coordinates": [[141.340241, 43.062745], [141.340472, 43.062777], [141.340552, 43.062801]]}, "properties": {"link_id": "K01995", "street": "北3条通", "street_kind": "格子街路", "through": true, "axis": "EW", "length_m": 26.1, "road_category": "市区町村道等", "road_state": "通常部", "width_class": "3m未満", "assign_err_m": 20.1}}, {"type": "Feature", "geometry": {"type": "LineString", "coordinates": [[141.346813, 43.059974], [141.346891, 43.060202]]}, "properties": {"link_id": "K01996", "street": "西8丁目通〜西7丁目通の裏通り", "street_kind": "裏通り", "through": false, "axis": "NS", "length_m": 26.1, "road_category": "市区町村道等", "road_state": "通常部", "width_class": "3m未満", "assign_err_m": 22.1}}, {"type": "Feature", "geometry": {"type": "LineString", "coordinates": [[141.352546, 43.054794], [141.352606, 43.054563]]}, "properties": {"link_id": "K01997", "street": "西5丁目通〜西4丁目通の裏通り", "street_kind": "裏通り", "through": false, "axis": "NS", "length_m": 26.1, "road_category": "市区町村道等", "road_state": "通常部", "width_class": "3m未満", "assign_err_m": 14.8}}, {"type": "Feature", "geometry": {"type": "LineString", "coordinates": [[141.34378, 43.054497], [141.343854, 43.054502], [141.344096, 43.054519]]}, "properties": {"link_id": "K02001", "street": "南4条通", "street_kind": "格子街路", "through": true, "axis": "EW", "length_m": 25.9, "road_category": "市区町村道等", "road_state": "通常部", "width_class": "19.5m以上", "assign_err_m": 25.6}}, {"type": "Feature", "geometry": {"type": "LineString", "coordinates": [[141.341227, 43.063618], [141.341275, 43.063388]]}, "properties": {"link_id": "K02002", "street": "西11丁目通〜西10丁目通の裏通り", "street_kind": "裏通り", "through": true, "axis": "NS", "length_m": 25.9, "road_category": "市区町村道等", "road_state": "通常部", "width_class": "3m未満", "assign_err_m": 29.9}}, {"type": "Feature", "geometry": {"type": "LineString", "coordinates": [[141.345908, 43.053031], [141.345849, 43.05326]]}, "properties": {"link_id": "K02004", "street": "西9丁目通", "street_kind": "格子街路", "through": true, "axis": "NS", "length_m": 25.8, "road_category": "市区町村道等", "road_state": "通常部", "width_class": "13m-19.5m未満", "assign_err_m": 3.0}}, {"type": "Feature", "geometry": {"type": "LineString", "coordinates": [[141.344768, 43.059697], [141.344587, 43.059888]]}, "properties": {"link_id": "K02005", "street": "西9丁目通〜西8丁目通の裏通り", "street_kind": "裏通り", "through": false, "axis": "NS", "length_m": 25.8, "road_category": "市区町村道等", "road_state": "通常部", "width_class": "3m未満", "assign_err_m": 28.0}}, {"type": "Feature", "geometry": {"type": "LineString", "coordinates": [[141.347461, 43.059723], [141.347512, 43.059498]]}, "properties": {"link_id": "K02010", "street": "西7丁目通", "street_kind": "格子街路", "through": true, "axis": "NS", "length_m": 25.4, "road_category": "市区町村道等", "road_state": "通常部", "width_class": "5.5m-13m未満", "assign_err_m": 1.4}}, {"type": "Feature", "geometry": {"type": "LineString", "coordinates": [[141.341655, 43.059], [141.341667, 43.059004], [141.341939, 43.059092]]}, "properties": {"link_id": "K02012", "street": "大通", "street_kind": "格子街路", "through": true, "axis": "EW", "length_m": 25.3, "road_category": "市区町村道等", "road_state": "通常部", "width_class": "3m未満", "assign_err_m": 12.3}}, {"type": "Feature", "geometry": {"type": "LineString", "coordinates": [[141.348883, 43.060477], [141.34894, 43.060253]]}, "properties": {"link_id": "K02013", "street": "西6丁目通", "street_kind": "格子街路", "through": true, "axis": "NS", "length_m": 25.3, "road_category": "市区町村道等", "road_state": "通常部", "width_class": "13m-19.5m未満", "assign_err_m": 2.3}}, {"type": "Feature", "geometry": {"type": "LineString", "coordinates": [[141.341209, 43.065176], [141.341094, 43.065013], [141.341078, 43.06497]]}, "properties": {"link_id": "K02014", "street": "", "street_kind": "斜行・非格子", "through": false, "axis": "NS", "length_m": 25.3, "road_category": "市区町村道等", "road_state": "通常部", "width_class": "3m未満"}}, {"type": "Feature", "geometry": {"type": "LineString", "coordinates": [[141.341608, 43.059186], [141.341667, 43.059184], [141.341918, 43.059173]]}, "properties": {"link_id": "K02015", "street": "大通", "street_kind": "格子街路", "through": true, "axis": "EW", "length_m": 25.2, "road_category": "市区町村道等", "road_state": "通常部", "width_class": "3m未満", "assign_err_m": 2.8}}, {"type": "Feature", "geometry": {"type": "LineString", "coordinates": [[141.341084, 43.059415], [141.341094, 43.059271], [141.341095, 43.059188]]}, "properties": {"link_id": "K02016", "street": "西11丁目通", "street_kind": "格子街路", "through": true, "axis": "NS", "length_m": 25.2, "road_category": "国道", "road_state": "通常部", "width_class": "19.5m以上", "assign_err_m": 0.3}}, {"type": "Feature", "geometry": {"type": "LineString", "coordinates": [[141.344172, 43.059614], [141.344158, 43.05964], [141.344014, 43.059809]]}, "properties": {"link_id": "K02017", "street": "西9丁目通", "street_kind": "格子街路", "through": true, "axis": "NS", "length_m": 25.2, "road_category": "市区町村道等", "road_state": "通常部", "width_class": "3m未満", "assign_err_m": 11.3}}, {"type": "Feature", "geometry": {"type": "LineString", "coordinates": [[141.353041, 43.060815], [141.352737, 43.060779]]}, "properties": {"link_id": "K02018", "street": "大通", "street_kind": "格子街路", "through": true, "axis": "EW", "length_m": 25.1, "road_category": "市区町村道等", "road_state": "通常部", "width_class": "3m-5.5m未満", "assign_err_m": 19.8}}, {"type": "Feature", "geometry": {"type": "LineString", "coordinates": [[141.345622, 43.054144], [141.345681, 43.053924]]}, "properties": {"link_id": "K02019", "street": "西9丁目通", "street_kind": "格子街路", "through": true, "axis": "NS", "length_m": 25.0, "road_category": "市区町村道等", "road_state": "通常部", "width_class": "13m-19.5m未満", "assign_err_m": 2.2}}, {"type": "Feature", "geometry": {"type": "LineString", "coordinates": [[141.344322, 43.059631], [141.34435, 43.059855]]}, "properties": {"link_id": "K02020", "street": "西9丁目通", "street_kind": "格子街路", "through": true, "axis": "NS", "length_m": 25.0, "road_category": "市区町村道等", "road_state": "通常部", "width_class": "3m未満", "assign_err_m": 8.6}}, {"type": "Feature", "geometry": {"type": "LineString", "coordinates": [[141.347007, 43.059433], [141.346946, 43.059653]]}, "properties": {"link_id": "K02021", "street": "西8丁目通〜西7丁目通の裏通り", "street_kind": "裏通り", "through": false, "axis": "NS", "length_m": 24.9, "road_category": "市区町村道等", "road_state": "通常部", "width_class": "3m未満", "assign_err_m": 21.4}}, {"type": "Feature", "geometry": {"type": "LineString", "coordinates": [[141.34197, 43.058973], [141.341671, 43.058933]]}, "properties": {"link_id": "K02024", "street": "大通", "street_kind": "格子街路", "through": true, "axis": "EW", "length_m": 24.7, "road_category": "市区町村道等", "road_state": "通常部", "width_class": "3m-5.5m未満", "assign_err_m": 22.8}}, {"type": "Feature", "geometry": {"type": "LineString", "coordinates": [[141.3511, 43.060553], [141.351398, 43.060594]]}, "properties": {"link_id": "K02025", "street": "大通", "street_kind": "格子街路", "through": true, "axis": "EW", "length_m": 24.7, "road_category": "市区町村道等", "road_state": "通常部", "width_class": "3m-5.5m未満", "assign_err_m": 19.0}}, {"type": "Feature", "geometry": {"type": "LineString", "coordinates": [[141.355173, 43.061325], [141.355228, 43.061107]]}, "properties": {"link_id": "K02027", "street": "西2丁目通", "street_kind": "格子街路", "through": true, "axis": "NS", "length_m": 24.7, "road_category": "市区町村道等", "road_state": "通常部", "width_class": "19.5m以上", "assign_err_m": 1.4}}, {"type": "Feature", "geometry": {"type": "LineString", "coordinates": [[141.343827, 43.054025], [141.343529, 43.053997]]}, "properties": {"link_id": "K02030", "street": "南4条通", "street_kind": "格子街路", "through": true, "axis": "EW", "length_m": 24.5, "road_category": "市区町村道等", "road_state": "通常部", "width_class": "3m-5.5m未満", "assign_err_m": 24.9}}, {"type": "Feature", "geometry": {"type": "LineString", "coordinates": [[141.341884, 43.059303], [141.341667, 43.059271], [141.34159, 43.05926]]}, "properties": {"link_id": "K02031", "street": "大通", "street_kind": "格子街路", "through": true, "axis": "EW", "length_m": 24.4, "road_category": "市区町村道等", "road_state": "通常部", "width_class": "3m-5.5m未満", "assign_err_m": 14.3}}, {"type": "Feature", "geometry": {"type": "LineString", "coordinates": [[141.350439, 43.060685], [141.350493, 43.060469]]}, "properties": {"link_id": "K02032", "street": "西5丁目通", "street_kind": "格子街路", "through": true, "axis": "NS", "length_m": 24.4, "road_category": "市区町村道等", "road_state": "通常部", "width_class": "5.5m-13m未満", "assign_err_m": 3.5}}, {"type": "Feature", "geometry": {"type": "LineString", "coordinates": [[141.349022, 43.059932], [141.349077, 43.059716]]}, "properties": {"link_id": "K02033", "street": "西6丁目通", "street_kind": "格子街路", "through": true, "axis": "NS", "length_m": 24.4, "road_category": "市区町村道等", "road_state": "通常部", "width_class": "13m-19.5m未満", "assign_err_m": 1.8}}, {"type": "Feature", "geometry": {"type": "LineString", "coordinates": [[141.34278, 43.059082], [141.342835, 43.058867]]}, "properties": {"link_id": "K02034", "street": "西10丁目通", "street_kind": "格子街路", "through": true, "axis": "NS", "length_m": 24.3, "road_category": "市区町村道等", "road_state": "通常部", "width_class": "5.5m-13m未満", "assign_err_m": 1.0}}, {"type": "Feature", "geometry": {"type": "LineString", "coordinates": [[141.353118, 43.060484], [141.352825, 43.060445]]}, "properties": {"link_id": "K02035", "street": "大通", "street_kind": "格子街路", "through": true, "axis": "EW", "length_m": 24.3, "road_category": "市区町村道等", "road_state": "通常部", "width_class": "3m-5.5m未満", "assign_err_m": 17.7}}, {"type": "Feature", "geometry": {"type": "LineString", "coordinates": [[141.34075, 43.063578], [141.340542, 43.063563], [141.340502, 43.063567], [141.340458, 43.063581]]}, "properties": {"link_id": "K02036", "street": "北3条通〜北4条通の裏通り", "street_kind": "裏通り", "through": false, "axis": "EW", "length_m": 24.2, "road_category": "市区町村道等", "road_state": "通常部", "width_class": "3m未満", "assign_err_m": 0.4}}, {"type": "Feature", "geometry": {"type": "LineString", "coordinates": [[141.344268, 43.059067], [141.344257, 43.059285]]}, "properties": {"link_id": "K02037", "street": "西9丁目通", "street_kind": "格子街路", "through": true, "axis": "NS", "length_m": 24.2, "road_category": "市区町村道等", "road_state": "通常部", "width_class": "3m未満", "assign_err_m": 8.4}}, {"type": "Feature", "geometry": {"type": "LineString", "coordinates": [[141.341113, 43.058858], [141.34112, 43.058752], [141.341127, 43.05864]]}, "properties": {"link_id": "K02038", "street": "西11丁目通", "street_kind": "格子街路", "through": true, "axis": "NS", "length_m": 24.1, "road_category": "国道", "road_state": "通常部", "width_class": "19.5m以上", "assign_err_m": 8.8}}, {"type": "Feature", "geometry": {"type": "LineString", "coordinates": [[141.339748, 43.064702], [141.339802, 43.064488]]}, "properties": {"link_id": "K02039", "street": "西11丁目通", "street_kind": "格子街路", "through": true, "axis": "NS", "length_m": 24.1, "road_category": "都道府県道", "road_state": "通常部", "width_class": "19.5m以上", "assign_err_m": 2.0}}, {"type": "Feature", "geometry": {"type": "LineString", "coordinates": [[141.349368, 43.059756], [141.349077, 43.059716]]}, "properties": {"link_id": "K02040", "street": "", "street_kind": "格子外", "through": false, "axis": "EW", "length_m": 24.1, "road_category": "市区町村道等", "road_state": "通常部", "width_class": "19.5m以上", "assign_err_m": 43.5}}, {"type": "Feature", "geometry": {"type": "LineString", "coordinates": [[141.344537, 43.059104], [141.344446, 43.05931]]}, "properties": {"link_id": "K02041", "street": "西9丁目通", "street_kind": "格子街路", "through": true, "axis": "NS", "length_m": 24.1, "road_category": "市区町村道等", "road_state": "通常部", "width_class": "3m未満", "assign_err_m": 10.6}}, {"type": "Feature", "geometry": {"type": "LineString", "coordinates": [[141.345767, 43.060052], [141.345819, 43.05984]]}, "properties": {"link_id": "K02044", "street": "西8丁目通", "street_kind": "格子街路", "through": true, "axis": "NS", "length_m": 24.0, "road_category": "市区町村道等", "road_state": "通常部", "width_class": "13m-19.5m未満", "assign_err_m": 0.6}}, {"type": "Feature", "geometry": {"type": "LineString", "coordinates": [[141.352151, 43.060353], [141.352167, 43.060291], [141.352205, 43.06014]]}, "properties": {"link_id": "K02046", "street": "西4丁目通", "street_kind": "格子街路", "through": true, "axis": "NS", "length_m": 24.0, "road_category": "国道", "road_state": "通常部", "width_class": "19.5m以上", "assign_err_m": 2.7}}, {"type": "Feature", "geometry": {"type": "LineString", "coordinates": [[141.345899, 43.059509], [141.34595, 43.059297]]}, "properties": {"link_id": "K02049", "street": "西8丁目通", "street_kind": "格子街路", "through": true, "axis": "NS", "length_m": 23.9, "road_category": "市区町村道等", "road_state": "通常部", "width_class": "13m-19.5m未満", "assign_err_m": 0.7}}, {"type": "Feature", "geometry": {"type": "LineString", "coordinates": [[141.350576, 43.06014], [141.350629, 43.059928]]}, "properties": {"link_id": "K02050", "street": "西5丁目通", "street_kind": "格子街路", "through": true, "axis": "NS", "length_m": 23.9, "road_category": "市区町村道等", "road_state": "通常部", "width_class": "5.5m-13m未満", "assign_err_m": 3.2}}, {"type": "Feature", "geometry": {"type": "LineString", "coordinates": [[141.356049, 43.057898], [141.356103, 43.057686]]}, "properties": {"link_id": "K02051", "street": "西2丁目通", "street_kind": "格子街路", "through": true, "axis": "NS", "length_m": 23.9, "road_category": "市区町村道等", "road_state": "通常部", "width_class": "19.5m以上", "assign_err_m": 1.8}}, {"type": "Feature", "geometry": {"type": "LineString", "coordinates": [[141.347337, 43.060261], [141.347385, 43.060051]]}, "properties": {"link_id": "K02054", "street": "西7丁目通", "street_kind": "格子街路", "through": true, "axis": "NS", "length_m": 23.7, "road_category": "市区町村道等", "road_state": "通常部", "width_class": "5.5m-13m未満", "assign_err_m": 0.7}}, {"type": "Feature", "geometry": {"type": "LineString", "coordinates": [[141.352013, 43.060896], [141.352041, 43.060792], [141.352066, 43.060688]]}, "properties": {"link_id": "K02056", "street": "西4丁目通", "street_kind": "格子街路", "through": true, "axis": "NS", "length_m": 23.5, "road_category": "国道", "road_state": "通常部", "width_class": "19.5m以上", "assign_err_m": 3.1}}, {"type": "Feature", "geometry": {"type": "LineString", "coordinates": [[141.358481, 43.055068], [141.358764, 43.055107]]}, "properties": {"link_id": "K02057", "street": "南5条通", "street_kind": "格子街路", "through": true, "axis": "EW", "length_m": 23.5, "road_category": "市区町村道等", "road_state": "通常部", "width_class": "13m-19.5m未満", "assign_err_m": 8.2}}, {"type": "Feature", "geometry": {"type": "LineString", "coordinates": [[141.353628, 43.060898], [141.3536, 43.06101], [141.353577, 43.061105]]}, "properties": {"link_id": "K02060", "street": "西3丁目通", "street_kind": "格子街路", "through": true, "axis": "NS", "length_m": 23.3, "road_category": "市区町村道等", "road_state": "通常部", "width_class": "5.5m-13m未満", "assign_err_m": 3.7}}, {"type": "Feature", "geometry": {"type": "LineString", "coordinates": [[141.343752, 43.063939], [141.343804, 43.064049], [141.343846, 43.064137]]}, "properties": {"link_id": "K02063", "street": "", "street_kind": "斜行・非格子", "through": false, "axis": "NS", "length_m": 23.3, "road_category": "市区町村道等", "road_state": "通常部", "width_class": "3m未満"}}, {"type": "Feature", "geometry": {"type": "LineString", "coordinates": [[141.354856, 43.053398], [141.354576, 43.05336]]}, "properties": {"link_id": "K02065", "street": "南6条通", "street_kind": "格子街路", "through": true, "axis": "EW", "length_m": 23.2, "road_category": "市区町村道等", "road_state": "通常部", "width_class": "13m-19.5m未満", "assign_err_m": 7.4}}, {"type": "Feature", "geometry": {"type": "LineString", "coordinates": [[141.355306, 43.060795], [141.355333, 43.060685], [141.355357, 43.06059]]}, "properties": {"link_id": "K02066", "street": "西2丁目通", "street_kind": "格子街路", "through": true, "axis": "NS", "length_m": 23.1, "road_category": "市区町村道等", "road_state": "通常部", "width_class": "19.5m以上", "assign_err_m": 1.1}}, {"type": "Feature", "geometry": {"type": "LineString", "coordinates": [[141.354702, 43.054014], [141.354424, 43.053976]]}, "properties": {"link_id": "K02067", "street": "南6条通〜南5条通の裏通り", "street_kind": "裏通り", "through": true, "axis": "EW", "length_m": 23.0, "road_category": "市区町村道等", "road_state": "通常部", "width_class": "3m-5.5m未満", "assign_err_m": 12.0}}, {"type": "Feature", "geometry": {"type": "LineString", "coordinates": [[141.353937, 43.053274], [141.353886, 43.053478]]}, "properties": {"link_id": "K02068", "street": "西4丁目通", "street_kind": "格子街路", "through": true, "axis": "NS", "length_m": 23.0, "road_category": "市区町村道等", "road_state": "通常部", "width_class": "19.5m以上", "assign_err_m": 1.7}}, {"type": "Feature", "geometry": {"type": "LineString", "coordinates": [[141.345045, 43.059738], [141.344768, 43.059697]]}, "properties": {"link_id": "K02069", "street": "大通", "street_kind": "格子街路", "through": true, "axis": "EW", "length_m": 23.0, "road_category": "市区町村道等", "road_state": "通常部", "width_class": "3m-5.5m未満", "assign_err_m": 16.5}}, {"type": "Feature", "geometry": {"type": "LineString", "coordinates": [[141.342643, 43.059624], [141.342694, 43.059421]]}, "properties": {"link_id": "K02070", "street": "西10丁目通", "street_kind": "格子街路", "through": true, "axis": "NS", "length_m": 22.9, "road_category": "市区町村道等", "road_state": "通常部", "width_class": "5.5m-13m未満", "assign_err_m": 0.6}}, {"type": "Feature", "geometry": {"type": "LineString", "coordinates": [[141.347769, 43.064334], [141.347721, 43.064537]]}, "properties": {"link_id": "K02072", "street": "西6丁目通", "street_kind": "格子街路", "through": true, "axis": "NS", "length_m": 22.9, "road_category": "市区町村道等", "road_state": "通常部", "width_class": "3m未満", "assign_err_m": 16.1}}, {"type": "Feature", "geometry": {"type": "LineString", "coordinates": [[141.356253, 43.065068], [141.355976, 43.065032]]}, "properties": {"link_id": "K02073", "street": "北3条通", "street_kind": "格子街路", "through": true, "axis": "EW", "length_m": 22.9, "road_category": "国道", "road_state": "通常部", "width_class": "19.5m以上", "assign_err_m": 3.6}}, {"type": "Feature", "geometry": {"type": "LineString", "coordinates": [[141.341854, 43.064268], [141.341703, 43.064195], [141.341667, 43.064181], [141.341617, 43.06416]]}, "properties": {"link_id": "K02077", "street": "北4条通", "street_kind": "格子街路", "through": true, "axis": "EW", "length_m": 22.7, "road_category": "市区町村道等", "road_state": "通常部", "width_class": "3m未満", "assign_err_m": 11.5}}, {"type": "Feature", "geometry": {"type": "LineString", "coordinates": [[141.343792, 43.062773], [141.343799, 43.062734], [141.343828, 43.062655], [141.34383, 43.062608], [141.343826, 43.062586], [141.343815, 43.062575]]}, "properties": {"link_id": "K02078", "street": "西9丁目通", "street_kind": "格子街路", "through": true, "axis": "NS", "length_m": 22.7, "road_category": "市区町村道等", "road_state": "通常部", "width_class": "3m未満", "assign_err_m": 24.4}}, {"type": "Feature", "geometry": {"type": "LineString", "coordinates": [[141.341227, 43.063618], [141.34121, 43.063615], [141.341155, 43.063609], [141.340954, 43.063593]]}, "properties": {"link_id": "K02081", "street": "北3条通〜北4条通の裏通り", "street_kind": "裏通り", "through": false, "axis": "EW", "length_m": 22.4, "road_category": "市区町村道等", "road_state": "通常部", "width_class": "3m未満", "assign_err_m": 3.7}}, {"type": "Feature", "geometry": {"type": "LineString", "coordinates": [[141.348212, 43.059889], [141.348042, 43.059851], [141.347984, 43.059795]]}, "properties": {"link_id": "K02084", "street": "大通", "street_kind": "格子街路", "through": true, "axis": "EW", "length_m": 22.3, "road_category": "市区町村道等", "road_state": "通常部", "width_class": "3m-5.5m未満", "assign_err_m": 14.4}}, {"type": "Feature", "geometry": {"type": "LineString", "coordinates": [[141.352339, 43.053264], [141.352391, 43.053067]]}, "properties": {"link_id": "K02085", "street": "西5丁目通", "street_kind": "格子街路", "through": true, "axis": "NS", "length_m": 22.3, "road_category": "市区町村道等", "road_state": "通常部", "width_class": "13m-19.5m未満", "assign_err_m": 3.6}}, {"type": "Feature", "geometry": {"type": "LineString", "coordinates": [[141.348472, 43.059858], [141.348322, 43.059904], [141.348212, 43.059889]]}, "properties": {"link_id": "K02086", "street": "大通", "street_kind": "格子街路", "through": true, "axis": "EW", "length_m": 22.3, "road_category": "市区町村道等", "road_state": "通常部", "width_class": "3m-5.5m未満", "assign_err_m": 14.3}}, {"type": "Feature", "geometry": {"type": "LineString", "coordinates": [[141.356636, 43.057758], [141.356902, 43.057794]]}, "properties": {"link_id": "K02088", "street": "南3条通〜南2条通の裏通り", "street_kind": "裏通り", "through": true, "axis": "EW", "length_m": 22.0, "road_category": "市区町村道等", "road_state": "通常部", "width_class": "3m-5.5m未満", "assign_err_m": 3.8}}, {"type": "Feature", "geometry": {"type": "LineString", "coordinates": [[141.353757, 43.060368], [141.353708, 43.060562]]}, "properties": {"link_id": "K02090", "street": "西3丁目通", "street_kind": "格子街路", "through": true, "axis": "NS", "length_m": 22.0, "road_category": "市区町村道等", "road_state": "通常部", "width_class": "5.5m-13m未満", "assign_err_m": 3.8}}, {"type": "Feature", "geometry": {"type": "LineString", "coordinates": [[141.345117, 43.059402], [141.344852, 43.059366]]}, "properties": {"link_id": "K02091", "street": "大通", "street_kind": "格子街路", "through": true, "axis": "EW", "length_m": 21.9, "road_category": "市区町村道等", "road_state": "通常部", "width_class": "3m-5.5m未満", "assign_err_m": 21.1}}, {"type": "Feature", "geometry": {"type": "LineString", "coordinates": [[141.351472, 43.06026], [141.351213, 43.060225]]}, "properties": {"link_id": "K02096", "street": "大通", "street_kind": "格子街路", "through": true, "axis": "EW", "length_m": 21.4, "road_category": "市区町村道等", "road_state": "通常部", "width_class": "3m-5.5m未満", "assign_err_m": 18.6}}, {"type": "Feature", "geometry": {"type": "LineString", "coordinates": [[141.34133, 43.06305], [141.34131, 43.063176], [141.341301, 43.063242]]}, "properties": {"link_id": "K02097", "street": "西11丁目通〜西10丁目通の裏通り", "street_kind": "裏通り", "through": true, "axis": "NS", "length_m": 21.4, "road_category": "市区町村道等", "road_state": "通常部", "width_class": "3m未満", "assign_err_m": 28.1}}, {"type": "Feature", "geometry": {"type": "LineString", "coordinates": [[141.343965, 43.050558], [141.343992, 43.050366]]}, "properties": {"link_id": "K02098", "street": "西11丁目通〜西10丁目通の裏通り", "street_kind": "裏通り", "through": true, "axis": "NS", "length_m": 21.4, "road_category": "市区町村道等", "road_state": "通常部", "width_class": "3m-5.5m未満", "assign_err_m": 6.9}}, {"type": "Feature", "geometry": {"type": "LineString", "coordinates": [[141.347332, 43.064492], [141.347377, 43.064303]]}, "properties": {"link_id": "K02099", "street": "西7丁目通〜西6丁目通の裏通り", "street_kind": "裏通り", "through": false, "axis": "NS", "length_m": 21.4, "road_category": "市区町村道等", "road_state": "通常部", "width_class": "3m-5.5m未満", "assign_err_m": 16.8}}, {"type": "Feature", "geometry": {"type": "LineString", "coordinates": [[141.341383, 43.062862], [141.341337, 43.06302], [141.34133, 43.06305]]}, "properties": {"link_id": "K02100", "street": "西11丁目通〜西10丁目通の裏通り", "street_kind": "裏通り", "through": true, "axis": "NS", "length_m": 21.3, "road_category": "市区町村道等", "road_state": "通常部", "width_class": "3m未満", "assign_err_m": 27.6}}, {"type": "Feature", "geometry": {"type": "LineString", "coordinates": [[141.344518, 43.063443], [141.344474, 43.063506], [141.344375, 43.063533], [141.344327, 43.063557]]}, "properties": {"link_id": "K02102", "street": "", "street_kind": "斜行・非格子", "through": false, "axis": "EW", "length_m": 21.2, "road_category": "市区町村道等", "road_state": "通常部", "width_class": "3m未満"}}, {"type": "Feature", "geometry": {"type": "LineString", "coordinates": [[141.341608, 43.059186], [141.341655, 43.059]]}, "properties": {"link_id": "K02103", "street": "西11丁目通〜西10丁目通の裏通り", "street_kind": "裏通り", "through": true, "axis": "NS", "length_m": 21.1, "road_category": "市区町村道等", "road_state": "通常部", "width_class": "3m未満", "assign_err_m": 26.0}}, {"type": "Feature", "geometry": {"type": "LineString", "coordinates": [[141.350531, 43.066753], [141.350785, 43.066786]]}, "properties": {"link_id": "K02104", "street": "北5条通", "street_kind": "格子街路", "through": true, "axis": "EW", "length_m": 21.0, "road_category": "市区町村道等", "road_state": "通常部", "width_class": "19.5m以上", "assign_err_m": 10.0}}, {"type": "Feature", "geometry": {"type": "LineString", "coordinates": [[141.35582, 43.061027], [141.356075, 43.061056]]}, "properties": {"link_id": "K02106", "street": "大通", "street_kind": "格子街路", "through": true, "axis": "EW", "length_m": 21.0, "road_category": "市区町村道等", "road_state": "通常部", "width_class": "3m未満", "assign_err_m": 2.6}}, {"type": "Feature", "geometry": {"type": "LineString", "coordinates": [[141.341393, 43.064239], [141.341427, 43.064239], [141.341458, 43.064234], [141.341491, 43.064224], [141.341517, 43.064213], [141.34158, 43.064174], [141.341617, 43.06416]]}, "properties": {"link_id": "K02108", "street": "", "street_kind": "斜行・非格子", "through": false, "axis": "EW", "length_m": 20.8, "road_category": "市区町村道等", "road_state": "通常部", "width_class": "3m未満"}}, {"type": "Feature", "geometry": {"type": "LineString", "coordinates": [[141.359707, 43.052783], [141.359951, 43.052729]]}, "properties": {"link_id": "K02109", "street": "", "street_kind": "斜行・非格子", "through": false, "axis": "EW", "length_m": 20.8, "road_category": "市区町村道等", "road_state": "通常部", "width_class": "3m-5.5m未満"}}, {"type": "Feature", "geometry": {"type": "LineString", "coordinates": [[141.33988, 43.06418], [141.339925, 43.064]]}, "properties": {"link_id": "K02116", "street": "西11丁目通", "street_kind": "格子街路", "through": true, "axis": "NS", "length_m": 20.4, "road_category": "都道府県道", "road_state": "通常部", "width_class": "19.5m以上", "assign_err_m": 1.7}}, {"type": "Feature", "geometry": {"type": "LineString", "coordinates": [[141.348144, 43.06015], [141.347899, 43.060118]]}, "properties": {"link_id": "K02117", "street": "大通", "street_kind": "格子街路", "through": true, "axis": "EW", "length_m": 20.3, "road_category": "市区町村道等", "road_state": "通常部", "width_class": "3m-5.5m未満", "assign_err_m": 17.2}}, {"type": "Feature", "geometry": {"type": "LineString", "coordinates": [[141.343716, 43.063036], [141.343711, 43.062856]]}, "properties": {"link_id": "K02124", "street": "西9丁目通", "street_kind": "格子街路", "through": true, "axis": "NS", "length_m": 20.0, "road_category": "市区町村道等", "road_state": "通常部", "width_class": "3m未満", "assign_err_m": 21.4}}, {"type": "Feature", "geometry": {"type": "LineString", "coordinates": [[141.345285, 43.059773], [141.345281, 43.059773], [141.345045, 43.059738]]}, "properties": {"link_id": "K02125", "street": "大通", "street_kind": "格子街路", "through": true, "axis": "EW", "length_m": 19.9, "road_category": "市区町村道等", "road_state": "通常部", "width_class": "3m-5.5m未満", "assign_err_m": 16.9}}, {"type": "Feature", "geometry": {"type": "LineString", "coordinates": [[141.360686, 43.054176], [141.360707, 43.054128], [141.360731, 43.054103], [141.360782, 43.054076], [141.360844, 43.054051]]}, "properties": {"link_id": "K02126", "street": "", "street_kind": "斜行・非格子", "through": false, "axis": "NS", "length_m": 19.9, "road_category": "市区町村道等", "road_state": "通常部", "width_class": "5.5m-13m未満"}}, {"type": "Feature", "geometry": {"type": "LineString", "coordinates": [[141.343992, 43.050366], [141.344016, 43.050189]]}, "properties": {"link_id": "K02128", "street": "西11丁目通〜西10丁目通の裏通り", "street_kind": "裏通り", "through": true, "axis": "NS", "length_m": 19.7, "road_category": "市区町村道等", "road_state": "通常部", "width_class": "3m-5.5m未満", "assign_err_m": 8.5}}, {"type": "Feature", "geometry": {"type": "LineString", "coordinates": [[141.342247, 43.059273], [141.342292, 43.059098]]}, "properties": {"link_id": "K02129", "street": "西11丁目通〜西10丁目通の裏通り", "street_kind": "裏通り", "through": true, "axis": "NS", "length_m": 19.7, "road_category": "市区町村道等", "road_state": "通常部", "width_class": "3m未満", "assign_err_m": 26.9}}, {"type": "Feature", "geometry": {"type": "LineString", "coordinates": [[141.344587, 43.059888], [141.34435, 43.059855]]}, "properties": {"link_id": "K02132", "street": "", "street_kind": "格子外", "through": false, "axis": "EW", "length_m": 19.7, "road_category": "市区町村道等", "road_state": "通常部", "width_class": "5.5m-13m未満", "assign_err_m": 39.5}}, {"type": "Feature", "geometry": {"type": "LineString", "coordinates": [[141.343618, 43.063277], [141.343694, 43.063111]]}, "properties": {"link_id": "K02134", "street": "西9丁目通", "street_kind": "格子街路", "through": true, "axis": "NS", "length_m": 19.5, "road_category": "市区町村道等", "road_state": "通常部", "width_class": "3m未満", "assign_err_m": 21.7}}, {"type": "Feature", "geometry": {"type": "LineString", "coordinates": [[141.341617, 43.06416], [141.341633, 43.064058], [141.341605, 43.06399]]}, "properties": {"link_id": "K02137", "street": "西10丁目通", "street_kind": "格子街路", "through": true, "axis": "NS", "length_m": 19.3, "road_category": "市区町村道等", "road_state": "通常部", "width_class": "3m未満", "assign_err_m": 5.9}}, {"type": "Feature", "geometry": {"type": "LineString", "coordinates": [[141.345349, 43.059434], [141.345117, 43.059402]]}, "properties": {"link_id": "K02139", "street": "大通", "street_kind": "格子街路", "through": true, "axis": "EW", "length_m": 19.3, "road_category": "市区町村道等", "road_state": "通常部", "width_class": "3m-5.5m未満", "assign_err_m": 21.0}}, {"type": "Feature", "geometry": {"type": "LineString", "coordinates": [[141.352231, 43.053685], [141.352462, 43.053715]]}, "properties": {"link_id": "K02143", "street": "南6条通〜南5条通の裏通り", "street_kind": "裏通り", "through": true, "axis": "EW", "length_m": 19.1, "road_category": "市区町村道等", "road_state": "通常部", "width_class": "3m-5.5m未満", "assign_err_m": 11.6}}, {"type": "Feature", "geometry": {"type": "LineString", "coordinates": [[141.340552, 43.062801], [141.340521, 43.062897], [141.340508, 43.062937], [141.340494, 43.062966]]}, "properties": {"link_id": "K02145", "street": "西11丁目通", "street_kind": "格子街路", "through": true, "axis": "NS", "length_m": 19.0, "road_category": "市区町村道等", "road_state": "通常部", "width_class": "3m未満", "assign_err_m": 24.6}}, {"type": "Feature", "geometry": {"type": "LineString", "coordinates": [[141.343954, 43.055463], [141.343729, 43.055433]]}, "properties": {"link_id": "K02151", "street": "南3条通", "street_kind": "格子街路", "through": true, "axis": "EW", "length_m": 18.7, "road_category": "市区町村道等", "road_state": "通常部", "width_class": "13m-19.5m未満", "assign_err_m": 0.1}}, {"type": "Feature", "geometry": {"type": "LineString", "coordinates": [[141.352321, 43.054232], [141.352096, 43.054201]]}, "properties": {"link_id": "K02152", "street": "南5条通", "street_kind": "格子街路", "through": true, "axis": "EW", "length_m": 18.6, "road_category": "市区町村道等", "road_state": "通常部", "width_class": "13m-19.5m未満", "assign_err_m": 5.0}}, {"type": "Feature", "geometry": {"type": "LineString", "coordinates": [[141.344761, 43.059135], [141.344537, 43.059104]]}, "properties": {"link_id": "K02153", "street": "", "street_kind": "格子外", "through": false, "axis": "EW", "length_m": 18.5, "road_category": "市区町村道等", "road_state": "通常部", "width_class": "19.5m以上", "assign_err_m": 42.2}}, {"type": "Feature", "geometry": {"type": "LineString", "coordinates": [[141.346182, 43.051028], [141.346402, 43.051055]]}, "properties": {"link_id": "K02158", "street": "南7条通", "street_kind": "格子街路", "through": true, "axis": "EW", "length_m": 18.2, "road_category": "市区町村道等", "road_state": "通常部", "width_class": "3m-5.5m未満", "assign_err_m": 2.8}}, {"type": "Feature", "geometry": {"type": "LineString", "coordinates": [[141.342058, 43.054322], [141.342079, 43.054159]]}, "properties": {"link_id": "K02161", "street": "西11丁目通", "street_kind": "格子街路", "through": true, "axis": "NS", "length_m": 18.1, "road_category": "国道", "road_state": "通常部", "width_class": "19.5m以上", "assign_err_m": 21.1}}, {"type": "Feature", "geometry": {"type": "LineString", "coordinates": [[141.35582, 43.061027], [141.355792, 43.061185]]}, "properties": {"link_id": "K02166", "street": "西2丁目通〜西1丁目通の裏通り", "street_kind": "裏通り", "through": false, "axis": "NS", "length_m": 17.7, "road_category": "市区町村道等", "road_state": "通常部", "width_class": "3m未満", "assign_err_m": 20.0}}, {"type": "Feature", "geometry": {"type": "LineString", "coordinates": [[141.347556, 43.064305], [141.347769, 43.064334]]}, "properties": {"link_id": "K02167", "street": "北3条通〜北4条通の裏通り", "street_kind": "裏通り", "through": false, "axis": "EW", "length_m": 17.7, "road_category": "市区町村道等", "road_state": "通常部", "width_class": "3m未満", "assign_err_m": 19.9}}, {"type": "Feature", "geometry": {"type": "LineString", "coordinates": [[141.341605, 43.06399], [141.34165, 43.063857], [141.341646, 43.063837]]}, "properties": {"link_id": "K02171", "street": "西10丁目通", "street_kind": "格子街路", "through": true, "axis": "NS", "length_m": 17.5, "road_category": "市区町村道等", "road_state": "通常部", "width_class": "3m未満", "assign_err_m": 3.4}}, {"type": "Feature", "geometry": {"type": "LineString", "coordinates": [[141.345516, 43.062389], [141.345484, 43.062495], [141.345471, 43.062542]]}, "properties": {"link_id": "K02173", "street": "西8丁目通", "street_kind": "格子街路", "through": true, "axis": "NS", "length_m": 17.4, "road_category": "市区町村道等", "road_state": "通常部", "width_class": "3m未満", "assign_err_m": 24.7}}, {"type": "Feature", "geometry": {"type": "LineString", "coordinates": [[141.345308, 43.062361], [141.345516, 43.062389]]}, "properties": {"link_id": "K02176", "street": "北2条通", "street_kind": "格子街路", "through": true, "axis": "EW", "length_m": 17.2, "road_category": "市区町村道等", "road_state": "通常部", "width_class": "13m-19.5m未満", "assign_err_m": 5.3}}, {"type": "Feature", "geometry": {"type": "LineString", "coordinates": [[141.355859, 43.060879], [141.35582, 43.061027]]}, "properties": {"link_id": "K02181", "street": "西2丁目通〜西1丁目通の裏通り", "street_kind": "裏通り", "through": false, "axis": "NS", "length_m": 16.7, "road_category": "市区町村道等", "road_state": "通常部", "width_class": "3m未満", "assign_err_m": 20.3}}, {"type": "Feature", "geometry": {"type": "LineString", "coordinates": [[141.344005, 43.062872], [141.34387, 43.06285], [141.343806, 43.062836]]}, "properties": {"link_id": "K02182", "street": "北2条通〜北3条通の裏通り", "street_kind": "裏通り", "through": false, "axis": "EW", "length_m": 16.7, "road_category": "市区町村道等", "road_state": "通常部", "width_class": "3m未満", "assign_err_m": 3.9}}, {"type": "Feature", "geometry": {"type": "LineString", "coordinates": [[141.340954, 43.063593], [141.34075, 43.063578]]}, "properties": {"link_id": "K02183", "street": "北3条通〜北4条通の裏通り", "street_kind": "裏通り", "through": false, "axis": "EW", "length_m": 16.7, "road_category": "市区町村道等", "road_state": "通常部", "width_class": "3m未満", "assign_err_m": 2.3}}, {"type": "Feature", "geometry": {"type": "LineString", "coordinates": [[141.341301, 43.063242], [141.341275, 43.063388]]}, "properties": {"link_id": "K02188", "street": "西11丁目通〜西10丁目通の裏通り", "street_kind": "裏通り", "through": true, "axis": "NS", "length_m": 16.4, "road_category": "市区町村道等", "road_state": "通常部", "width_class": "3m未満", "assign_err_m": 29.2}}, {"type": "Feature", "geometry": {"type": "LineString", "coordinates": [[141.344347, 43.062862], [141.344464, 43.062787], [141.344491, 43.062761]]}, "properties": {"link_id": "K02190", "street": "", "street_kind": "斜行・非格子", "through": false, "axis": "NS", "length_m": 16.4, "road_category": "市区町村道等", "road_state": "通常部", "width_class": "3m未満"}}, {"type": "Feature", "geometry": {"type": "LineString", "coordinates": [[141.344446, 43.05931], [141.344257, 43.059285]]}, "properties": {"link_id": "K02199", "street": "大通", "street_kind": "格子街路", "through": true, "axis": "EW", "length_m": 15.7, "road_category": "市区町村道等", "road_state": "通常部", "width_class": "3m-5.5m未満", "assign_err_m": 21.5}}, {"type": "Feature", "geometry": {"type": "LineString", "coordinates": [[141.343492, 43.064314], [141.343342, 43.064352], [141.343322, 43.064371]]}, "properties": {"link_id": "K02200", "street": "", "street_kind": "斜行・非格子", "through": false, "axis": "EW", "length_m": 15.6, "road_category": "市区町村道等", "road_state": "通常部", "width_class": "3m未満"}}, {"type": "Feature", "geometry": {"type": "LineString", "coordinates": [[141.344202, 43.059834], [141.344014, 43.059809]]}, "properties": {"link_id": "K02201", "street": "", "street_kind": "格子外", "through": false, "axis": "EW", "length_m": 15.6, "road_category": "市区町村道等", "road_state": "通常部", "width_class": "5.5m-13m未満", "assign_err_m": 39.3}}, {"type": "Feature", "geometry": {"type": "LineString", "coordinates": [[141.340241, 43.062745], [141.340208, 43.062879]]}, "properties": {"link_id": "K02204", "street": "西11丁目通", "street_kind": "格子街路", "through": true, "axis": "NS", "length_m": 15.2, "road_category": "都道府県道", "road_state": "通常部", "width_class": "19.5m以上", "assign_err_m": 0.9}}, {"type": "Feature", "geometry": {"type": "LineString", "coordinates": [[141.356195, 43.065681], [141.356377, 43.065704]]}, "properties": {"link_id": "K02206", "street": "北3条通〜北4条通の裏通り", "street_kind": "裏通り", "through": false, "axis": "EW", "length_m": 15.0, "road_category": "市区町村道等", "road_state": "通常部", "width_class": "3m-5.5m未満", "assign_err_m": 6.4}}, {"type": "Feature", "geometry": {"type": "LineString", "coordinates": [[141.341918, 43.059173], [141.341884, 43.059303]]}, "properties": {"link_id": "K02209", "street": "西11丁目通〜西10丁目通の裏通り", "street_kind": "裏通り", "through": true, "axis": "NS", "length_m": 14.6, "road_category": "市区町村道等", "road_state": "通常部", "width_class": "3m未満", "assign_err_m": 1.6}}, {"type": "Feature", "geometry": {"type": "LineString", "coordinates": [[141.346041, 43.06246], [141.346005, 43.062588]]}, "properties": {"link_id": "K02211", "street": "西8丁目通〜西7丁目通の裏通り", "street_kind": "裏通り", "through": false, "axis": "NS", "length_m": 14.6, "road_category": "市区町村道等", "road_state": "通常部", "width_class": "3m未満", "assign_err_m": 3.4}}, {"type": "Feature", "geometry": {"type": "LineString", "coordinates": [[141.347384, 43.064281], [141.347556, 43.064305]]}, "properties": {"link_id": "K02213", "street": "北3条通〜北4条通の裏通り", "street_kind": "裏通り", "through": false, "axis": "EW", "length_m": 14.3, "road_category": "市区町村道等", "road_state": "通常部", "width_class": "3m未満", "assign_err_m": 20.0}}, {"type": "Feature", "geometry": {"type": "LineString", "coordinates": [[141.34831, 43.060171], [141.348144, 43.06015]]}, "properties": {"link_id": "K02220", "street": "大通", "street_kind": "格子街路", "through": true, "axis": "EW", "length_m": 13.8, "road_category": "市区町村道等", "road_state": "通常部", "width_class": "3m-5.5m未満", "assign_err_m": 17.2}}, {"type": "Feature", "geometry": {"type": "LineString", "coordinates": [[141.348421, 43.064002], [141.348392, 43.064122]]}, "properties": {"link_id": "K02223", "street": "西6丁目通", "street_kind": "格子街路", "through": true, "axis": "NS", "length_m": 13.6, "road_category": "市区町村道等", "road_state": "通常部", "width_class": "3m-5.5m未満", "assign_err_m": 29.6}}, {"type": "Feature", "geometry": {"type": "LineString", "coordinates": [[141.358794, 43.052701], [141.358959, 43.052714]]}, "properties": {"link_id": "K02225", "street": "南7条通", "street_kind": "格子街路", "through": true, "axis": "EW", "length_m": 13.5, "road_category": "市区町村道等", "road_state": "通常部", "width_class": "5.5m-13m未満", "assign_err_m": 4.3}}, {"type": "Feature", "geometry": {"type": "LineString", "coordinates": [[141.343492, 43.064314], [141.343482, 43.064374], [141.343462, 43.064433]]}, "properties": {"link_id": "K02226", "street": "西9丁目通", "street_kind": "格子街路", "through": true, "axis": "NS", "length_m": 13.5, "road_category": "市区町村道等", "road_state": "通常部", "width_class": "3m未満", "assign_err_m": 30.7}}, {"type": "Feature", "geometry": {"type": "LineString", "coordinates": [[141.347784, 43.064874], [141.347777, 43.064868], [141.347716, 43.064837], [141.347647, 43.064806]]}, "properties": {"link_id": "K02227", "street": "北4条通", "street_kind": "格子街路", "through": true, "axis": "EW", "length_m": 13.5, "road_category": "市区町村道等", "road_state": "通常部", "width_class": "3m-5.5m未満", "assign_err_m": 28.9}}, {"type": "Feature", "geometry": {"type": "LineString", "coordinates": [[141.34197, 43.058973], [141.341939, 43.059092]]}, "properties": {"link_id": "K02228", "street": "西11丁目通〜西10丁目通の裏通り", "street_kind": "裏通り", "through": true, "axis": "NS", "length_m": 13.5, "road_category": "市区町村道等", "road_state": "通常部", "width_class": "3m未満", "assign_err_m": 1.3}}, {"type": "Feature", "geometry": {"type": "LineString", "coordinates": [[141.343322, 43.064371], [141.343462, 43.064433]]}, "properties": {"link_id": "K02231", "street": "北4条通", "street_kind": "格子街路", "through": true, "axis": "EW", "length_m": 13.3, "road_category": "市区町村道等", "road_state": "通常部", "width_class": "3m未満", "assign_err_m": 14.5}}, {"type": "Feature", "geometry": {"type": "LineString", "coordinates": [[141.345941, 43.06286], [141.345909, 43.062977]]}, "properties": {"link_id": "K02233", "street": "西8丁目通〜西7丁目通の裏通り", "street_kind": "裏通り", "through": false, "axis": "NS", "length_m": 13.2, "road_category": "市区町村道等", "road_state": "通常部", "width_class": "3m未満", "assign_err_m": 3.2}}, {"type": "Feature", "geometry": {"type": "LineString", "coordinates": [[141.360352, 43.052874], [141.3602, 43.052908]]}, "properties": {"link_id": "K02236", "street": "", "street_kind": "斜行・非格子", "through": false, "axis": "EW", "length_m": 12.9, "road_category": "市区町村道等", "road_state": "通常部", "width_class": "13m-19.5m未満"}}, {"type": "Feature", "geometry": {"type": "LineString", "coordinates": [[141.347308, 43.064606], [141.347332, 43.064492]]}, "properties": {"link_id": "K02241", "street": "西7丁目通〜西6丁目通の裏通り", "street_kind": "裏通り", "through": false, "axis": "NS", "length_m": 12.8, "road_category": "市区町村道等", "road_state": "通常部", "width_class": "3m-5.5m未満", "assign_err_m": 17.0}}, {"type": "Feature", "geometry": {"type": "LineString", "coordinates": [[141.348447, 43.06389], [141.348421, 43.064002]]}, "properties": {"link_id": "K02243", "street": "西6丁目通", "street_kind": "格子街路", "through": true, "axis": "NS", "length_m": 12.6, "road_category": "市区町村道等", "road_state": "通常部", "width_class": "3m-5.5m未満", "assign_err_m": 29.5}}, {"type": "Feature", "geometry": {"type": "LineString", "coordinates": [[141.344322, 43.059631], [141.344172, 43.059614]]}, "properties": {"link_id": "K02244", "street": "大通", "street_kind": "格子街路", "through": true, "axis": "EW", "length_m": 12.4, "road_category": "市区町村道等", "road_state": "通常部", "width_class": "3m-5.5m未満", "assign_err_m": 15.5}}, {"type": "Feature", "geometry": {"type": "LineString", "coordinates": [[141.34435, 43.059855], [141.344202, 43.059834]]}, "properties": {"link_id": "K02245", "street": "", "street_kind": "格子外", "through": false, "axis": "EW", "length_m": 12.3, "road_category": "市区町村道等", "road_state": "通常部", "width_class": "5.5m-13m未満", "assign_err_m": 39.3}}, {"type": "Feature", "geometry": {"type": "LineString", "coordinates": [[141.344537, 43.059104], [141.344394, 43.059085]]}, "properties": {"link_id": "K02251", "street": "", "street_kind": "格子外", "through": false, "axis": "EW", "length_m": 11.9, "road_category": "市区町村道等", "road_state": "通常部", "width_class": "19.5m以上", "assign_err_m": 42.1}}, {"type": "Feature", "geometry": {"type": "LineString", "coordinates": [[141.345823, 43.053356], [141.345849, 43.05326]]}, "properties": {"link_id": "K02255", "street": "西9丁目通", "street_kind": "格子街路", "through": true, "axis": "NS", "length_m": 10.9, "road_category": "市区町村道等", "road_state": "通常部", "width_class": "13m-19.5m未満", "assign_err_m": 2.8}}, {"type": "Feature", "geometry": {"type": "LineString", "coordinates": [[141.347573, 43.065137], [141.347701, 43.065156]]}, "properties": {"link_id": "K02256", "street": "北4条通", "street_kind": "格子街路", "through": true, "axis": "EW", "length_m": 10.7, "road_category": "市区町村道等", "road_state": "通常部", "width_class": "19.5m以上", "assign_err_m": 5.9}}, {"type": "Feature", "geometry": {"type": "LineString", "coordinates": [[141.355976, 43.065032], [141.355847, 43.065016]]}, "properties": {"link_id": "K02257", "street": "北3条通", "street_kind": "格子街路", "through": true, "axis": "EW", "length_m": 10.7, "road_category": "国道", "road_state": "通常部", "width_class": "19.5m以上", "assign_err_m": 3.7}}, {"type": "Feature", "geometry": {"type": "LineString", "coordinates": [[141.344645, 43.063463], [141.344518, 43.063443]]}, "properties": {"link_id": "K02258", "street": "北3条通", "street_kind": "格子街路", "through": true, "axis": "EW", "length_m": 10.6, "road_category": "市区町村道等", "road_state": "通常部", "width_class": "3m未満", "assign_err_m": 5.4}}, {"type": "Feature", "geometry": {"type": "LineString", "coordinates": [[141.358959, 43.052714], [141.359009, 43.052802]]}, "properties": {"link_id": "K02259", "street": "", "street_kind": "斜行・非格子", "through": false, "axis": "NS", "length_m": 10.6, "road_category": "市区町村道等", "road_state": "通常部", "width_class": "5.5m-13m未満"}}, {"type": "Feature", "geometry": {"type": "LineString", "coordinates": [[141.344268, 43.059067], [141.344394, 43.059085]]}, "properties": {"link_id": "K02261", "street": "", "street_kind": "格子外", "through": false, "axis": "EW", "length_m": 10.5, "road_category": "市区町村道等", "road_state": "通常部", "width_class": "19.5m以上", "assign_err_m": 42.0}}, {"type": "Feature", "geometry": {"type": "LineString", "coordinates": [[141.340428, 43.063894], [141.340458, 43.063915], [141.340485, 43.063946], [141.340513, 43.063958]]}, "properties": {"link_id": "K02265", "street": "", "street_kind": "斜行・非格子", "through": false, "axis": "EW", "length_m": 10.1, "road_category": "市区町村道等", "road_state": "通常部", "width_class": "3m未満"}}, {"type": "Feature", "geometry": {"type": "LineString", "coordinates": [[141.347701, 43.065156], [141.347819, 43.065171]]}, "properties": {"link_id": "K02267", "street": "北4条通", "street_kind": "格子街路", "through": true, "axis": "EW", "length_m": 9.7, "road_category": "市区町村道等", "road_state": "通常部", "width_class": "19.5m以上", "assign_err_m": 6.0}}, {"type": "Feature", "geometry": {"type": "LineString", "coordinates": [[141.356368, 43.065082], [141.356253, 43.065068]]}, "properties": {"link_id": "K02271", "street": "北3条通", "street_kind": "格子街路", "through": true, "axis": "EW", "length_m": 9.5, "road_category": "国道", "road_state": "通常部", "width_class": "19.5m以上", "assign_err_m": 3.5}}, {"type": "Feature", "geometry": {"type": "LineString", "coordinates": [[141.341939, 43.059092], [141.341918, 43.059173]]}, "properties": {"link_id": "K02273", "street": "西11丁目通〜西10丁目通の裏通り", "street_kind": "裏通り", "through": true, "axis": "NS", "length_m": 9.2, "road_category": "市区町村道等", "road_state": "通常部", "width_class": "3m未満", "assign_err_m": 1.4}}, {"type": "Feature", "geometry": {"type": "LineString", "coordinates": [[141.342227, 43.059353], [141.342247, 43.059273]]}, "properties": {"link_id": "K02275", "street": "西11丁目通〜西10丁目通の裏通り", "street_kind": "裏通り", "through": true, "axis": "NS", "length_m": 9.0, "road_category": "市区町村道等", "road_state": "通常部", "width_class": "3m未満", "assign_err_m": 26.8}}, {"type": "Feature", "geometry": {"type": "LineString", "coordinates": [[141.342292, 43.059098], [141.342312, 43.059019]]}, "properties": {"link_id": "K02276", "street": "西11丁目通〜西10丁目通の裏通り", "street_kind": "裏通り", "through": true, "axis": "NS", "length_m": 9.0, "road_category": "市区町村道等", "road_state": "通常部", "width_class": "3m未満", "assign_err_m": 27.1}}, {"type": "Feature", "geometry": {"type": "LineString", "coordinates": [[141.342274, 43.052733], [141.342284, 43.052653]]}, "properties": {"link_id": "K02278", "street": "西12丁目通〜西11丁目通の裏通り", "street_kind": "裏通り", "through": false, "axis": "NS", "length_m": 8.9, "road_category": "国道", "road_state": "通常部", "width_class": "19.5m以上", "assign_err_m": 30.5}}, {"type": "Feature", "geometry": {"type": "LineString", "coordinates": [[141.343694, 43.063111], [141.343716, 43.063036]]}, "properties": {"link_id": "K02285", "street": "西9丁目通", "street_kind": "格子街路", "through": true, "axis": "NS", "length_m": 8.5, "road_category": "市区町村道等", "road_state": "通常部", "width_class": "3m未満", "assign_err_m": 23.2}}, {"type": "Feature", "geometry": {"type": "LineString", "coordinates": [[141.347647, 43.064806], [141.347546, 43.064788]]}, "properties": {"link_id": "K02287", "street": "北4条通", "street_kind": "格子街路", "through": true, "axis": "EW", "length_m": 8.4, "road_category": "市区町村道等", "road_state": "通常部", "width_class": "3m-5.5m未満", "assign_err_m": 31.8}}, {"type": "Feature", "geometry": {"type": "LineString", "coordinates": [[141.342252, 43.063174], [141.342213, 43.063151], [141.342172, 43.063127]]}, "properties": {"link_id": "K02288", "street": "", "street_kind": "斜行・非格子", "through": false, "axis": "EW", "length_m": 8.3, "road_category": "市区町村道等", "road_state": "通常部", "width_class": "3m未満"}}, {"type": "Feature", "geometry": {"type": "LineString", "coordinates": [[141.34159, 43.05926], [141.341608, 43.059186]]}, "properties": {"link_id": "K02289", "street": "西11丁目通〜西10丁目通の裏通り", "street_kind": "裏通り", "through": true, "axis": "NS", "length_m": 8.3, "road_category": "市区町村道等", "road_state": "通常部", "width_class": "3m未満", "assign_err_m": 26.0}}, {"type": "Feature", "geometry": {"type": "LineString", "coordinates": [[141.343806, 43.062836], [141.343711, 43.062856]]}, "properties": {"link_id": "K02292", "street": "", "street_kind": "斜行・非格子", "through": false, "axis": "EW", "length_m": 8.0, "road_category": "市区町村道等", "road_state": "通常部", "width_class": "3m未満"}}, {"type": "Feature", "geometry": {"type": "LineString", "coordinates": [[141.357414, 43.060865], [141.357395, 43.060935]]}, "properties": {"link_id": "K02293", "street": "西1丁目通〜東1丁目通の裏通り", "street_kind": "裏通り", "through": true, "axis": "NS", "length_m": 8.0, "road_category": "市区町村道等", "road_state": "通常部", "width_class": "5.5m-13m未満", "assign_err_m": 25.8}}, {"type": "Feature", "geometry": {"type": "LineString", "coordinates": [[141.341655, 43.059], [141.341667, 43.058952], [141.341671, 43.058933]]}, "properties": {"link_id": "K02297", "street": "西11丁目通〜西10丁目通の裏通り", "street_kind": "裏通り", "through": true, "axis": "NS", "length_m": 7.6, "road_category": "市区町村道等", "road_state": "通常部", "width_class": "3m未満", "assign_err_m": 25.9}}, {"type": "Feature", "geometry": {"type": "LineString", "coordinates": [[141.360175, 43.052846], [141.3602, 43.052908]]}, "properties": {"link_id": "K02300", "street": "", "street_kind": "斜行・非格子", "through": false, "axis": "NS", "length_m": 7.3, "road_category": "市区町村道等", "road_state": "通常部", "width_class": "5.5m-13m未満"}}, {"type": "Feature", "geometry": {"type": "LineString", "coordinates": [[141.343806, 43.062836], [141.3438, 43.062803], [141.343792, 43.062773]]}, "properties": {"link_id": "K02302", "street": "西9丁目通", "street_kind": "格子街路", "through": true, "axis": "NS", "length_m": 7.2, "road_category": "市区町村道等", "road_state": "通常部", "width_class": "3m未満", "assign_err_m": 25.6}}, {"type": "Feature", "geometry": {"type": "LineString", "coordinates": [[141.359215, 43.053983], [141.359129, 43.053971]]}, "properties": {"link_id": "K02303", "street": "南6条通", "street_kind": "格子街路", "through": true, "axis": "EW", "length_m": 7.1, "road_category": "市区町村道等", "road_state": "通常部", "width_class": "13m-19.5m未満", "assign_err_m": 8.8}}, {"type": "Feature", "geometry": {"type": "LineString", "coordinates": [[141.346946, 43.059653], [141.346864, 43.059642]]}, "properties": {"link_id": "K02305", "street": "大通", "street_kind": "格子街路", "through": true, "axis": "EW", "length_m": 6.7, "road_category": "市区町村道等", "road_state": "通常部", "width_class": "3m-5.5m未満", "assign_err_m": 20.0}}, {"type": "Feature", "geometry": {"type": "LineString", "coordinates": [[141.348496, 43.063625], [141.348452, 43.063574]]}, "properties": {"link_id": "K02307", "street": "", "street_kind": "斜行・非格子", "through": false, "axis": "NS", "length_m": 6.7, "road_category": "市区町村道等", "road_state": "通常部", "width_class": "3m-5.5m未満"}}, {"type": "Feature", "geometry": {"type": "LineString", "coordinates": [[141.360222, 43.052966], [141.3602, 43.052908]]}, "properties": {"link_id": "K02308", "street": "", "street_kind": "斜行・非格子", "through": false, "axis": "NS", "length_m": 6.6, "road_category": "市区町村道等", "road_state": "通常部", "width_class": "5.5m-13m未満"}}, {"type": "Feature", "geometry": {"type": "LineString", "coordinates": [[141.342179, 43.053426], [141.342187, 43.053366]]}, "properties": {"link_id": "K02309", "street": "西11丁目通", "street_kind": "格子街路", "through": true, "axis": "NS", "length_m": 6.6, "road_category": "国道", "road_state": "通常部", "width_class": "19.5m以上", "assign_err_m": 28.4}}, {"type": "Feature", "geometry": {"type": "LineString", "coordinates": [[141.359129, 43.053971], [141.359051, 43.053958]]}, "properties": {"link_id": "K02311", "street": "南6条通", "street_kind": "格子街路", "through": true, "axis": "EW", "length_m": 6.5, "road_category": "市区町村道等", "road_state": "通常部", "width_class": "13m-19.5m未満", "assign_err_m": 8.6}}, {"type": "Feature", "geometry": {"type": "LineString", "coordinates": [[141.358764, 43.055107], [141.35884, 43.055117]]}, "properties": {"link_id": "K02313", "street": "南5条通", "street_kind": "格子街路", "through": true, "axis": "EW", "length_m": 6.3, "road_category": "市区町村道等", "road_state": "通常部", "width_class": "13m-19.5m未満", "assign_err_m": 8.3}}, {"type": "Feature", "geometry": {"type": "LineString", "coordinates": [[141.349925, 43.06039], [141.35, 43.060401]]}, "properties": {"link_id": "K02315", "street": "大通", "street_kind": "格子街路", "through": true, "axis": "EW", "length_m": 6.3, "road_category": "市区町村道等", "road_state": "通常部", "width_class": "3m-5.5m未満", "assign_err_m": 17.9}}, {"type": "Feature", "geometry": {"type": "LineString", "coordinates": [[141.352245, 43.053631], [141.352231, 43.053685]]}, "properties": {"link_id": "K02318", "street": "西5丁目通", "street_kind": "格子街路", "through": true, "axis": "NS", "length_m": 6.1, "road_category": "市区町村道等", "road_state": "通常部", "width_class": "13m-19.5m未満", "assign_err_m": 3.0}}, {"type": "Feature", "geometry": {"type": "LineString", "coordinates": [[141.345234, 43.06235], [141.345308, 43.062361]]}, "properties": {"link_id": "K02319", "street": "北2条通", "street_kind": "格子街路", "through": true, "axis": "EW", "length_m": 6.1, "road_category": "市区町村道等", "road_state": "通常部", "width_class": "13m-19.5m未満", "assign_err_m": 5.3}}, {"type": "Feature", "geometry": {"type": "LineString", "coordinates": [[141.355043, 43.055193], [141.355052, 43.055139]]}, "properties": {"link_id": "K02320", "street": "西3丁目通", "street_kind": "格子街路", "through": true, "axis": "NS", "length_m": 6.1, "road_category": "市区町村道等", "road_state": "通常部", "width_class": "5.5m-13m未満", "assign_err_m": 2.1}}, {"type": "Feature", "geometry": {"type": "LineString", "coordinates": [[141.351948, 43.054772], [141.351962, 43.054721]]}, "properties": {"link_id": "K02321", "street": "西5丁目通", "street_kind": "格子街路", "through": true, "axis": "NS", "length_m": 5.8, "road_category": "市区町村道等", "road_state": "通常部", "width_class": "13m-19.5m未満", "assign_err_m": 1.7}}, {"type": "Feature", "geometry": {"type": "LineString", "coordinates": [[141.358359, 43.055049], [141.358373, 43.05505], [141.358428, 43.055061]]}, "properties": {"link_id": "K02322", "street": "南5条通", "street_kind": "格子街路", "through": true, "axis": "EW", "length_m": 5.8, "road_category": "市区町村道等", "road_state": "通常部", "width_class": "13m-19.5m未満", "assign_err_m": 7.8}}, {"type": "Feature", "geometry": {"type": "LineString", "coordinates": [[141.342228, 43.053062], [141.342235, 43.053012]]}, "properties": {"link_id": "K02325", "street": "西11丁目通", "street_kind": "格子街路", "through": true, "axis": "NS", "length_m": 5.6, "road_category": "国道", "road_state": "通常部", "width_class": "19.5m以上", "assign_err_m": 31.5}}, {"type": "Feature", "geometry": {"type": "LineString", "coordinates": [[141.35884, 43.055117], [141.358907, 43.055126]]}, "properties": {"link_id": "K02326", "street": "南5条通", "street_kind": "格子街路", "through": true, "axis": "EW", "length_m": 5.5, "road_category": "市区町村道等", "road_state": "通常部", "width_class": "13m-19.5m未満", "assign_err_m": 8.3}}, {"type": "Feature", "geometry": {"type": "LineString", "coordinates": [[141.359885, 43.053223], [141.359873, 43.053191], [141.359867, 43.053175]]}, "properties": {"link_id": "K02327", "street": "", "street_kind": "斜行・非格子", "through": false, "axis": "NS", "length_m": 5.5, "road_category": "市区町村道等", "road_state": "通常部", "width_class": "3m未満"}}, {"type": "Feature", "geometry": {"type": "LineString", "coordinates": [[141.355313, 43.054098], [141.355325, 43.054053]]}, "properties": {"link_id": "K02331", "street": "西3丁目通", "street_kind": "格子街路", "through": true, "axis": "NS", "length_m": 5.2, "road_category": "市区町村道等", "road_state": "通常部", "width_class": "5.5m-13m未満", "assign_err_m": 1.7}}, {"type": "Feature", "geometry": {"type": "LineString", "coordinates": [[141.343694, 43.052787], [141.343701, 43.052741]]}, "properties": {"link_id": "K02332", "street": "西11丁目通〜西10丁目通の裏通り", "street_kind": "裏通り", "through": true, "axis": "NS", "length_m": 5.2, "road_category": "市区町村道等", "road_state": "通常部", "width_class": "3m-5.5m未満", "assign_err_m": 15.6}}, {"type": "Feature", "geometry": {"type": "LineString", "coordinates": [[141.342051, 43.054366], [141.342058, 43.054322]]}, "properties": {"link_id": "K02334", "street": "西11丁目通", "street_kind": "格子街路", "through": true, "axis": "NS", "length_m": 4.9, "road_category": "国道", "road_state": "通常部", "width_class": "19.5m以上", "assign_err_m": 20.2}}, {"type": "Feature", "geometry": {"type": "LineString", "coordinates": [[141.340513, 43.063958], [141.340571, 43.063947]]}, "properties": {"link_id": "K02335", "street": "北4条通", "street_kind": "格子街路", "through": true, "axis": "EW", "length_m": 4.9, "road_category": "市区町村道等", "road_state": "通常部", "width_class": "3m未満", "assign_err_m": 22.8}}, {"type": "Feature", "geometry": {"type": "LineString", "coordinates": [[141.343452, 43.056583], [141.343397, 43.056576]]}, "properties": {"link_id": "K02337", "street": "南2条通", "street_kind": "格子街路", "through": true, "axis": "EW", "length_m": 4.6, "road_category": "市区町村道等", "road_state": "通常部", "width_class": "13m-19.5m未満", "assign_err_m": 0.4}}, {"type": "Feature", "geometry": {"type": "LineString", "coordinates": [[141.358428, 43.055061], [141.358481, 43.055068]]}, "properties": {"link_id": "K02339", "street": "南5条通", "street_kind": "格子街路", "through": true, "axis": "EW", "length_m": 4.3, "road_category": "市区町村道等", "road_state": "通常部", "width_class": "13m-19.5m未満", "assign_err_m": 8.1}}, {"type": "Feature", "geometry": {"type": "LineString", "coordinates": [[141.345736, 43.050988], [141.345731, 43.051026]]}, "properties": {"link_id": "K02340", "street": "西10丁目通〜西9丁目通の裏通り", "street_kind": "裏通り", "through": false, "axis": "NS", "length_m": 4.3, "road_category": "市区町村道等", "road_state": "通常部", "width_class": "3m-5.5m未満", "assign_err_m": 14.5}}, {"type": "Feature", "geometry": {"type": "LineString", "coordinates": [[141.344056, 43.060439], [141.344064, 43.060401]]}, "properties": {"link_id": "K02341", "street": "西9丁目通", "street_kind": "格子街路", "through": true, "axis": "NS", "length_m": 4.3, "road_category": "市区町村道等", "road_state": "通常部", "width_class": "13m-19.5m未満", "assign_err_m": 0.3}}, {"type": "Feature", "geometry": {"type": "LineString", "coordinates": [[141.355792, 43.052299], [141.355783, 43.052336]]}, "properties": {"link_id": "K02345", "street": "西3丁目通", "street_kind": "格子街路", "through": true, "axis": "NS", "length_m": 4.1, "road_category": "市区町村道等", "road_state": "通常部", "width_class": "5.5m-13m未満", "assign_err_m": 1.5}}, {"type": "Feature", "geometry": {"type": "LineString", "coordinates": [[141.359718, 43.052814], [141.359707, 43.052783]]}, "properties": {"link_id": "K02352", "street": "", "street_kind": "斜行・非格子", "through": false, "axis": "NS", "length_m": 3.5, "road_category": "市区町村道等", "road_state": "通常部", "width_class": "3m未満"}}, {"type": "Feature", "geometry": {"type": "LineString", "coordinates": [[141.351035, 43.051695], [141.351076, 43.051702]]}, "properties": {"link_id": "K02353", "street": "南7条通", "street_kind": "格子街路", "through": true, "axis": "EW", "length_m": 3.4, "road_category": "市区町村道等", "road_state": "通常部", "width_class": "13m-19.5m未満", "assign_err_m": 6.2}}, {"type": "Feature", "geometry": {"type": "LineString", "coordinates": [[141.35269, 43.051919], [141.352651, 43.051915]]}, "properties": {"link_id": "K02355", "street": "南7条通", "street_kind": "格子街路", "through": true, "axis": "EW", "length_m": 3.2, "road_category": "市区町村道等", "road_state": "通常部", "width_class": "13m-19.5m未満", "assign_err_m": 6.9}}, {"type": "Feature", "geometry": {"type": "LineString", "coordinates": [[141.346382, 43.059916], [141.34635, 43.059911]]}, "properties": {"link_id": "K02357", "street": "大通", "street_kind": "格子街路", "through": true, "axis": "EW", "length_m": 2.7, "road_category": "市区町村道等", "road_state": "通常部", "width_class": "3m-5.5m未満", "assign_err_m": 16.9}}, {"type": "Feature", "geometry": {"type": "LineString", "coordinates": [[141.353137, 43.062819], [141.353131, 43.062842]]}, "properties": {"link_id": "K02358", "street": "西3丁目通", "street_kind": "格子街路", "through": true, "axis": "NS", "length_m": 2.7, "road_category": "市区町村道等", "road_state": "通常部", "width_class": "5.5m-13m未満", "assign_err_m": 5.5}}, {"type": "Feature", "geometry": {"type": "LineString", "coordinates": [[141.34049, 43.064391], [141.340491, 43.064414]]}, "properties": {"link_id": "K02360", "street": "西11丁目通〜西10丁目通の裏通り", "street_kind": "裏通り", "through": true, "axis": "NS", "length_m": 2.5, "road_category": "市区町村道等", "road_state": "通常部", "width_class": "3m未満", "assign_err_m": 13.4}}, {"type": "Feature", "geometry": {"type": "LineString", "coordinates": [[141.347377, 43.064303], [141.347384, 43.064281]]}, "properties": {"link_id": "K02361", "street": "西7丁目通〜西6丁目通の裏通り", "street_kind": "裏通り", "through": false, "axis": "NS", "length_m": 2.5, "road_category": "市区町村道等", "road_state": "通常部", "width_class": "3m-5.5m未満", "assign_err_m": 16.8}}, {"type": "Feature", "geometry": {"type": "LineString", "coordinates": [[141.346813, 43.059974], [141.346786, 43.05997]]}, "properties": {"link_id": "K02363", "street": "大通", "street_kind": "格子街路", "through": true, "axis": "EW", "length_m": 2.2, "road_category": "市区町村道等", "road_state": "通常部", "width_class": "3m-5.5m未満", "assign_err_m": 17.1}}, {"type": "Feature", "geometry": {"type": "LineString", "coordinates": [[141.346472, 43.059588], [141.346446, 43.059584]]}, "properties": {"link_id": "K02365", "street": "大通", "street_kind": "格子街路", "through": true, "axis": "EW", "length_m": 2.1, "road_category": "市区町村道等", "road_state": "通常部", "width_class": "3m-5.5m未満", "assign_err_m": 20.2}}, {"type": "Feature", "geometry": {"type": "LineString", "coordinates": [[141.344096, 43.063788], [141.344081, 43.063804]]}, "properties": {"link_id": "K02366", "street": "西9丁目通〜西8丁目通の裏通り", "street_kind": "裏通り", "through": false, "axis": "NS", "length_m": 2.1, "road_category": "市区町村道等", "road_state": "通常部", "width_class": "3m未満", "assign_err_m": 3.1}}, {"type": "Feature", "geometry": {"type": "LineString", "coordinates": [[141.348506, 43.063637], [141.348496, 43.063625]]}, "properties": {"link_id": "K02371", "street": "", "street_kind": "斜行・非格子", "through": false, "axis": "NS", "length_m": 1.6, "road_category": "市区町村道等", "road_state": "通常部", "width_class": "3m-5.5m未満"}}, {"type": "Feature", "geometry": {"type": "LineString", "coordinates": [[141.349431, 43.060321], [141.34945, 43.060324]]}, "properties": {"link_id": "K02372", "street": "大通", "street_kind": "格子街路", "through": true, "axis": "EW", "length_m": 1.5, "road_category": "市区町村道等", "road_state": "通常部", "width_class": "3m-5.5m未満", "assign_err_m": 17.5}}]}