{"type": "FeatureCollection", "features": [{"type": "Feature", "geometry": {"type": "LineString", "coordinates": [[141.35754, 43.057882], [141.357268, 43.057849], [141.356898, 43.057796], [141.356648, 43.057762], [141.356112, 43.057679], [141.354537, 43.057471], [141.353013, 43.057279], [141.352849, 43.057262], [141.351388, 43.057054], [141.349788, 43.056837], [141.348224, 43.056612], [141.347449, 43.056521], [141.346674, 43.056421]]}, "properties": {"code": "1", "kind": "歩行者用道路", "shape": "2", "route": "", "crossing": "", "speed": "", "n_lanes": "", "length": "900", "in_cordon": true, "dir_kind": ""}}, {"type": "Feature", "geometry": {"type": "LineString", "coordinates": [[141.334747, 43.068069], [141.334849, 43.067644]]}, "properties": {"code": "1", "kind": "歩行者用道路", "shape": "2", "route": "", "crossing": "", "speed": "", "n_lanes": "", "length": "50", "in_cordon": false, "dir_kind": ""}}, {"type": "Feature", "geometry": {"type": "LineString", "coordinates": [[141.341775, 43.050721], [141.341003, 43.050668]]}, "properties": {"code": "1", "kind": "歩行者用道路", "shape": "2", "route": "", "crossing": "", "speed": "", "n_lanes": "", "length": "60", "in_cordon": false, "dir_kind": ""}}, {"type": "Feature", "geometry": {"type": "LineString", "coordinates": [[141.34203, 43.052718], [141.33972, 43.052576], [141.338989, 43.052457]]}, "properties": {"code": "5", "kind": "車両通行止め（一般）", "shape": "2", "route": "", "crossing": "", "speed": "", "n_lanes": "", "length": "250", "in_cordon": false, "dir_kind": ""}}, {"type": "Feature", "geometry": {"type": "LineString", "coordinates": [[141.341961, 43.05304], [141.340544, 43.052949], [141.339731, 43.052896], [141.338945, 43.052829]]}, "properties": {"code": "5", "kind": "車両通行止め（一般）", "shape": "2", "route": "", "crossing": "", "speed": "", "n_lanes": "", "length": "250", "in_cordon": false, "dir_kind": ""}}, {"type": "Feature", "geometry": {"type": "LineString", "coordinates": [[141.342053, 43.052343], [141.340842, 43.052268], [141.339775, 43.052204], [141.338989, 43.052137]]}, "properties": {"code": "5", "kind": "車両通行止め（一般）", "shape": "2", "route": "", "crossing": "", "speed": "", "n_lanes": "", "length": "250", "in_cordon": false, "dir_kind": ""}}, {"type": "Feature", "geometry": {"type": "LineString", "coordinates": [[141.346674, 43.056421], [141.345113, 43.056204], [141.343588, 43.056004], [141.343138, 43.055937], [141.341914, 43.055779]]}, "properties": {"code": "5", "kind": "車両通行止め（一般）", "shape": "2", "route": "", "crossing": "", "speed": "", "n_lanes": "", "length": "380", "in_cordon": true, "dir_kind": ""}}, {"type": "Feature", "geometry": {"type": "LineString", "coordinates": [[141.339209, 43.048318], [141.338789, 43.051579], [141.338675, 43.052421], [141.338389, 43.054712], [141.338225, 43.05587], [141.338075, 43.057045]]}, "properties": {"code": "5", "kind": "車両通行止め（一般）", "shape": "2", "route": "", "crossing": "", "speed": "", "n_lanes": "", "length": "960", "in_cordon": false, "dir_kind": ""}}, {"type": "Feature", "geometry": {"type": "LineString", "coordinates": [[141.357446, 43.051816], [141.356815, 43.051724], [141.356568, 43.051521], [141.356299, 43.051185], [141.356063, 43.051122], [141.355302, 43.05101], [141.354738, 43.050619]]}, "properties": {"code": "5", "kind": "車両通行止め（一般）", "shape": "2", "route": "", "crossing": "", "speed": "", "n_lanes": "", "length": "280", "in_cordon": false, "dir_kind": ""}}, {"type": "Feature", "geometry": {"type": "LineString", "coordinates": [[141.346014, 43.048833], [141.34595, 43.049355], [141.345891, 43.049752], [141.345847, 43.050113], [141.345802, 43.050485], [141.345725, 43.051013], [141.345666, 43.051418], [141.345597, 43.052004]]}, "properties": {"code": "5", "kind": "車両通行止め（一般）", "shape": "2", "route": "", "crossing": "", "speed": "", "n_lanes": "", "length": "360", "in_cordon": true, "dir_kind": ""}}, {"type": "Feature", "geometry": {"type": "LineString", "coordinates": [[141.342108, 43.051804], [141.340769, 43.051707], [141.339836, 43.05164], [141.339056, 43.05159], [141.338792, 43.051568], [141.337859, 43.051501], [141.336781, 43.051437], [141.335064, 43.051318], [141.333373, 43.051196], [141.331668, 43.051076], [141.330823, 43.051021], [141.329973, 43.050962], [141.32924, 43.050907], [141.328362, 43.050859]]}, "properties": {"code": "5", "kind": "車両通行止め（一般）", "shape": "2", "route": "", "crossing": "", "speed": "", "n_lanes": "", "length": "1130", "in_cordon": false, "dir_kind": ""}}, {"type": "Feature", "geometry": {"type": "LineString", "coordinates": [[141.360973, 43.065712], [141.360898, 43.065912], [141.360647, 43.06692], [141.360336, 43.068095]]}, "properties": {"code": "5", "kind": "車両通行止め（一般）", "shape": "2", "route": "", "crossing": "", "speed": "", "n_lanes": "", "length": "250", "in_cordon": false, "dir_kind": ""}}, {"type": "Feature", "geometry": {"type": "LineString", "coordinates": [[141.358421, 43.055316], [141.358243, 43.056113], [141.356576, 43.062645], [141.356248, 43.063948], [141.356015, 43.064842]]}, "properties": {"code": "5", "kind": "車両通行止め（一般）", "shape": "2", "route": "", "crossing": "", "speed": "", "n_lanes": "", "length": "1090", "in_cordon": true, "dir_kind": ""}}, {"type": "Feature", "geometry": {"type": "LineString", "coordinates": [[141.356262, 43.064831], [141.356487, 43.063976], [141.356831, 43.062679], [141.358451, 43.056149], [141.358673, 43.055343]]}, "properties": {"code": "5", "kind": "車両通行止め（一般）", "shape": "2", "route": "", "crossing": "", "speed": "", "n_lanes": "", "length": "1097", "in_cordon": true, "dir_kind": ""}}, {"type": "Feature", "geometry": {"type": "LineString", "coordinates": [[141.352357, 43.058979], [141.350915, 43.058798], [141.349335, 43.058576], [141.347766, 43.058362], [141.34621, 43.05814], [141.344641, 43.057934], [141.343727, 43.057812], [141.343086, 43.057723], [141.341369, 43.057492], [141.339972, 43.057298], [141.338417, 43.057084], [141.338075, 43.057037], [141.336858, 43.056862], [141.335814, 43.056723], [141.335458, 43.05667]]}, "properties": {"code": "5", "kind": "車両通行止め（一般）", "shape": "2", "route": "", "crossing": "", "speed": "", "n_lanes": "", "length": "1400", "in_cordon": true, "dir_kind": ""}}, {"type": "Feature", "geometry": {"type": "LineString", "coordinates": [[141.361528, 43.071817], [141.3618, 43.072055], [141.36223, 43.072444], [141.362789, 43.073008], [141.362914, 43.073167], [141.363089, 43.073328], [141.363788, 43.074119], [141.364619, 43.07463], [141.365583, 43.074991], [141.365844, 43.075091], [141.365935, 43.075122], [141.36623, 43.07523], [141.366616, 43.075361], [141.366777, 43.075405], [141.367094, 43.075519], [141.367277, 43.075572], [141.367674, 43.075683], [141.368469, 43.076019], [141.368968, 43.076361], [141.369141, 43.076427], [141.36938, 43.076508], [141.370488, 43.076883], [141.370854, 43.077016]]}, "properties": {"code": "5", "kind": "車両通行止め（一般）", "shape": "2", "route": "", "crossing": "", "speed": "", "n_lanes": "", "length": "980", "in_cordon": false, "dir_kind": ""}}, {"type": "Feature", "geometry": {"type": "LineString", "coordinates": [[141.347039, 43.041064], [141.34695, 43.041647], [141.3469, 43.042031], [141.346889, 43.042114], [141.346825, 43.042705], [141.346739, 43.043364], [141.346639, 43.044014], [141.346614, 43.04418], [141.346589, 43.044347], [141.34655, 43.04468], [141.346464, 43.045355], [141.346414, 43.045722], [141.346375, 43.04603], [141.3463, 43.046697], [141.346214, 43.047347], [141.34615, 43.047847], [141.3461, 43.048172], [141.346072, 43.048577]]}, "properties": {"code": "5", "kind": "車両通行止め（一般）", "shape": "2", "route": "", "crossing": "", "speed": "", "n_lanes": "", "length": "850", "in_cordon": false, "dir_kind": ""}}, {"type": "Feature", "geometry": {"type": "LineString", "coordinates": [[141.358443, 43.055196], [141.35602, 43.064856]]}, "properties": {"code": "8", "kind": "歩行者等通行止め", "shape": "2", "route": "", "crossing": "", "speed": "", "n_lanes": "", "length": "1090", "in_cordon": true, "dir_kind": ""}}, {"type": "Feature", "geometry": {"type": "LineString", "coordinates": [[141.356298, 43.064906], [141.358698, 43.055238]]}, "properties": {"code": "8", "kind": "歩行者等通行止め", "shape": "2", "route": "", "crossing": "", "speed": "", "n_lanes": "", "length": "1097", "in_cordon": true, "dir_kind": ""}}, {"type": "Feature", "geometry": {"type": "LineString", "coordinates": [[141.361598, 43.057021], [141.361362, 43.057838], [141.361287, 43.058171], [141.361273, 43.058238], [141.361098, 43.058987], [141.360862, 43.059904], [141.360798, 43.060129], [141.360512, 43.061271], [141.360473, 43.061437], [141.360248, 43.062304], [141.360037, 43.063179], [141.359737, 43.064329], [141.359448, 43.065495], [141.359148, 43.066712], [141.358836, 43.06787], [141.358784, 43.068067], [141.358745, 43.068231], [141.358711, 43.068367], [141.358556, 43.068972]]}, "properties": {"code": "11", "kind": "一方通行", "shape": "2", "route": "", "crossing": "", "speed": "", "n_lanes": "", "length": "1350", "in_cordon": false, "dir_kind": "1"}}, {"type": "Feature", "geometry": {"type": "LineString", "coordinates": [[141.356962, 43.068936], [141.357056, 43.068542], [141.357114, 43.068281], [141.357273, 43.067661], [141.357573, 43.066495], [141.357887, 43.065295], [141.358048, 43.064678], [141.358198, 43.064112], [141.358487, 43.062962], [141.358712, 43.062095], [141.358937, 43.061229], [141.358973, 43.061054], [141.359237, 43.059921], [141.359537, 43.058762], [141.359823, 43.057621], [141.360048, 43.056777]]}, "properties": {"code": "11", "kind": "一方通行", "shape": "2", "route": "", "crossing": "", "speed": "", "n_lanes": "", "length": "1370", "in_cordon": true, "dir_kind": "1"}}, {"type": "Feature", "geometry": {"type": "LineString", "coordinates": [[141.359276, 43.05666], [141.358201, 43.060893]]}, "properties": {"code": "11", "kind": "一方通行", "shape": "2", "route": "", "crossing": "", "speed": "", "n_lanes": "", "length": "480", "in_cordon": true, "dir_kind": "1"}}, {"type": "Feature", "geometry": {"type": "LineString", "coordinates": [[141.358104, 43.061212], [141.357701, 43.062768]]}, "properties": {"code": "11", "kind": "一方通行", "shape": "2", "route": "", "crossing": "", "speed": "", "n_lanes": "", "length": "180", "in_cordon": true, "dir_kind": "1"}}, {"type": "Feature", "geometry": {"type": "LineString", "coordinates": [[141.35236, 43.05313], [141.352324, 43.053263], [141.352213, 43.053646], [141.352063, 43.054204], [141.352013, 43.054471], [141.351938, 43.054746], [141.351788, 43.055379], [141.351763, 43.055546], [141.351674, 43.055904], [141.351524, 43.056504], [141.351388, 43.057054], [141.351238, 43.057646], [141.351088, 43.058212], [141.350924, 43.058779], [141.350774, 43.059354], [141.350613, 43.059945], [141.350449, 43.060662], [141.350163, 43.06177], [141.350138, 43.061895], [141.349862, 43.062978], [141.349574, 43.064153], [141.349262, 43.065361], [141.349112, 43.065978], [141.349018, 43.066408]]}, "properties": {"code": "11", "kind": "一方通行", "shape": "2", "route": "", "crossing": "", "speed": "", "n_lanes": "", "length": "1500", "in_cordon": true, "dir_kind": "1"}}, {"type": "Feature", "geometry": {"type": "LineString", "coordinates": [[141.349262, 43.066003], [141.350471, 43.066159]]}, "properties": {"code": "11", "kind": "一方通行", "shape": "2", "route": "", "crossing": "", "speed": "", "n_lanes": "", "length": "100", "in_cordon": true, "dir_kind": "1"}}, {"type": "Feature", "geometry": {"type": "LineString", "coordinates": [[141.357123, 43.061595], [141.336561, 43.058798]]}, "properties": {"code": "11", "kind": "一方通行", "shape": "2", "route": "", "crossing": "", "speed": "", "n_lanes": "", "length": "1700", "in_cordon": true, "dir_kind": "1"}}, {"type": "Feature", "geometry": {"type": "LineString", "coordinates": [[141.336692, 43.058034], [141.33815, 43.058253], [141.3397, 43.058462], [141.341013, 43.058637], [141.341225, 43.05867], [141.342824, 43.058887], [141.344374, 43.059095], [141.345949, 43.059304], [141.347513, 43.059529], [141.349063, 43.059737], [141.350613, 43.059945], [141.352124, 43.060137], [141.352274, 43.060162], [141.353748, 43.06037], [141.353998, 43.060404], [141.354287, 43.060445], [141.355037, 43.060545], [141.355262, 43.06057], [141.355337, 43.060587], [141.356162, 43.060695], [141.356762, 43.060779], [141.356848, 43.06079]]}, "properties": {"code": "11", "kind": "一方通行", "shape": "2", "route": "", "crossing": "", "speed": "", "n_lanes": "", "length": "1670", "in_cordon": true, "dir_kind": "1"}}, {"type": "Feature", "geometry": {"type": "LineString", "coordinates": [[141.352959, 43.062812], [141.351751, 43.062628]]}, "properties": {"code": "11", "kind": "一方通行", "shape": "2", "route": "", "crossing": "", "speed": "", "n_lanes": "", "length": "110", "in_cordon": true, "dir_kind": "1"}}, {"type": "Feature", "geometry": {"type": "LineString", "coordinates": [[141.347654, 43.065267], [141.347549, 43.065761], [141.347399, 43.066328], [141.347082, 43.067483]]}, "properties": {"code": "11", "kind": "一方通行", "shape": "2", "route": "", "crossing": "", "speed": "", "n_lanes": "", "length": "260", "in_cordon": true, "dir_kind": "1"}}, {"type": "Feature", "geometry": {"type": "LineString", "coordinates": [[141.34709, 43.067486], [141.346518, 43.069689]]}, "properties": {"code": "11", "kind": "一方通行", "shape": "2", "route": "", "crossing": "", "speed": "", "n_lanes": "", "length": "240", "in_cordon": false, "dir_kind": "1"}}, {"type": "Feature", "geometry": {"type": "LineString", "coordinates": [[141.345001, 43.069438], [141.345568, 43.067242]]}, "properties": {"code": "11", "kind": "一方通行", "shape": "2", "route": "", "crossing": "", "speed": "", "n_lanes": "", "length": "250", "in_cordon": false, "dir_kind": "1"}}, {"type": "Feature", "geometry": {"type": "LineString", "coordinates": [[141.345574, 43.067219], [141.348574, 43.055168]]}, "properties": {"code": "11", "kind": "一方通行", "shape": "2", "route": "", "crossing": "", "speed": "", "n_lanes": "", "length": "1380", "in_cordon": true, "dir_kind": "1"}}, {"type": "Feature", "geometry": {"type": "LineString", "coordinates": [[141.352131, 43.066834], [141.352237, 43.066395], [141.352387, 43.065786], [141.352548, 43.065178], [141.352687, 43.064587], [141.352998, 43.063412], [141.353137, 43.062837], [141.353273, 43.06227], [141.353573, 43.061087], [141.353748, 43.06037], [141.353898, 43.05977], [141.354048, 43.059204], [141.354237, 43.058612], [141.354362, 43.058071], [141.354537, 43.057471], [141.354674, 43.056921], [141.354799, 43.056363], [141.354874, 43.055963], [141.354912, 43.055788], [141.355038, 43.055163], [141.355174, 43.054621], [141.355338, 43.054071], [141.355465, 43.053538]]}, "properties": {"code": "11", "kind": "一方通行", "shape": "2", "route": "", "crossing": "", "speed": "", "n_lanes": "", "length": "1500", "in_cordon": true, "dir_kind": "1"}}, {"type": "Feature", "geometry": {"type": "LineString", "coordinates": [[141.354018, 43.059784], [141.355346, 43.059979]]}, "properties": {"code": "11", "kind": "一方通行", "shape": "2", "route": "", "crossing": "", "speed": "", "n_lanes": "", "length": "110", "in_cordon": true, "dir_kind": "1"}}, {"type": "Feature", "geometry": {"type": "LineString", "coordinates": [[141.353179, 43.065761], [141.35404, 43.062454]]}, "properties": {"code": "11", "kind": "一方通行", "shape": "2", "route": "", "crossing": "", "speed": "", "n_lanes": "", "length": "380", "in_cordon": true, "dir_kind": "1"}}, {"type": "Feature", "geometry": {"type": "LineString", "coordinates": [[141.353751, 43.059759], [141.347738, 43.058965]]}, "properties": {"code": "11", "kind": "一方通行", "shape": "2", "route": "", "crossing": "", "speed": "", "n_lanes": "", "length": "500", "in_cordon": true, "dir_kind": "1"}}, {"type": "Feature", "geometry": {"type": "LineString", "coordinates": [[141.357065, 43.05378], [141.356937, 43.054271], [141.356812, 43.054846], [141.356662, 43.055404], [141.356498, 43.056013], [141.356462, 43.056179], [141.356373, 43.056563], [141.356248, 43.057138], [141.356112, 43.057679], [141.356048, 43.057887], [141.355948, 43.058287], [141.355798, 43.058846], [141.355648, 43.059429], [141.355487, 43.059987], [141.355398, 43.060304], [141.355337, 43.060587], [141.355148, 43.061304], [141.355098, 43.061529], [141.354862, 43.062487], [141.354573, 43.06362], [141.354273, 43.064803], [141.353962, 43.066011], [141.353706, 43.067053]]}, "properties": {"code": "11", "kind": "一方通行", "shape": "2", "route": "", "crossing": "", "speed": "", "n_lanes": "", "length": "1500", "in_cordon": true, "dir_kind": "1"}}, {"type": "Feature", "geometry": {"type": "LineString", "coordinates": [[141.357234, 43.056377], [141.356182, 43.060601]]}, "properties": {"code": "11", "kind": "一方通行", "shape": "2", "route": "", "crossing": "", "speed": "", "n_lanes": "", "length": "480", "in_cordon": true, "dir_kind": "1"}}, {"type": "Feature", "geometry": {"type": "LineString", "coordinates": [[141.348032, 43.057795], [141.355682, 43.058835]]}, "properties": {"code": "11", "kind": "一方通行", "shape": "2", "route": "", "crossing": "", "speed": "", "n_lanes": "", "length": "630", "in_cordon": true, "dir_kind": "1"}}, {"type": "Feature", "geometry": {"type": "LineString", "coordinates": [[141.348655, 43.055526], [141.352999, 43.056104]]}, "properties": {"code": "11", "kind": "一方通行", "shape": "2", "route": "", "crossing": "", "speed": "", "n_lanes": "", "length": "360", "in_cordon": true, "dir_kind": "1"}}, {"type": "Feature", "geometry": {"type": "LineString", "coordinates": [[141.356271, 43.056535], [141.353393, 43.056154]]}, "properties": {"code": "11", "kind": "一方通行", "shape": "2", "route": "", "crossing": "", "speed": "", "n_lanes": "", "length": "240", "in_cordon": true, "dir_kind": "1"}}, {"type": "Feature", "geometry": {"type": "LineString", "coordinates": [[141.357312, 43.056021], [141.357587, 43.054949], [141.357857, 43.053899]]}, "properties": {"code": "11", "kind": "一方通行", "shape": "2", "route": "", "crossing": "", "speed": "", "n_lanes": "", "length": "240", "in_cordon": true, "dir_kind": "1"}}, {"type": "Feature", "geometry": {"type": "LineString", "coordinates": [[141.35651, 43.055402], [141.355199, 43.055224], [141.355038, 43.055163], [141.354885, 43.055121], [141.353663, 43.054954]]}, "properties": {"code": "11", "kind": "一方通行", "shape": "2", "route": "", "crossing": "", "speed": "", "n_lanes": "", "length": "240", "in_cordon": true, "dir_kind": "1"}}, {"type": "Feature", "geometry": {"type": "LineString", "coordinates": [[141.348946, 43.054371], [141.349549, 43.054446], [141.350349, 43.054563], [141.351782, 43.054752], [141.351938, 43.054746], [141.352054, 43.054743], [141.352563, 43.054796], [141.353379, 43.054915]]}, "properties": {"code": "11", "kind": "一方通行", "shape": "2", "route": "", "crossing": "", "speed": "", "n_lanes": "", "length": "370", "in_cordon": true, "dir_kind": "1"}}, {"type": "Feature", "geometry": {"type": "LineString", "coordinates": [[141.348627, 43.054332], [141.347249, 43.054138], [141.345772, 43.053943]]}, "properties": {"code": "11", "kind": "一方通行", "shape": "2", "route": "", "crossing": "", "speed": "", "n_lanes": "", "length": "240", "in_cordon": true, "dir_kind": "1"}}, {"type": "Feature", "geometry": {"type": "LineString", "coordinates": [[141.356662, 43.054818], [141.355174, 43.054621], [141.353649, 43.054413], [141.352699, 43.054288], [141.352063, 43.054204], [141.35063, 43.054029]]}, "properties": {"code": "11", "kind": "一方通行", "shape": "2", "route": "", "crossing": "", "speed": "", "n_lanes": "", "length": "500", "in_cordon": true, "dir_kind": "1"}}, {"type": "Feature", "geometry": {"type": "LineString", "coordinates": [[141.356782, 43.054249], [141.355432, 43.054085], [141.355113, 43.054071], [141.353874, 43.053918]]}, "properties": {"code": "11", "kind": "一方通行", "shape": "2", "route": "", "crossing": "", "speed": "", "n_lanes": "", "length": "240", "in_cordon": true, "dir_kind": "1"}}, {"type": "Feature", "geometry": {"type": "LineString", "coordinates": [[141.34921, 43.053215], [141.350663, 43.053413], [141.352124, 43.053613], [141.352321, 43.053688], [141.353618, 43.053866]]}, "properties": {"code": "11", "kind": "一方通行", "shape": "2", "route": "", "crossing": "", "speed": "", "n_lanes": "", "length": "370", "in_cordon": true, "dir_kind": "1"}}, {"type": "Feature", "geometry": {"type": "LineString", "coordinates": [[141.350955, 43.052874], [141.352374, 43.053055], [141.353949, 43.053271], [141.355499, 43.05348], [141.356921, 43.053674]]}, "properties": {"code": "11", "kind": "一方通行", "shape": "2", "route": "", "crossing": "", "speed": "", "n_lanes": "", "length": "500", "in_cordon": true, "dir_kind": "1"}}, {"type": "Feature", "geometry": {"type": "LineString", "coordinates": [[141.35287, 43.076455], [141.353456, 43.07423], [141.354003, 43.072316], [141.354137, 43.0718], [141.354373, 43.070958]]}, "properties": {"code": "11", "kind": "一方通行", "shape": "2", "route": "", "crossing": "", "speed": "", "n_lanes": "", "length": "620", "in_cordon": false, "dir_kind": "1"}}, {"type": "Feature", "geometry": {"type": "LineString", "coordinates": [[141.3548, 43.071039], [141.354517, 43.072175], [141.35425, 43.0732], [141.353734, 43.075424], [141.353153, 43.076491]]}, "properties": {"code": "11", "kind": "一方通行", "shape": "2", "route": "", "crossing": "", "speed": "", "n_lanes": "", "length": "620", "in_cordon": false, "dir_kind": "1"}}, {"type": "Feature", "geometry": {"type": "LineString", "coordinates": [[141.348904, 43.101571], [141.352105, 43.088281], [141.356945, 43.068972]]}, "properties": {"code": "11", "kind": "一方通行", "shape": "2", "route": "", "crossing": "", "speed": "", "n_lanes": "", "length": "3680", "in_cordon": false, "dir_kind": "1"}}, {"type": "Feature", "geometry": {"type": "LineString", "coordinates": [[141.35857, 43.068986], [141.350735, 43.100593], [141.350882, 43.100652], [141.35089, 43.100746], [141.350624, 43.101849]]}, "properties": {"code": "11", "kind": "一方通行", "shape": "2", "route": "", "crossing": "", "speed": "", "n_lanes": "", "length": "3720", "in_cordon": false, "dir_kind": "1"}}, {"type": "Feature", "geometry": {"type": "LineString", "coordinates": [[141.358331, 43.070433], [141.360981, 43.071628]]}, "properties": {"code": "11", "kind": "一方通行", "shape": "2", "route": "", "crossing": "", "speed": "", "n_lanes": "", "length": "250", "in_cordon": false, "dir_kind": "1"}}, {"type": "Feature", "geometry": {"type": "LineString", "coordinates": [[141.329164, 43.06258], [141.339785, 43.064011]]}, "properties": {"code": "11", "kind": "一方通行", "shape": "2", "route": "", "crossing": "", "speed": "", "n_lanes": "", "length": "880", "in_cordon": true, "dir_kind": "1"}}, {"type": "Feature", "geometry": {"type": "LineString", "coordinates": [[141.339716, 43.064175], [141.329081, 43.062711]]}, "properties": {"code": "11", "kind": "一方通行", "shape": "2", "route": "", "crossing": "", "speed": "", "n_lanes": "", "length": "880", "in_cordon": true, "dir_kind": "1"}}, {"type": "Feature", "geometry": {"type": "LineString", "coordinates": [[141.335983, 43.067116], [141.33746, 43.067305], [141.338874, 43.067511]]}, "properties": {"code": "11", "kind": "一方通行", "shape": "2", "route": "", "crossing": "", "speed": "", "n_lanes": "", "length": "230", "in_cordon": false, "dir_kind": "1"}}, {"type": "Feature", "geometry": {"type": "LineString", "coordinates": [[141.338816, 43.067597], [141.336724, 43.068455], [141.336391, 43.068419], [141.335585, 43.068305]]}, "properties": {"code": "11", "kind": "一方通行", "shape": "2", "route": "", "crossing": "", "speed": "", "n_lanes": "", "length": "290", "in_cordon": false, "dir_kind": "1"}}, {"type": "Feature", "geometry": {"type": "LineString", "coordinates": [[141.358715, 43.055224], [141.356323, 43.064864]]}, "properties": {"code": "11", "kind": "一方通行", "shape": "2", "route": "", "crossing": "", "speed": "", "n_lanes": "", "length": "1090", "in_cordon": true, "dir_kind": "1"}}, {"type": "Feature", "geometry": {"type": "LineString", "coordinates": [[141.356031, 43.064806], [141.358457, 43.055182]]}, "properties": {"code": "11", "kind": "一方通行", "shape": "2", "route": "", "crossing": "", "speed": "", "n_lanes": "", "length": "1090", "in_cordon": true, "dir_kind": "1"}}, {"type": "Feature", "geometry": {"type": "LineString", "coordinates": [[141.355873, 43.06492], [141.358901, 43.053227]]}, "properties": {"code": "11", "kind": "一方通行", "shape": "2", "route": "", "crossing": "", "speed": "", "n_lanes": "", "length": "1320", "in_cordon": true, "dir_kind": "1"}}, {"type": "Feature", "geometry": {"type": "LineString", "coordinates": [[141.359212, 43.053316], [141.359154, 43.054002], [141.356434, 43.064998]]}, "properties": {"code": "11", "kind": "一方通行", "shape": "2", "route": "", "crossing": "", "speed": "", "n_lanes": "", "length": "1320", "in_cordon": true, "dir_kind": "1"}}, {"type": "Feature", "geometry": {"type": "LineString", "coordinates": [[141.360992, 43.05896], [141.341922, 43.05639]]}, "properties": {"code": "11", "kind": "一方通行", "shape": "2", "route": "", "crossing": "", "speed": "", "n_lanes": "", "length": "1580", "in_cordon": true, "dir_kind": "1"}}, {"type": "Feature", "geometry": {"type": "LineString", "coordinates": [[141.342166, 43.055243], [141.361229, 43.057821]]}, "properties": {"code": "11", "kind": "一方通行", "shape": "2", "route": "", "crossing": "", "speed": "", "n_lanes": "", "length": "1580", "in_cordon": true, "dir_kind": "1"}}, {"type": "Feature", "geometry": {"type": "LineString", "coordinates": [[141.351271, 43.05113], [141.352791, 43.051327], [141.354168, 43.05151]]}, "properties": {"code": "11", "kind": "一方通行", "shape": "2", "route": "", "crossing": "", "speed": "", "n_lanes": "", "length": "240", "in_cordon": false, "dir_kind": "1"}}, {"type": "Feature", "geometry": {"type": "LineString", "coordinates": [[141.351388, 43.050605], [141.352832, 43.050794], [141.352991, 43.050777], [141.354352, 43.050941]]}, "properties": {"code": "11", "kind": "一方通行", "shape": "2", "route": "", "crossing": "", "speed": "", "n_lanes": "", "length": "240", "in_cordon": false, "dir_kind": "1"}}, {"type": "Feature", "geometry": {"type": "LineString", "coordinates": [[141.351505, 43.050119], [141.352971, 43.050288], [141.353096, 43.050249], [141.354038, 43.050291]]}, "properties": {"code": "11", "kind": "一方通行", "shape": "2", "route": "", "crossing": "", "speed": "", "n_lanes": "", "length": "210", "in_cordon": false, "dir_kind": "1"}}, {"type": "Feature", "geometry": {"type": "LineString", "coordinates": [[141.349494, 43.052068], [141.350924, 43.052271], [141.352524, 43.052488], [141.353935, 43.052677]]}, "properties": {"code": "11", "kind": "一方通行", "shape": "2", "route": "", "crossing": "", "speed": "", "n_lanes": "", "length": "370", "in_cordon": true, "dir_kind": "1"}}, {"type": "Feature", "geometry": {"type": "LineString", "coordinates": [[141.358693, 43.053319], [141.355649, 43.052905], [141.354218, 43.052707]]}, "properties": {"code": "11", "kind": "一方通行", "shape": "2", "route": "", "crossing": "", "speed": "", "n_lanes": "", "length": "370", "in_cordon": true, "dir_kind": "1"}}, {"type": "Feature", "geometry": {"type": "LineString", "coordinates": [[141.358665, 43.05383], [141.358912, 43.052858]]}, "properties": {"code": "11", "kind": "一方通行", "shape": "2", "route": "", "crossing": "", "speed": "", "n_lanes": "", "length": "110", "in_cordon": true, "dir_kind": "1"}}, {"type": "Feature", "geometry": {"type": "LineString", "coordinates": [[141.360079, 43.052755], [141.359868, 43.052158], [141.359737, 43.051763], [141.359049, 43.049938], [141.359024, 43.04988], [141.358888, 43.049547], [141.358568, 43.048955]]}, "properties": {"code": "11", "kind": "一方通行", "shape": "2", "route": "", "crossing": "", "speed": "", "n_lanes": "", "length": "430", "in_cordon": true, "dir_kind": "1"}}, {"type": "Feature", "geometry": {"type": "LineString", "coordinates": [[141.361692, 43.071942], [141.362894, 43.0731], [141.363216, 43.073447], [141.363375, 43.073583], [141.363886, 43.074225], [141.364261, 43.074469]]}, "properties": {"code": "11", "kind": "一方通行", "shape": "2", "route": "", "crossing": "", "speed": "", "n_lanes": "", "length": "350", "in_cordon": false, "dir_kind": "1"}}, {"type": "Feature", "geometry": {"type": "LineString", "coordinates": [[141.358574, 43.048964], [141.358263, 43.048405], [141.358213, 43.048255], [141.358088, 43.047905], [141.358038, 43.047672], [141.358024, 43.047455], [141.358188, 43.04618], [141.358188, 43.04608], [141.358224, 43.045256], [141.357974, 43.043339], [141.357963, 43.043281], [141.357788, 43.041989], [141.357724, 43.041589], [141.357688, 43.041398], [141.357463, 43.040931], [141.357124, 43.040356], [141.356838, 43.039806], [141.356413, 43.038973], [141.356113, 43.038523], [141.355788, 43.038098], [141.355563, 43.037856], [141.355014, 43.037165], [141.35475, 43.036823], [141.354664, 43.036706], [141.354439, 43.036356], [141.3543, 43.036081], [141.354175, 43.03579], [141.3541, 43.035615], [141.354039, 43.035382], [141.353914, 43.034857], [141.3539, 43.034732], [141.3539, 43.034257], [141.353914, 43.034048], [141.353975, 43.033698], [141.354175, 43.032815], [141.354364, 43.031957], [141.354375, 43.031532], [141.354339, 43.031299], [141.354275, 43.030999], [141.354139, 43.030699], [141.354, 43.030465], [141.353875, 43.030307], [141.35325, 43.02954], [141.352489, 43.028607], [141.351675, 43.027624], [141.351514, 43.027357], [141.351389, 43.027074], [141.351326, 43.026824], [141.351314, 43.026591], [141.351351, 43.026332], [141.351539, 43.025607], [141.351589, 43.025316], [141.351626, 43.025091], [141.35164, 43.024699], [141.351601, 43.024283], [141.351565, 43.024033], [141.351465, 43.023674], [141.351315, 43.023283], [141.351151, 43.022991], [141.350715, 43.022283], [141.350626, 43.022124], [141.350576, 43.022], [141.350565, 43.021916], [141.350551, 43.021775], [141.350551, 43.02165], [141.35059, 43.021458], [141.350615, 43.021358], [141.350701, 43.021191], [141.35074, 43.021125], [141.35119, 43.020466], [141.351365, 43.020183], [141.35149, 43.019941], [141.351601, 43.019691], [141.351651, 43.019558], [141.351976, 43.018358], [141.352026, 43.018067], [141.352076, 43.01755], [141.352076, 43.017225], [141.352165, 43.016517], [141.352165, 43.016117], [141.352165, 43.015942], [141.35214, 43.01575], [141.35209, 43.0154], [141.352015, 43.015009], [141.351826, 43.013909], [141.351726, 43.013525], [141.351576, 43.013167], [141.351351, 43.012709], [141.351176, 43.012417], [141.351001, 43.012159], [141.350826, 43.011934], [141.350526, 43.011559], [141.350177, 43.011192], [141.34979, 43.010867], [141.349577, 43.010709], [141.349041, 43.010359], [141.348441, 43.010026], [141.347841, 43.009692], [141.347641, 43.009584], [141.347316, 43.009376], [141.347096, 43.009234]]}, "properties": {"code": "11", "kind": "一方通行", "shape": "2", "route": "", "crossing": "", "speed": "", "n_lanes": "", "length": "4740", "in_cordon": false, "dir_kind": "1"}}, {"type": "Feature", "geometry": {"type": "LineString", "coordinates": [[141.352216, 43.041497], [141.352214, 43.041581], [141.3522, 43.041756], [141.352175, 43.041864], [141.352125, 43.042389], [141.352075, 43.042881], [141.35215, 43.043089], [141.35215, 43.043206], [141.352113, 43.043339], [141.351913, 43.043597], [141.351788, 43.043814], [141.351688, 43.04408], [141.351388, 43.044714], [141.351363, 43.044855], [141.351474, 43.045605], [141.351524, 43.045672], [141.351949, 43.046247], [141.352024, 43.046364], [141.352163, 43.046655], [141.352274, 43.046822], [141.352349, 43.046897], [141.352563, 43.047097], [141.352888, 43.047305], [141.352999, 43.047455], [141.353338, 43.047997], [141.353363, 43.048097], [141.353352, 43.048527]]}, "properties": {"code": "11", "kind": "一方通行", "shape": "2", "route": "", "crossing": "", "speed": "", "n_lanes": "", "length": "800", "in_cordon": false, "dir_kind": "1"}}, {"type": "Feature", "geometry": {"type": "LineString", "coordinates": [[141.353909, 43.012134], [141.354118, 43.012545], [141.354276, 43.013295], [141.354315, 43.014037], [141.354198, 43.014603], [141.354179, 43.015406], [141.35459, 43.01715], [141.354601, 43.017442], [141.354551, 43.017733], [141.354415, 43.018092], [141.354276, 43.018483], [141.35424, 43.0186], [141.353951, 43.019408], [141.353751, 43.020166], [141.353701, 43.0206], [141.35369, 43.021158], [141.353715, 43.021566], [141.353814, 43.022166], [141.354639, 43.025774], [141.354725, 43.026083], [141.354889, 43.026533], [141.355064, 43.026957], [141.355189, 43.027224], [141.355375, 43.027549], [141.35565, 43.028024], [141.355825, 43.028274], [141.35635, 43.028966], [141.356539, 43.029241], [141.356739, 43.029574], [141.356939, 43.029982], [141.357075, 43.030391], [141.357114, 43.030515], [141.357139, 43.030624], [141.357175, 43.03084], [141.357225, 43.031249], [141.357225, 43.031799], [141.357089, 43.033015], [141.357, 43.033773], [141.356975, 43.034223], [141.357, 43.034948], [141.357013, 43.035082], [141.357113, 43.035623], [141.357199, 43.036015], [141.357338, 43.036448], [141.357474, 43.036831], [141.357649, 43.037248], [141.357888, 43.037698], [141.358188, 43.038181], [141.358663, 43.038873], [141.359738, 43.040231], [141.359974, 43.040548], [141.360149, 43.040773], [141.360313, 43.041056], [141.360729, 43.041884], [141.361224, 43.045142], [141.361446, 43.046342], [141.361773, 43.047572], [141.363693, 43.052136], [141.364434, 43.054319], [141.364706, 43.054752], [141.365134, 43.055138]]}, "properties": {"code": "11", "kind": "一方通行", "shape": "2", "route": "", "crossing": "", "speed": "", "n_lanes": "", "length": "4960", "in_cordon": false, "dir_kind": "1"}}, {"type": "Feature", "geometry": {"type": "LineString", "coordinates": [[141.364737, 43.048558], [141.364879, 43.047917]]}, "properties": {"code": "11", "kind": "一方通行", "shape": "2", "route": "", "crossing": "", "speed": "", "n_lanes": "", "length": "70", "in_cordon": false, "dir_kind": "1"}}, {"type": "Feature", "geometry": {"type": "LineString", "coordinates": [[141.363465, 43.048625], [141.362948, 43.048589], [141.362434, 43.048611]]}, "properties": {"code": "11", "kind": "一方通行", "shape": "2", "route": "", "crossing": "", "speed": "", "n_lanes": "", "length": "80", "in_cordon": false, "dir_kind": "1"}}, {"type": "Feature", "geometry": {"type": "LineString", "coordinates": [[141.347149, 43.05484], [141.348508, 43.055018]]}, "properties": {"code": "14", "kind": "歩行者等横断禁止", "shape": "2", "route": "", "crossing": "", "speed": "", "n_lanes": "", "length": "130", "in_cordon": true, "dir_kind": ""}}, {"type": "Feature", "geometry": {"type": "LineString", "coordinates": [[141.348487, 43.068367], [141.348904, 43.066753]]}, "properties": {"code": "16", "kind": "中央線の変移", "shape": "2", "route": "", "crossing": "", "speed": "", "n_lanes": "0", "length": "170", "in_cordon": true, "dir_kind": ""}}, {"type": "Feature", "geometry": {"type": "LineString", "coordinates": [[141.348057, 43.070072], [141.347934, 43.070558]]}, "properties": {"code": "16", "kind": "中央線の変移", "shape": "2", "route": "", "crossing": "", "speed": "", "n_lanes": "0", "length": "50", "in_cordon": false, "dir_kind": ""}}, {"type": "Feature", "geometry": {"type": "LineString", "coordinates": [[141.350612, 43.06667], [141.353363, 43.05586]]}, "properties": {"code": "20", "kind": "車両通行帯", "shape": "2", "route": "", "crossing": "", "speed": "", "n_lanes": "3", "length": "", "in_cordon": true, "dir_kind": ""}}, {"type": "Feature", "geometry": {"type": "LineString", "coordinates": [[141.353204, 43.055846], [141.350787, 43.065481]]}, "properties": {"code": "20", "kind": "車両通行帯", "shape": "2", "route": "", "crossing": "", "speed": "", "n_lanes": "3", "length": "", "in_cordon": true, "dir_kind": ""}}, {"type": "Feature", "geometry": {"type": "LineString", "coordinates": [[141.348998, 43.066411], [141.352366, 43.053132]]}, "properties": {"code": "20", "kind": "車両通行帯", "shape": "2", "route": "", "crossing": "", "speed": "", "n_lanes": "3", "length": "", "in_cordon": true, "dir_kind": ""}}, {"type": "Feature", "geometry": {"type": "LineString", "coordinates": [[141.347079, 43.067522], [141.347668, 43.065281]]}, "properties": {"code": "20", "kind": "車両通行帯", "shape": "2", "route": "", "crossing": "", "speed": "", "n_lanes": "3", "length": "", "in_cordon": true, "dir_kind": ""}}, {"type": "Feature", "geometry": {"type": "LineString", "coordinates": [[141.348599, 43.055129], [141.348499, 43.055504], [141.348363, 43.056062], [141.348224, 43.056612], [141.348088, 43.057212], [141.347938, 43.057787], [141.347799, 43.058362], [141.347663, 43.058937], [141.347513, 43.059529], [141.347338, 43.060245], [141.347049, 43.061337], [141.347024, 43.061462], [141.346863, 43.062045], [141.346738, 43.062562], [141.346424, 43.063753], [141.346274, 43.064345], [141.346124, 43.064945], [141.345974, 43.065545], [141.345824, 43.066128], [141.345549, 43.067244]]}, "properties": {"code": "20", "kind": "車両通行帯", "shape": "2", "route": "", "crossing": "", "speed": "", "n_lanes": "3", "length": "", "in_cordon": true, "dir_kind": ""}}, {"type": "Feature", "geometry": {"type": "LineString", "coordinates": [[141.327384, 43.056881], [141.336453, 43.058109]]}, "properties": {"code": "20", "kind": "車両通行帯", "shape": "2", "route": "", "crossing": "", "speed": "", "n_lanes": "3", "length": "", "in_cordon": false, "dir_kind": ""}}, {"type": "Feature", "geometry": {"type": "LineString", "coordinates": [[141.336464, 43.057964], [141.32744, 43.056748]]}, "properties": {"code": "20", "kind": "車両通行帯", "shape": "2", "route": "", "crossing": "", "speed": "", "n_lanes": "3", "length": "", "in_cordon": false, "dir_kind": ""}}, {"type": "Feature", "geometry": {"type": "LineString", "coordinates": [[141.33655, 43.058837], [141.356273, 43.061479]]}, "properties": {"code": "20", "kind": "車両通行帯", "shape": "2", "route": "", "crossing": "", "speed": "", "n_lanes": "3", "length": "", "in_cordon": true, "dir_kind": ""}}, {"type": "Feature", "geometry": {"type": "LineString", "coordinates": [[141.356776, 43.060787], [141.337144, 43.058117]]}, "properties": {"code": "20", "kind": "車両通行帯", "shape": "2", "route": "", "crossing": "", "speed": "", "n_lanes": "3", "length": "", "in_cordon": true, "dir_kind": ""}}, {"type": "Feature", "geometry": {"type": "LineString", "coordinates": [[141.357579, 43.061048], [141.366578, 43.062307]]}, "properties": {"code": "20", "kind": "車両通行帯", "shape": "2", "route": "", "crossing": "", "speed": "", "n_lanes": "3", "length": "", "in_cordon": true, "dir_kind": ""}}, {"type": "Feature", "geometry": {"type": "LineString", "coordinates": [[141.366642, 43.062085], [141.357512, 43.060865]]}, "properties": {"code": "20", "kind": "車両通行帯", "shape": "2", "route": "", "crossing": "", "speed": "", "n_lanes": "3", "length": "", "in_cordon": true, "dir_kind": ""}}, {"type": "Feature", "geometry": {"type": "LineString", "coordinates": [[141.341775, 43.056345], [141.343438, 43.05657], [141.344963, 43.056779], [141.346524, 43.056996], [141.348088, 43.057212], [141.349649, 43.057437], [141.351238, 43.057646], [141.352699, 43.057846], [141.352849, 43.057871], [141.354362, 43.058071], [141.355948, 43.058287], [141.356737, 43.058387], [141.357498, 43.058496], [141.357962, 43.058562], [141.358773, 43.058662], [141.359537, 43.058762], [141.360312, 43.058879], [141.361098, 43.058987]]}, "properties": {"code": "20", "kind": "車両通行帯", "shape": "2", "route": "", "crossing": "", "speed": "", "n_lanes": "3", "length": "", "in_cordon": true, "dir_kind": ""}}, {"type": "Feature", "geometry": {"type": "LineString", "coordinates": [[141.355451, 43.053532], [141.354965, 43.055663]]}, "properties": {"code": "20", "kind": "車両通行帯", "shape": "2", "route": "", "crossing": "", "speed": "", "n_lanes": "3", "length": "", "in_cordon": true, "dir_kind": ""}}, {"type": "Feature", "geometry": {"type": "LineString", "coordinates": [[141.348744, 43.055135], [141.361467, 43.056888], [141.361979, 43.056916], [141.362698, 43.056802], [141.363184, 43.056632], [141.363859, 43.056252]]}, "properties": {"code": "20", "kind": "車両通行帯", "shape": "2", "route": "", "crossing": "", "speed": "", "n_lanes": "4", "length": "", "in_cordon": true, "dir_kind": ""}}, {"type": "Feature", "geometry": {"type": "LineString", "coordinates": [[141.35471, 43.055768], [141.348796, 43.054976]]}, "properties": {"code": "20", "kind": "車両通行帯", "shape": "2", "route": "", "crossing": "", "speed": "", "n_lanes": "3", "length": "", "in_cordon": true, "dir_kind": ""}}, {"type": "Feature", "geometry": {"type": "LineString", "coordinates": [[141.340902, 43.060437], [141.3412, 43.059384], [141.341247, 43.058465], [141.342052, 43.055176], [141.342453, 43.052249]]}, "properties": {"code": "20", "kind": "車両通行帯", "shape": "2", "route": "", "crossing": "", "speed": "", "n_lanes": "4", "length": "", "in_cordon": true, "dir_kind": ""}}, {"type": "Feature", "geometry": {"type": "LineString", "coordinates": [[141.345976, 43.066175], [141.352059, 43.067033]]}, "properties": {"code": "20", "kind": "車両通行帯", "shape": "2", "route": "", "crossing": "", "speed": "", "n_lanes": "3", "length": "", "in_cordon": true, "dir_kind": ""}}, {"type": "Feature", "geometry": {"type": "LineString", "coordinates": [[141.35204, 43.066947], [141.34601, 43.066106]]}, "properties": {"code": "20", "kind": "車両通行帯", "shape": "2", "route": "", "crossing": "", "speed": "", "n_lanes": "3", "length": "", "in_cordon": true, "dir_kind": ""}}, {"type": "Feature", "geometry": {"type": "LineString", "coordinates": [[141.345158, 43.101049], [141.349686, 43.083904], [141.349797, 43.083579], [141.351683, 43.079935], [141.352581, 43.077599], [141.353156, 43.076541], [141.353697, 43.075449], [141.35475, 43.071005], [141.355362, 43.06877]]}, "properties": {"code": "20", "kind": "車両通行帯", "shape": "2", "route": "", "crossing": "", "speed": "", "n_lanes": "3", "length": "", "in_cordon": false, "dir_kind": ""}}, {"type": "Feature", "geometry": {"type": "LineString", "coordinates": [[141.358263, 43.048436], [141.358507, 43.048872]]}, "properties": {"code": "20", "kind": "車両通行帯", "shape": "2", "route": "", "crossing": "", "speed": "", "n_lanes": "3", "length": "", "in_cordon": false, "dir_kind": ""}}, {"type": "Feature", "geometry": {"type": "LineString", "coordinates": [[141.339069, 43.067994], [141.339044, 43.068341]]}, "properties": {"code": "20", "kind": "車両通行帯", "shape": "2", "route": "", "crossing": "", "speed": "", "n_lanes": "3", "length": "", "in_cordon": false, "dir_kind": ""}}, {"type": "Feature", "geometry": {"type": "LineString", "coordinates": [[141.34011, 43.068488], [141.339344, 43.068424]]}, "properties": {"code": "20", "kind": "車両通行帯", "shape": "2", "route": "", "crossing": "", "speed": "", "n_lanes": "3", "length": "", "in_cordon": false, "dir_kind": ""}}, {"type": "Feature", "geometry": {"type": "LineString", "coordinates": [[141.362401, 43.048991], [141.362284, 43.048678]]}, "properties": {"code": "20", "kind": "車両通行帯", "shape": "2", "route": "", "crossing": "", "speed": "", "n_lanes": "3", "length": "", "in_cordon": false, "dir_kind": ""}}, {"type": "Feature", "geometry": {"type": "LineString", "coordinates": [[141.35401, 43.059279], [141.35219, 43.066564]]}, "properties": {"code": "20", "kind": "車両通行帯", "shape": "2", "route": "", "crossing": "", "speed": "", "n_lanes": "4", "length": "", "in_cordon": true, "dir_kind": ""}}, {"type": "Feature", "geometry": {"type": "LineString", "coordinates": [[141.358567, 43.068939], [141.361592, 43.056982]]}, "properties": {"code": "20", "kind": "車両通行帯", "shape": "2", "route": "", "crossing": "", "speed": "", "n_lanes": "4", "length": "", "in_cordon": false, "dir_kind": ""}}, {"type": "Feature", "geometry": {"type": "LineString", "coordinates": [[141.360031, 43.056746], [141.356992, 43.06895]]}, "properties": {"code": "20", "kind": "車両通行帯", "shape": "2", "route": "", "crossing": "", "speed": "", "n_lanes": "4", "length": "", "in_cordon": true, "dir_kind": ""}}, {"type": "Feature", "geometry": {"type": "LineString", "coordinates": [[141.377671, 43.068254], [141.37726, 43.068137], [141.37611, 43.067804], [141.375635, 43.06772], [141.374985, 43.067629], [141.37356, 43.067437], [141.373485, 43.06742], [141.372297, 43.067254], [141.371735, 43.067187], [141.371597, 43.06717], [141.371311, 43.067129], [141.371047, 43.067087], [141.370986, 43.067079], [141.370147, 43.066945], [141.369711, 43.066904], [141.369397, 43.066862], [141.368347, 43.06672], [141.367686, 43.066629], [141.366661, 43.066487], [141.365522, 43.066328], [141.365286, 43.066295], [141.365186, 43.066278], [141.364497, 43.066187], [141.364411, 43.06617], [141.363922, 43.066112], [141.363297, 43.066028], [141.362886, 43.06597], [141.361697, 43.065812], [141.360973, 43.065712], [141.360223, 43.065612], [141.359448, 43.065495]]}, "properties": {"code": "20", "kind": "車両通行帯", "shape": "2", "route": "", "crossing": "", "speed": "", "n_lanes": "2", "length": "", "in_cordon": false, "dir_kind": ""}}, {"type": "Feature", "geometry": {"type": "LineString", "coordinates": [[141.354779, 43.056118], [141.354732, 43.05639], [141.354607, 43.056949], [141.354471, 43.057499], [141.354035, 43.059112]]}, "properties": {"code": "111", "kind": "専用通行帯（組合せ）", "shape": "2", "route": "", "crossing": "", "speed": "", "n_lanes": "", "length": "", "in_cordon": true, "dir_kind": ""}}, {"type": "Feature", "geometry": {"type": "LineString", "coordinates": [[141.342583, 43.048449], [141.342208, 43.051796], [141.341936, 43.054143], [141.341791, 43.055118], [141.341158, 43.057806], [141.340986, 43.058503], [141.340994, 43.058526]]}, "properties": {"code": "111", "kind": "専用通行帯（組合せ）", "shape": "2", "route": "", "crossing": "", "speed": "", "n_lanes": "", "length": "", "in_cordon": true, "dir_kind": ""}}, {"type": "Feature", "geometry": {"type": "LineString", "coordinates": [[141.37989, 43.065335], [141.379477, 43.06584], [141.378302, 43.065615], [141.376366, 43.065337], [141.374433, 43.065073], [141.370694, 43.064568], [141.366467, 43.063995], [141.361434, 43.063309], [141.357079, 43.062726], [141.355062, 43.062442], [141.353412, 43.062229]]}, "properties": {"code": "111", "kind": "専用通行帯（組合せ）", "shape": "2", "route": "", "crossing": "", "speed": "", "n_lanes": "", "length": "", "in_cordon": true, "dir_kind": ""}}, {"type": "Feature", "geometry": {"type": "LineString", "coordinates": [[141.364456, 43.055649], [141.363562, 43.056213], [141.363026, 43.056513], [141.36257, 43.056635], [141.361973, 43.056702], [141.361412, 43.056657], [141.356235, 43.055974]]}, "properties": {"code": "111", "kind": "専用通行帯（組合せ）", "shape": "2", "route": "", "crossing": "", "speed": "", "n_lanes": "", "length": "", "in_cordon": true, "dir_kind": ""}}, {"type": "Feature", "geometry": {"type": "LineString", "coordinates": [[141.355451, 43.068714], [141.355956, 43.0668], [141.356351, 43.065273], [141.356865, 43.06327], [141.356956, 43.062856]]}, "properties": {"code": "111", "kind": "専用通行帯（組合せ）", "shape": "2", "route": "", "crossing": "", "speed": "", "n_lanes": "", "length": "", "in_cordon": true, "dir_kind": ""}}, {"type": "Feature", "geometry": {"type": "LineString", "coordinates": [[141.35616, 43.055974], [141.355079, 43.055824]]}, "properties": {"code": "111", "kind": "専用通行帯（組合せ）", "shape": "2", "route": "", "crossing": "", "speed": "", "n_lanes": "", "length": "", "in_cordon": true, "dir_kind": ""}}, {"type": "Feature", "geometry": {"type": "LineString", "coordinates": [[141.326873, 43.05872], [141.332303, 43.059447], [141.338077, 43.06025], [141.340591, 43.060595]]}, "properties": {"code": "111", "kind": "専用通行帯（組合せ）", "shape": "2", "route": "", "crossing": "", "speed": "", "n_lanes": "", "length": "", "in_cordon": true, "dir_kind": ""}}, {"type": "Feature", "geometry": {"type": "LineString", "coordinates": [[141.34093, 43.060648], [141.348399, 43.061673], [141.351493, 43.062084]]}, "properties": {"code": "111", "kind": "専用通行帯（組合せ）", "shape": "2", "route": "", "crossing": "", "speed": "", "n_lanes": "", "length": "", "in_cordon": true, "dir_kind": ""}}, {"type": "Feature", "geometry": {"type": "LineString", "coordinates": [[141.353662, 43.067064], [141.356382, 43.056257]]}, "properties": {"code": "111", "kind": "専用通行帯（組合せ）", "shape": "2", "route": "", "crossing": "", "speed": "", "n_lanes": "", "length": "", "in_cordon": true, "dir_kind": ""}}, {"type": "Feature", "geometry": {"type": "LineString", "coordinates": [[141.353764, 43.07541], [141.355456, 43.068806]]}, "properties": {"code": "111", "kind": "専用通行帯（組合せ）", "shape": "2", "route": "", "crossing": "", "speed": "", "n_lanes": "", "length": "", "in_cordon": false, "dir_kind": ""}}, {"type": "Feature", "geometry": {"type": "LineString", "coordinates": [[141.346285, 43.018897], [141.346168, 43.019941], [141.346007, 43.021224], [141.345846, 43.02281], [141.345418, 43.026052], [141.344887, 43.030171], [141.344256, 43.03509], [141.343767, 43.039334], [141.343047, 43.044661], [141.342631, 43.048046], [141.342592, 43.048435]]}, "properties": {"code": "111", "kind": "専用通行帯（組合せ）", "shape": "2", "route": "", "crossing": "", "speed": "", "n_lanes": "", "length": "", "in_cordon": false, "dir_kind": ""}}, {"type": "Feature", "geometry": {"type": "LineString", "coordinates": [[141.399185, 43.025292], [141.398966, 43.025678], [141.398752, 43.026128], [141.398266, 43.027145], [141.397966, 43.027803], [141.397716, 43.028211], [141.397666, 43.028295], [141.397616, 43.028361], [141.397441, 43.028645], [141.397152, 43.029095], [141.397102, 43.029186], [141.396652, 43.029861], [141.396366, 43.030303], [141.396166, 43.030619], [141.395991, 43.030894], [141.395891, 43.031053], [141.395641, 43.031428], [141.395516, 43.031611], [141.395402, 43.031794], [141.394991, 43.032402], [141.394802, 43.032686], [141.394741, 43.032786], [141.394577, 43.033044], [141.394327, 43.033444], [141.394252, 43.033544], [141.393991, 43.033944], [141.393727, 43.034352], [141.393527, 43.034669], [141.393452, 43.034794], [141.393316, 43.03501], [141.393241, 43.035127], [141.392716, 43.035935], [141.392427, 43.036377], [141.392202, 43.036719], [141.391852, 43.037252], [141.391591, 43.037652], [141.391377, 43.037968], [141.391227, 43.03821], [141.390966, 43.038593], [141.390791, 43.038835], [141.390716, 43.038943], [141.390552, 43.039127], [141.390377, 43.039293], [141.390202, 43.039468], [141.390052, 43.03961], [141.389752, 43.03991], [141.389616, 43.040035], [141.389341, 43.040268], [141.389166, 43.040385], [141.388877, 43.040568], [141.388277, 43.040951], [141.387666, 43.041318], [141.387027, 43.04171], [141.386666, 43.041918], [141.385966, 43.042343], [141.384602, 43.043168], [141.384527, 43.043218], [141.383352, 43.043943], [141.383252, 43.044001], [141.382652, 43.044376], [141.382052, 43.044717], [141.380966, 43.045384], [141.380877, 43.045442], [141.380052, 43.045959], [141.379966, 43.046017], [141.379278, 43.046451], [141.378816, 43.046734], [141.378441, 43.046967], [141.377528, 43.047542], [141.377342, 43.047642], [141.377253, 43.047692], [141.376667, 43.04805], [141.376553, 43.048134], [141.376042, 43.048459], [141.375617, 43.048709], [141.375428, 43.048817], [141.375242, 43.048942], [141.374503, 43.0494], [141.373153, 43.050233], [141.372017, 43.05095], [141.371578, 43.051216], [141.371267, 43.051408], [141.371003, 43.051558], [141.369653, 43.052416], [141.369517, 43.0525], [141.368267, 43.053266], [141.367942, 43.053474], [141.367553, 43.053716], [141.366817, 43.054183], [141.366428, 43.054416], [141.366178, 43.054566], [141.364456, 43.055671]]}, "properties": {"code": "111", "kind": "専用通行帯（組合せ）", "shape": "2", "route": "", "crossing": "", "speed": "", "n_lanes": "", "length": "", "in_cordon": false, "dir_kind": ""}}, {"type": "Feature", "geometry": {"type": "LineString", "coordinates": [[141.353993, 43.059309], [141.352465, 43.065384]]}, "properties": {"code": "111", "kind": "専用通行帯", "shape": "2", "route": "", "crossing": "", "speed": "", "n_lanes": "", "length": "", "in_cordon": true, "dir_kind": ""}}, {"type": "Feature", "geometry": {"type": "LineString", "coordinates": [[141.324095, 43.06323], [141.331597, 43.06423], [141.336241, 43.064878], [141.341602, 43.065589], [141.348768, 43.066583]]}, "properties": {"code": "24", "kind": "路線バス等優先通行帯（組合せ）", "shape": "2", "route": "", "crossing": "", "speed": "", "n_lanes": "", "length": "", "in_cordon": true, "dir_kind": ""}}, {"type": "Feature", "geometry": {"type": "LineString", "coordinates": [[141.377632, 43.068198], [141.37726, 43.068101], [141.376227, 43.067793], [141.375641, 43.067695], [141.374985, 43.067604], [141.37356, 43.067437], [141.373485, 43.06742], [141.372297, 43.067254], [141.371735, 43.067187], [141.371597, 43.06717], [141.371311, 43.067129], [141.371047, 43.067087], [141.370986, 43.067079], [141.370147, 43.066945], [141.369711, 43.066904], [141.369397, 43.066862], [141.368347, 43.06672], [141.367686, 43.066629], [141.366661, 43.066487], [141.365522, 43.066328], [141.365286, 43.066295], [141.365186, 43.066278], [141.364561, 43.066167], [141.364408, 43.066128], [141.363936, 43.06607], [141.363325, 43.065984], [141.362914, 43.06594], [141.361706, 43.06577], [141.360995, 43.06567], [141.360239, 43.065565], [141.359581, 43.065484]]}, "properties": {"code": "24", "kind": "路線バス等優先通行帯", "shape": "2", "route": "", "crossing": "", "speed": "", "n_lanes": "", "length": "", "in_cordon": false, "dir_kind": ""}}, {"type": "Feature", "geometry": {"type": "LineString", "coordinates": [[141.360173, 43.052921], [141.360062, 43.05273], [141.359737, 43.051763], [141.359049, 43.049938], [141.359024, 43.04988], [141.358888, 43.049547], [141.358574, 43.048964]]}, "properties": {"code": "112", "kind": "最高速度（５０Ｋ）", "shape": "2", "route": "", "crossing": "", "speed": "50", "n_lanes": "", "length": "400", "in_cordon": true, "dir_kind": ""}}, {"type": "Feature", "geometry": {"type": "LineString", "coordinates": [[141.339199, 43.067861], [141.339213, 43.067619], [141.339224, 43.067377], [141.339263, 43.066994], [141.339388, 43.066419], [141.339524, 43.065853], [141.339613, 43.065403], [141.339599, 43.065269], [141.339749, 43.064703], [141.339874, 43.064186], [141.339924, 43.064003], [141.340149, 43.063028], [141.340188, 43.062886], [141.340499, 43.061711], [141.340638, 43.061136], [141.340774, 43.060553]]}, "properties": {"code": "112", "kind": "最高速度（５０Ｋ）", "shape": "2", "route": "", "crossing": "", "speed": "50", "n_lanes": "", "length": "750", "in_cordon": true, "dir_kind": ""}}, {"type": "Feature", "geometry": {"type": "LineString", "coordinates": [[141.351712, 43.062034], [141.340783, 43.060559], [141.341088, 43.059342], [141.341108, 43.058681], [141.341908, 43.055207], [141.342283, 43.052388], [141.3424, 43.050977], [141.342672, 43.048477]]}, "properties": {"code": "112", "kind": "最高速度（５０Ｋ）", "shape": "2", "route": "", "crossing": "", "speed": "50", "n_lanes": "", "length": "2300", "in_cordon": true, "dir_kind": ""}}, {"type": "Feature", "geometry": {"type": "LineString", "coordinates": [[141.358437, 43.055055], [141.358437, 43.055221], [141.358223, 43.056096], [141.358112, 43.056488], [141.358023, 43.056846], [141.357937, 43.057171], [141.357848, 43.057479], [141.357587, 43.058546], [141.356587, 43.062562], [141.356573, 43.062587], [141.356537, 43.062737], [141.356448, 43.063087], [141.356298, 43.063745], [141.356262, 43.06397], [141.356037, 43.064828], [141.355898, 43.06502]]}, "properties": {"code": "112", "kind": "最高速度（５０Ｋ）", "shape": "2", "route": "", "crossing": "", "speed": "50", "n_lanes": "", "length": "1090", "in_cordon": true, "dir_kind": ""}}, {"type": "Feature", "geometry": {"type": "LineString", "coordinates": [[141.356298, 43.06507], [141.356287, 43.064853], [141.356387, 43.064512], [141.356512, 43.064012], [141.356548, 43.063803], [141.356573, 43.063695], [141.356648, 43.063395], [141.356798, 43.06277], [141.356848, 43.06262], [141.357173, 43.061304], [141.357873, 43.058504], [141.358098, 43.057529], [141.358187, 43.057213], [141.358237, 43.057004], [141.358373, 43.056504], [141.358412, 43.056379], [141.358487, 43.056129], [141.358698, 43.055338], [141.358723, 43.055271], [141.358823, 43.055113]]}, "properties": {"code": "112", "kind": "最高速度（５０Ｋ）", "shape": "2", "route": "", "crossing": "", "speed": "50", "n_lanes": "", "length": "1097", "in_cordon": true, "dir_kind": ""}}, {"type": "Feature", "geometry": {"type": "LineString", "coordinates": [[141.358712, 43.053921], [141.358437, 43.055055], [141.358348, 43.055179], [141.358073, 43.056229], [141.358037, 43.056388], [141.357798, 43.057354], [141.357662, 43.057912], [141.357637, 43.057979], [141.357573, 43.058212], [141.357498, 43.058496], [141.357248, 43.059521], [141.357212, 43.059637], [141.357187, 43.059737], [141.356973, 43.06067], [141.356937, 43.060804], [141.356887, 43.060954], [141.356723, 43.061529], [141.356562, 43.06227], [141.356437, 43.062704], [141.356162, 43.063837], [141.355937, 43.064762], [141.355898, 43.06502], [141.355573, 43.066228], [141.355298, 43.067386], [141.354973, 43.068661]]}, "properties": {"code": "112", "kind": "最高速度（５０Ｋ）", "shape": "2", "route": "", "crossing": "", "speed": "50", "n_lanes": "", "length": "1650", "in_cordon": true, "dir_kind": ""}}, {"type": "Feature", "geometry": {"type": "LineString", "coordinates": [[141.355412, 43.068495], [141.355698, 43.067436], [141.355987, 43.066278], [141.356198, 43.065478], [141.356298, 43.06507], [141.356398, 43.064912], [141.356648, 43.063903], [141.356762, 43.063362], [141.356923, 43.06277], [141.357137, 43.061887], [141.357187, 43.061687], [141.357212, 43.061587], [141.357312, 43.061087], [141.357387, 43.060854], [141.357648, 43.059821], [141.357673, 43.059704], [141.357698, 43.059604], [141.357962, 43.058562], [141.358023, 43.058337], [141.358248, 43.057404], [141.358498, 43.056454], [141.358548, 43.056288], [141.358812, 43.055329], [141.358823, 43.055113], [141.359098, 43.053963]]}, "properties": {"code": "112", "kind": "最高速度（５０Ｋ）", "shape": "2", "route": "", "crossing": "", "speed": "50", "n_lanes": "", "length": "1650", "in_cordon": true, "dir_kind": ""}}, {"type": "Feature", "geometry": {"type": "LineString", "coordinates": [[141.351712, 43.062034], [141.379582, 43.065909], [141.380027, 43.06531]]}, "properties": {"code": "112", "kind": "最高速度（５０Ｋ）", "shape": "2", "route": "", "crossing": "", "speed": "50", "n_lanes": "", "length": "2390", "in_cordon": true, "dir_kind": ""}}, {"type": "Feature", "geometry": {"type": "LineString", "coordinates": [[141.353288, 43.055746], [141.353388, 43.055763], [141.354874, 43.055963], [141.356462, 43.056179], [141.357287, 43.056296], [141.358037, 43.056388], [141.358498, 43.056454], [141.359312, 43.056571], [141.360062, 43.056671], [141.360848, 43.056779], [141.361612, 43.056879], [141.361998, 43.056888], [141.362412, 43.056838], [141.362673, 43.056788], [141.362937, 43.056696], [141.363137, 43.056613], [141.363598, 43.056346], [141.363673, 43.056305], [141.364323, 43.055818]]}, "properties": {"code": "112", "kind": "最高速度（５０Ｋ）", "shape": "2", "route": "", "crossing": "", "speed": "50", "n_lanes": "", "length": "988", "in_cordon": true, "dir_kind": ""}}, {"type": "Feature", "geometry": {"type": "LineString", "coordinates": [[141.353229, 43.055599], [141.351779, 43.055438], [141.350416, 43.055246], [141.349566, 43.055143], [141.348982, 43.055071], [141.348355, 43.054999], [141.347069, 43.054815], [141.345519, 43.054615], [141.344319, 43.054537], [141.342972, 43.054437], [141.342361, 43.054393]]}, "properties": {"code": "112", "kind": "最高速度（５０Ｋ）", "shape": "2", "route": "", "crossing": "", "speed": "50", "n_lanes": "", "length": "900", "in_cordon": true, "dir_kind": ""}}, {"type": "Feature", "geometry": {"type": "LineString", "coordinates": [[141.356937, 43.060804], [141.356762, 43.060779], [141.356162, 43.060695], [141.355337, 43.060587], [141.355262, 43.06057], [141.355037, 43.060545], [141.354287, 43.060445], [141.353998, 43.060404], [141.353748, 43.06037], [141.352274, 43.060162], [141.352124, 43.060137], [141.350613, 43.059945], [141.349063, 43.059737], [141.347513, 43.059529], [141.345949, 43.059304], [141.344374, 43.059095], [141.342824, 43.058887], [141.341225, 43.05867], [141.341013, 43.058637], [141.3397, 43.058462], [141.33815, 43.058253], [141.336575, 43.058037], [141.335025, 43.057845], [141.333475, 43.057628], [141.332614, 43.057512], [141.331914, 43.05742], [141.330351, 43.05722], [141.32879, 43.056995], [141.327226, 43.056795]]}, "properties": {"code": "112", "kind": "最高速度（５０Ｋ）", "shape": "2", "route": "", "crossing": "", "speed": "50", "n_lanes": "", "length": "2440", "in_cordon": true, "dir_kind": ""}}, {"type": "Feature", "geometry": {"type": "LineString", "coordinates": [[141.328615, 43.05772], [141.330164, 43.057928], [141.331725, 43.058153], [141.333289, 43.058353], [141.334839, 43.05857], [141.336389, 43.058787], [141.337964, 43.058978], [141.339525, 43.059195], [141.340963, 43.059378], [141.341188, 43.059403], [141.342649, 43.059603], [141.344199, 43.059812], [141.345763, 43.060028], [141.347338, 43.060245], [141.348888, 43.060462], [141.350449, 43.060662], [141.351937, 43.06087], [141.352074, 43.060895], [141.353573, 43.061087], [141.353648, 43.061095], [141.354687, 43.061237], [141.355073, 43.061287], [141.355148, 43.061304], [141.356723, 43.061529], [141.357212, 43.061587]]}, "properties": {"code": "112", "kind": "最高速度（５０Ｋ）", "shape": "2", "route": "", "crossing": "", "speed": "50", "n_lanes": "", "length": "2300", "in_cordon": true, "dir_kind": ""}}, {"type": "Feature", "geometry": {"type": "LineString", "coordinates": [[141.351198, 43.064387], [141.351937, 43.064478], [141.352687, 43.064587], [141.353462, 43.064695], [141.354273, 43.064803], [141.355073, 43.064912], [141.355898, 43.06502], [141.356298, 43.06507], [141.357887, 43.065295], [141.358648, 43.065395], [141.359448, 43.065495], [141.360223, 43.065612], [141.360973, 43.065712], [141.361697, 43.065812], [141.362886, 43.06597], [141.363297, 43.066028], [141.363922, 43.066112], [141.364411, 43.06617], [141.364497, 43.066187], [141.365186, 43.066278], [141.365286, 43.066295], [141.365522, 43.066328], [141.366661, 43.066487], [141.367686, 43.066629], [141.368347, 43.06672], [141.369397, 43.066862], [141.369711, 43.066904], [141.370147, 43.066945], [141.370986, 43.067079], [141.371047, 43.067087], [141.371311, 43.067129], [141.371597, 43.06717], [141.371735, 43.067187], [141.372297, 43.067254], [141.373485, 43.06742], [141.37356, 43.067437], [141.374985, 43.067629], [141.375635, 43.06772], [141.37611, 43.067804], [141.37726, 43.068137], [141.377671, 43.068254], [141.377796, 43.068287], [141.378171, 43.068387], [141.379485, 43.068762], [141.379921, 43.068862], [141.380471, 43.068929], [141.380896, 43.068962]]}, "properties": {"code": "112", "kind": "最高速度（５０Ｋ）", "shape": "2", "route": "", "crossing": "", "speed": "50", "n_lanes": "", "length": "2550", "in_cordon": true, "dir_kind": ""}}, {"type": "Feature", "geometry": {"type": "LineString", "coordinates": [[141.355788, 43.052338], [141.355024, 43.052238], [141.354224, 43.05213], [141.352663, 43.051905], [141.351049, 43.051688], [141.350138, 43.051571], [141.349513, 43.051488], [141.347963, 43.05128], [141.3464, 43.051046]]}, "properties": {"code": "112", "kind": "最高速度（５０Ｋ）", "shape": "2", "route": "", "crossing": "", "speed": "50", "n_lanes": "", "length": "800", "in_cordon": true, "dir_kind": ""}}, {"type": "Feature", "geometry": {"type": "LineString", "coordinates": [[141.360687, 43.05418], [141.359912, 43.05408], [141.359098, 43.053963], [141.358712, 43.053921], [141.357898, 43.053813], [141.357087, 43.053705], [141.355499, 43.05348], [141.353949, 43.053271], [141.352374, 43.053055], [141.350799, 43.052846], [141.349238, 43.052638], [141.347649, 43.052404], [141.3461, 43.052188], [141.345588, 43.052113], [141.343914, 43.051954], [141.343789, 43.051946], [141.342664, 43.051838], [141.342489, 43.051821]]}, "properties": {"code": "112", "kind": "最高速度（５０Ｋ）", "shape": "2", "route": "", "crossing": "", "speed": "50", "n_lanes": "", "length": "1400", "in_cordon": true, "dir_kind": ""}}, {"type": "Feature", "geometry": {"type": "LineString", "coordinates": [[141.365261, 43.058396], [141.364473, 43.058263], [141.363723, 43.058163], [141.362937, 43.058063], [141.362162, 43.057954], [141.361362, 43.057838], [141.360623, 43.057729], [141.359823, 43.057621], [141.359073, 43.057521], [141.358248, 43.057404], [141.357798, 43.057354], [141.357037, 43.057254], [141.356248, 43.057138], [141.354674, 43.056921], [141.353163, 43.056721], [141.352988, 43.056696], [141.351524, 43.056504], [141.349924, 43.056279], [141.348363, 43.056062], [141.347599, 43.055954], [141.346813, 43.055854], [141.345263, 43.055646], [141.343975, 43.055471], [141.343713, 43.055437], [141.34205, 43.055204], [141.341825, 43.055179], [141.340575, 43.055004], [141.339825, 43.054904], [141.339014, 43.054787], [141.338664, 43.054745], [141.338389, 43.054712], [141.337475, 43.054595], [141.33705, 43.054537], [141.336389, 43.054487], [141.336264, 43.054479], [141.3347, 43.05437], [141.3343, 43.054337], [141.333001, 43.054245], [141.332651, 43.05422], [141.331226, 43.054129], [141.33064, 43.054087], [141.32964, 43.05402], [141.32959, 43.05402], [141.329215, 43.053987], [141.328415, 43.053929], [141.327876, 43.053904]]}, "properties": {"code": "112", "kind": "最高速度（５０Ｋ）", "shape": "2", "route": "", "crossing": "", "speed": "50", "n_lanes": "", "length": "3200", "in_cordon": true, "dir_kind": ""}}, {"type": "Feature", "geometry": {"type": "LineString", "coordinates": [[141.365736, 43.059621], [141.364986, 43.059521], [141.364198, 43.059413], [141.363448, 43.059304], [141.362648, 43.059204], [141.361887, 43.059096], [141.361098, 43.058987], [141.360312, 43.058879], [141.359537, 43.058762], [141.358773, 43.058662], [141.357962, 43.058562], [141.357498, 43.058496], [141.356737, 43.058387], [141.355948, 43.058287], [141.354362, 43.058071], [141.352849, 43.057871], [141.352699, 43.057846], [141.351238, 43.057646], [141.349649, 43.057437], [141.348088, 43.057212], [141.346524, 43.056996], [141.344963, 43.056779], [141.343438, 43.05657], [141.341775, 43.056345], [141.341575, 43.056329], [141.340289, 43.056154], [141.338714, 43.055937], [141.338225, 43.05587], [141.337175, 43.055729], [141.336114, 43.055595]]}, "properties": {"code": "112", "kind": "最高速度（５０Ｋ）", "shape": "2", "route": "", "crossing": "", "speed": "50", "n_lanes": "", "length": "2500", "in_cordon": true, "dir_kind": ""}}, {"type": "Feature", "geometry": {"type": "LineString", "coordinates": [[141.367147, 43.060996], [141.366261, 43.060879], [141.365472, 43.060762], [141.364698, 43.060671], [141.363923, 43.060562], [141.363148, 43.060454], [141.362362, 43.060346], [141.361587, 43.060237], [141.360798, 43.060129], [141.360023, 43.060021], [141.359237, 43.059921], [141.358448, 43.059812], [141.357673, 43.059704], [141.357212, 43.059637], [141.356473, 43.059537], [141.355648, 43.059429], [141.354048, 43.059204], [141.352562, 43.058996]]}, "properties": {"code": "112", "kind": "最高速度（５０Ｋ）", "shape": "2", "route": "", "crossing": "", "speed": "50", "n_lanes": "", "length": "1200", "in_cordon": true, "dir_kind": ""}}, {"type": "Feature", "geometry": {"type": "LineString", "coordinates": [[141.335314, 43.056653], [141.333764, 43.056462], [141.332914, 43.056337], [141.3323, 43.056253], [141.332214, 43.056245], [141.332089, 43.056228], [141.330651, 43.056037], [141.330165, 43.055953], [141.32909, 43.055812], [141.328876, 43.055787], [141.328751, 43.055778], [141.328001, 43.05567], [141.327526, 43.05562]]}, "properties": {"code": "112", "kind": "最高速度（５０Ｋ）", "shape": "2", "route": "", "crossing": "", "speed": "50", "n_lanes": "", "length": "650", "in_cordon": false, "dir_kind": ""}}, {"type": "Feature", "geometry": {"type": "LineString", "coordinates": [[141.334264, 43.060861], [141.335814, 43.06107], [141.337375, 43.061286], [141.338963, 43.061486], [141.340499, 43.061711], [141.341263, 43.061811], [141.341974, 43.061903], [141.342063, 43.061911], [141.342124, 43.061928], [141.345288, 43.062362], [141.346738, 43.062562], [141.348313, 43.062778], [141.349862, 43.062978], [141.351337, 43.063178], [141.351498, 43.063203], [141.352248, 43.063312], [141.352998, 43.063412], [141.353762, 43.06352], [141.354573, 43.06362], [141.356162, 43.063837], [141.356648, 43.063903], [141.357437, 43.064012], [141.358198, 43.064112], [141.358962, 43.06422], [141.359737, 43.064329], [141.360523, 43.064429], [141.361298, 43.064545], [141.361498, 43.06457], [141.364197, 43.064929], [141.364472, 43.06497], [141.364622, 43.064987], [141.365472, 43.065104], [141.365922, 43.06517], [141.366497, 43.065245], [141.366997, 43.065312], [141.367986, 43.065445], [141.368661, 43.065537], [141.369422, 43.065637], [141.369736, 43.065679], [141.370036, 43.065729], [141.371136, 43.06587], [141.371261, 43.065887], [141.371311, 43.065895], [141.371811, 43.065962], [141.371897, 43.06597], [141.372572, 43.06607], [141.37311, 43.066137], [141.373871, 43.066237], [141.375296, 43.066429], [141.37551, 43.066462], [141.375946, 43.06652], [141.377921, 43.066787], [141.378671, 43.066904], [141.378796, 43.066945], [141.379946, 43.067487], [141.380432, 43.067684], [141.380601, 43.067837], [141.380771, 43.067982], [141.380907, 43.068179], [141.380946, 43.06827], [141.381004, 43.068418], [141.381062, 43.068551], [141.381074, 43.068709], [141.38106, 43.068884], [141.381065, 43.069101]]}, "properties": {"code": "112", "kind": "最高速度（５０Ｋ）", "shape": "2", "route": "", "crossing": "", "speed": "50", "n_lanes": "", "length": "4000", "in_cordon": true, "dir_kind": ""}}, {"type": "Feature", "geometry": {"type": "LineString", "coordinates": [[141.340188, 43.062886], [141.339938, 43.062895], [141.338638, 43.062728], [141.337064, 43.062511], [141.335514, 43.062294], [141.334075, 43.062111], [141.333964, 43.062044], [141.332414, 43.061819], [141.331664, 43.061728], [141.33085, 43.061619], [141.329289, 43.061411], [141.327739, 43.061194], [141.327425, 43.061153], [141.326164, 43.060978], [141.324615, 43.060769]]}, "properties": {"code": "112", "kind": "最高速度（５０Ｋ）", "shape": "2", "route": "", "crossing": "", "speed": "50", "n_lanes": "", "length": "1260", "in_cordon": true, "dir_kind": ""}}, {"type": "Feature", "geometry": {"type": "LineString", "coordinates": [[141.363137, 43.056613], [141.363223, 43.056804], [141.363223, 43.056879], [141.362937, 43.058063], [141.362648, 43.059204], [141.362362, 43.060346], [141.362062, 43.061479], [141.362023, 43.061654], [141.361787, 43.062537], [141.361587, 43.063387]]}, "properties": {"code": "112", "kind": "最高速度（５０Ｋ）", "shape": "2", "route": "", "crossing": "", "speed": "50", "n_lanes": "", "length": "750", "in_cordon": false, "dir_kind": ""}}, {"type": "Feature", "geometry": {"type": "LineString", "coordinates": [[141.3464, 43.051046], [141.34625, 43.051629], [141.3461, 43.052188], [141.34595, 43.052779], [141.345888, 43.053021], [141.345838, 43.053271], [141.345813, 43.053363], [141.345749, 43.053646], [141.345688, 43.053921], [141.345638, 43.054129], [141.345538, 43.054521], [141.345488, 43.054712], [141.345399, 43.055071], [141.345263, 43.055646], [141.345113, 43.056204], [141.344963, 43.056779], [141.344824, 43.057362], [141.344674, 43.057945], [141.344538, 43.058504], [141.344374, 43.059095]]}, "properties": {"code": "112", "kind": "最高速度（５０Ｋ）", "shape": "2", "route": "", "crossing": "", "speed": "50", "n_lanes": "", "length": "900", "in_cordon": true, "dir_kind": ""}}, {"type": "Feature", "geometry": {"type": "LineString", "coordinates": [[141.340575, 43.055004], [141.340439, 43.055579], [141.340289, 43.056154], [141.34015, 43.056729], [141.34, 43.057295], [141.33985, 43.05787], [141.3397, 43.058462], [141.339525, 43.059195], [141.339238, 43.060353], [141.338963, 43.061486], [141.3388, 43.06207], [141.338663, 43.062603], [141.338638, 43.062728], [141.338488, 43.063278], [141.338363, 43.063794]]}, "properties": {"code": "112", "kind": "最高速度（５０Ｋ）", "shape": "2", "route": "", "crossing": "", "speed": "50", "n_lanes": "", "length": "1000", "in_cordon": false, "dir_kind": ""}}, {"type": "Feature", "geometry": {"type": "LineString", "coordinates": [[141.339014, 43.054787], [141.338875, 43.055362], [141.338714, 43.055937], [141.338575, 43.056512], [141.338425, 43.057095], [141.3383, 43.057653], [141.33815, 43.058253], [141.337964, 43.058978], [141.337664, 43.060145], [141.337375, 43.061286], [141.337239, 43.061853], [141.3371, 43.062395], [141.337064, 43.062511], [141.336925, 43.063069], [141.336788, 43.063578], [141.33675, 43.063753], [141.336625, 43.064278], [141.336475, 43.064844], [141.336338, 43.065411], [141.336199, 43.065986], [141.336049, 43.066561], [141.335913, 43.067102], [141.335774, 43.067702], [141.335688, 43.067927], [141.335424, 43.06826], [141.334438, 43.069394], [141.334313, 43.069544], [141.334263, 43.069627], [141.334188, 43.069844], [141.334124, 43.069969], [141.334099, 43.070027], [141.333988, 43.070177], [141.333188, 43.070935], [141.333049, 43.071027], [141.331488, 43.071718], [141.330638, 43.072101], [141.33015, 43.07231], [141.329613, 43.072551], [141.3284, 43.073068], [141.3283, 43.073118], [141.327689, 43.073393], [141.327625, 43.073426], [141.32415, 43.074959], [141.324064, 43.074993], [141.323989, 43.075026], [141.322889, 43.075509], [141.322525, 43.075617], [141.321639, 43.075859], [141.3214, 43.075917], [141.3212, 43.075967], [141.319875, 43.076326]]}, "properties": {"code": "112", "kind": "最高速度（５０Ｋ）", "shape": "2", "route": "", "crossing": "", "speed": "50", "n_lanes": "", "length": "3150", "in_cordon": false, "dir_kind": ""}}, {"type": "Feature", "geometry": {"type": "LineString", "coordinates": [[141.331988, 43.069835], [141.332213, 43.068977], [141.3325, 43.067844], [141.332789, 43.066702], [141.332939, 43.066144], [141.333075, 43.065569], [141.3332, 43.065077], [141.333225, 43.065002], [141.333364, 43.064419], [141.333514, 43.063844], [141.33365, 43.063328], [141.333689, 43.063161], [141.333825, 43.062636], [141.333964, 43.062044], [141.334139, 43.061411], [141.334264, 43.060861], [141.33455, 43.05972], [141.334689, 43.059145], [141.334839, 43.05857], [141.334939, 43.058187], [141.335025, 43.057845], [141.335175, 43.057237], [141.335314, 43.056653]]}, "properties": {"code": "112", "kind": "最高速度（５０Ｋ）", "shape": "2", "route": "", "crossing": "", "speed": "50", "n_lanes": "", "length": "1450", "in_cordon": false, "dir_kind": ""}}, {"type": "Feature", "geometry": {"type": "LineString", "coordinates": [[141.360336, 43.068095], [141.358836, 43.06787], [141.358062, 43.06777], [141.357273, 43.067661], [141.355698, 43.067436], [141.355298, 43.067386], [141.353673, 43.067186], [141.352098, 43.066986], [141.350787, 43.066811], [141.350523, 43.06677], [141.350212, 43.066728], [141.349373, 43.066611], [141.348962, 43.066561], [141.347399, 43.066328], [141.345824, 43.066128], [141.344388, 43.065911], [141.342613, 43.065678], [141.342224, 43.065628], [141.341663, 43.065544], [141.339599, 43.065269], [141.338038, 43.065061], [141.336475, 43.064844], [141.3357, 43.064753], [141.334914, 43.064644], [141.334139, 43.064528], [141.333364, 43.064419], [141.332589, 43.064311], [141.331814, 43.064211], [141.330239, 43.063994], [141.329464, 43.063886], [141.328689, 43.063777], [141.3281, 43.063702], [141.327889, 43.063669], [141.327139, 43.063561], [141.325575, 43.063361], [141.324489, 43.063202], [141.324001, 43.063144], [141.32364, 43.063094], [141.322851, 43.062994], [141.322115, 43.062894], [141.32154, 43.062819]]}, "properties": {"code": "112", "kind": "最高速度（５０Ｋ）", "shape": "2", "route": "", "crossing": "", "speed": "50", "n_lanes": "", "length": "3200", "in_cordon": true, "dir_kind": ""}}, {"type": "Feature", "geometry": {"type": "LineString", "coordinates": [[141.335913, 43.067102], [141.335738, 43.067102], [141.334338, 43.066919], [141.333564, 43.066819], [141.332789, 43.066702], [141.332014, 43.066602], [141.33125, 43.066494], [141.33045, 43.066385], [141.329675, 43.066285], [141.328875, 43.066177], [141.328125, 43.066069], [141.327575, 43.066002], [141.326564, 43.06586], [141.325, 43.065644], [141.323439, 43.065435], [141.322764, 43.065344], [141.322139, 43.06526], [141.321751, 43.065202], [141.321001, 43.065094]]}, "properties": {"code": "112", "kind": "最高速度（５０Ｋ）", "shape": "2", "route": "", "crossing": "", "speed": "50", "n_lanes": "", "length": "1200", "in_cordon": false, "dir_kind": ""}}, {"type": "Feature", "geometry": {"type": "LineString", "coordinates": [[141.348637, 43.067803], [141.348698, 43.067553], [141.348962, 43.066561], [141.349112, 43.065978], [141.349262, 43.065361], [141.349574, 43.064153], [141.349862, 43.062978], [141.350138, 43.061895], [141.350163, 43.06177], [141.350449, 43.060662], [141.350613, 43.059945], [141.350774, 43.059354], [141.350924, 43.058779], [141.351088, 43.058212], [141.351238, 43.057646], [141.351388, 43.057054], [141.351524, 43.056504], [141.351674, 43.055904], [141.351763, 43.055546]]}, "properties": {"code": "112", "kind": "最高速度（５０Ｋ）", "shape": "2", "route": "", "crossing": "", "speed": "50", "n_lanes": "", "length": "1400", "in_cordon": true, "dir_kind": ""}}, {"type": "Feature", "geometry": {"type": "LineString", "coordinates": [[141.347087, 43.067519], [141.347399, 43.066328], [141.347549, 43.065761], [141.347688, 43.065153]]}, "properties": {"code": "112", "kind": "最高速度（５０Ｋ）", "shape": "2", "route": "", "crossing": "", "speed": "50", "n_lanes": "", "length": "250", "in_cordon": true, "dir_kind": ""}}, {"type": "Feature", "geometry": {"type": "LineString", "coordinates": [[141.361962, 43.05553], [141.361187, 43.055421], [141.360387, 43.055313], [141.359623, 43.055213], [141.358823, 43.055113], [141.358712, 43.055096], [141.358523, 43.055063], [141.358437, 43.055055], [141.357987, 43.054996], [141.357623, 43.054946], [141.356812, 43.054846], [141.355174, 43.054621], [141.353649, 43.054413], [141.352699, 43.054288], [141.352063, 43.054204], [141.350499, 43.053996], [141.348924, 43.053771], [141.347388, 43.053563], [141.345813, 43.053363]]}, "properties": {"code": "112", "kind": "最高速度（５０Ｋ）", "shape": "2", "route": "", "crossing": "", "speed": "50", "n_lanes": "", "length": "1300", "in_cordon": true, "dir_kind": ""}}, {"type": "Feature", "geometry": {"type": "LineString", "coordinates": [[141.335424, 43.06826], [141.335149, 43.06821], [141.334738, 43.068152], [141.33405, 43.068052], [141.333263, 43.067952], [141.3325, 43.067844], [141.331714, 43.067744], [141.330925, 43.067635], [141.330164, 43.067535], [141.3294, 43.067427], [141.328589, 43.06731], [141.327825, 43.067202], [141.326275, 43.067002], [141.3247, 43.066777], [141.323314, 43.06661], [141.32315, 43.066568]]}, "properties": {"code": "112", "kind": "最高速度（５０Ｋ）", "shape": "2", "route": "", "crossing": "", "speed": "50", "n_lanes": "", "length": "1000", "in_cordon": false, "dir_kind": ""}}, {"type": "Feature", "geometry": {"type": "LineString", "coordinates": [[141.356682, 43.048763], [141.356474, 43.049563], [141.356324, 43.050105], [141.356163, 43.050713], [141.356124, 43.050913], [141.356063, 43.05113], [141.355788, 43.052338], [141.355649, 43.052905], [141.355499, 43.05348], [141.355338, 43.054071], [141.355174, 43.054621], [141.355038, 43.055163], [141.354912, 43.055788], [141.354874, 43.055963], [141.354799, 43.056363], [141.354674, 43.056921], [141.354537, 43.057471], [141.354362, 43.058071], [141.354237, 43.058612], [141.354048, 43.059204], [141.353898, 43.05977], [141.353748, 43.06037], [141.353573, 43.061087], [141.353273, 43.06227], [141.353137, 43.062837], [141.352998, 43.063412], [141.352687, 43.064587], [141.352548, 43.065178], [141.352387, 43.065786], [141.352237, 43.066395], [141.352098, 43.066986]]}, "properties": {"code": "112", "kind": "最高速度（５０Ｋ）", "shape": "2", "route": "", "crossing": "", "speed": "50", "n_lanes": "", "length": "2000", "in_cordon": true, "dir_kind": ""}}, {"type": "Feature", "geometry": {"type": "LineString", "coordinates": [[141.347963, 43.05128], [141.347799, 43.051846], [141.347649, 43.052404], [141.347524, 43.052996], [141.347388, 43.053563], [141.347249, 43.054138], [141.347088, 43.054721], [141.347038, 43.054912], [141.346938, 43.055279], [141.346813, 43.055854], [141.346674, 43.056421], [141.346524, 43.056996], [141.346374, 43.057579], [141.346249, 43.058145], [141.346088, 43.05872], [141.345949, 43.059304], [141.345763, 43.060028], [141.345613, 43.060653], [141.345513, 43.061012], [141.345513, 43.061212], [141.345488, 43.06142], [141.345399, 43.061845], [141.345288, 43.062362]]}, "properties": {"code": "112", "kind": "最高速度（５０Ｋ）", "shape": "2", "route": "", "crossing": "", "speed": "50", "n_lanes": "", "length": "1250", "in_cordon": true, "dir_kind": ""}}, {"type": "Feature", "geometry": {"type": "LineString", "coordinates": [[141.336889, 43.056879], [141.336739, 43.057445], [141.336575, 43.058037], [141.336489, 43.058395], [141.336389, 43.058787], [141.3361, 43.059928], [141.335814, 43.06107], [141.335675, 43.061628], [141.335539, 43.062178], [141.335514, 43.062294], [141.33525, 43.063378]]}, "properties": {"code": "112", "kind": "最高速度（５０Ｋ）", "shape": "2", "route": "", "crossing": "", "speed": "50", "n_lanes": "", "length": "750", "in_cordon": false, "dir_kind": ""}}, {"type": "Feature", "geometry": {"type": "LineString", "coordinates": [[141.340713, 43.060564], [141.326715, 43.058645]]}, "properties": {"code": "112", "kind": "最高速度（５０Ｋ）", "shape": "2", "route": "", "crossing": "", "speed": "50", "n_lanes": "", "length": "1100", "in_cordon": true, "dir_kind": ""}}, {"type": "Feature", "geometry": {"type": "LineString", "coordinates": [[141.348599, 43.055129], [141.348499, 43.055504], [141.348363, 43.056062], [141.348224, 43.056612], [141.348088, 43.057212], [141.347938, 43.057787], [141.347799, 43.058362], [141.347663, 43.058937], [141.347513, 43.059529], [141.347338, 43.060245], [141.347049, 43.061337], [141.347024, 43.061462], [141.346863, 43.062045], [141.346738, 43.062562], [141.346424, 43.063753], [141.346274, 43.064345], [141.346124, 43.064945], [141.345974, 43.065545], [141.345824, 43.066128], [141.345549, 43.067244]]}, "properties": {"code": "112", "kind": "最高速度（５０Ｋ）", "shape": "2", "route": "", "crossing": "", "speed": "50", "n_lanes": "", "length": "1350", "in_cordon": true, "dir_kind": ""}}, {"type": "Feature", "geometry": {"type": "LineString", "coordinates": [[141.379246, 43.075011], [141.378821, 43.074778], [141.378085, 43.074395], [141.37796, 43.07432], [141.377371, 43.074003], [141.377196, 43.073945], [141.37691, 43.073895], [141.376646, 43.073853], [141.375971, 43.073761], [141.375535, 43.073703], [141.37531, 43.07367], [141.375196, 43.073661], [141.37506, 43.073636], [141.37476, 43.073595], [141.374521, 43.07357], [141.37401, 43.073495], [141.37376, 43.073461], [141.373685, 43.073453], [141.373435, 43.07342], [141.37286, 43.073345], [141.37271, 43.07332], [141.372071, 43.073236], [141.37131, 43.073128], [141.370446, 43.073011], [141.370385, 43.073003], [141.369035, 43.07282], [141.36796, 43.072678], [141.36741, 43.072603], [141.367261, 43.072586], [141.366747, 43.072511], [141.366386, 43.072469], [141.365211, 43.072303], [141.364211, 43.072169], [141.364086, 43.072153], [141.363872, 43.072119], [141.363761, 43.072103], [141.363397, 43.072061], [141.361547, 43.071803], [141.361086, 43.071744], [141.359522, 43.071528], [141.357961, 43.071328], [141.356398, 43.071119], [141.354837, 43.070911]]}, "properties": {"code": "112", "kind": "最高速度（５０Ｋ）", "shape": "2", "route": "", "crossing": "", "speed": "50", "n_lanes": "", "length": "2240", "in_cordon": false, "dir_kind": ""}}, {"type": "Feature", "geometry": {"type": "LineString", "coordinates": [[141.356912, 43.068925], [141.348771, 43.101779]]}, "properties": {"code": "112", "kind": "最高速度（５０Ｋ）", "shape": "2", "route": "", "crossing": "", "speed": "50", "n_lanes": "", "length": "3800", "in_cordon": false, "dir_kind": ""}}, {"type": "Feature", "geometry": {"type": "LineString", "coordinates": [[141.350629, 43.10059], [141.358523, 43.068984]]}, "properties": {"code": "112", "kind": "最高速度（５０Ｋ）", "shape": "2", "route": "", "crossing": "", "speed": "50", "n_lanes": "", "length": "3650", "in_cordon": false, "dir_kind": ""}}, {"type": "Feature", "geometry": {"type": "LineString", "coordinates": [[141.347002, 43.009167], [141.347316, 43.009376], [141.347641, 43.009584], [141.347841, 43.009692], [141.348441, 43.010026], [141.349041, 43.010359], [141.349577, 43.010709], [141.34979, 43.010867], [141.350177, 43.011192], [141.350526, 43.011559], [141.350826, 43.011934], [141.351001, 43.012159], [141.351176, 43.012417], [141.351351, 43.012709], [141.351576, 43.013167], [141.351726, 43.013525], [141.351826, 43.013909], [141.352015, 43.015009], [141.35209, 43.0154], [141.35214, 43.01575], [141.352165, 43.015942], [141.352165, 43.016117], [141.352165, 43.016517], [141.352076, 43.017225], [141.352076, 43.01755], [141.352026, 43.018067], [141.351976, 43.018358], [141.351651, 43.019558], [141.351601, 43.019691], [141.35149, 43.019941], [141.351365, 43.020183], [141.35119, 43.020466], [141.35074, 43.021125], [141.350701, 43.021191], [141.350615, 43.021358], [141.35059, 43.021458], [141.350551, 43.02165], [141.350551, 43.021775], [141.350565, 43.021916], [141.350576, 43.022], [141.350626, 43.022124], [141.350715, 43.022283], [141.351151, 43.022991], [141.351315, 43.023283], [141.351465, 43.023674], [141.351565, 43.024033], [141.351601, 43.024283], [141.35164, 43.024699], [141.351626, 43.025091], [141.351589, 43.025316], [141.351539, 43.025607], [141.351351, 43.026332], [141.351314, 43.026591], [141.351326, 43.026824], [141.351389, 43.027074], [141.351514, 43.027357], [141.351675, 43.027624], [141.352489, 43.028607], [141.35325, 43.02954], [141.353875, 43.030307], [141.354, 43.030465], [141.354139, 43.030699], [141.354275, 43.030999], [141.354339, 43.031299], [141.354375, 43.031532], [141.354364, 43.031957], [141.354175, 43.032815], [141.353975, 43.033698], [141.353914, 43.034048], [141.3539, 43.034257], [141.3539, 43.034732], [141.353914, 43.034857], [141.354039, 43.035382], [141.3541, 43.035615], [141.354175, 43.03579], [141.3543, 43.036081], [141.354439, 43.036356], [141.354664, 43.036706], [141.35475, 43.036823], [141.355014, 43.037165], [141.355563, 43.037856], [141.355788, 43.038098], [141.356113, 43.038523], [141.356413, 43.038973], [141.356838, 43.039806], [141.357124, 43.040356], [141.357463, 43.040931], [141.357688, 43.041398], [141.357724, 43.041589], [141.357788, 43.041989], [141.357963, 43.043281], [141.357974, 43.043339], [141.358224, 43.045256], [141.358188, 43.04608], [141.358188, 43.04618], [141.358024, 43.047455], [141.358038, 43.047672], [141.358088, 43.047905], [141.358213, 43.048255], [141.358263, 43.048405], [141.358574, 43.048964]]}, "properties": {"code": "112", "kind": "最高速度（５０Ｋ）", "shape": "2", "route": "", "crossing": "", "speed": "50", "n_lanes": "", "length": "4740", "in_cordon": false, "dir_kind": ""}}, {"type": "Feature", "geometry": {"type": "LineString", "coordinates": [[141.34267, 43.048402], [141.346846, 43.01522], [141.343278, 43.004148], [141.3429, 43.003618], [141.342519, 43.00324], [141.342039, 43.002904], [141.34015, 43.001643], [141.338795, 43.000579], [141.338189, 42.99994], [141.337165, 42.998649], [141.336309, 42.996674], [141.335584, 42.994749], [141.335023, 42.993044], [141.334451, 42.991186], [141.334293, 42.989475], [141.334574, 42.987836], [141.336779, 42.978393], [141.336449, 42.977104], [141.332177, 42.968638], [141.331413, 42.967647], [141.330102, 42.966936], [141.327081, 42.966141], [141.326519, 42.965888], [141.325989, 42.965466], [141.324192, 42.963641], [141.322314, 42.962941], [141.317648, 42.961589], [141.312492, 42.960958], [141.287656, 42.962099], [141.286745, 42.962043]]}, "properties": {"code": "112", "kind": "最高速度（５０Ｋ）", "shape": "2", "route": "", "crossing": "", "speed": "50", "n_lanes": "", "length": "12650", "in_cordon": false, "dir_kind": ""}}, {"type": "Feature", "geometry": {"type": "LineString", "coordinates": [[141.328701, 43.047504], [141.330401, 43.047621], [141.332101, 43.047738], [141.333801, 43.047854], [141.33549, 43.047971], [141.337214, 43.048096], [141.339214, 43.04823], [141.341189, 43.048371], [141.342664, 43.048471], [141.343325, 43.048513], [141.34405, 43.048563], [141.346039, 43.048696], [141.34805, 43.04868], [141.349774, 43.048655], [141.350538, 43.048655], [141.351763, 43.048638], [141.352738, 43.048638], [141.353249, 43.04863], [141.353363, 43.048638], [141.353588, 43.048663], [141.354124, 43.048738], [141.355038, 43.048863], [141.355613, 43.04893], [141.356613, 43.049063], [141.357099, 43.049097], [141.357288, 43.049097], [141.358574, 43.048964], [141.358688, 43.048947], [141.35934, 43.048877], [141.360876, 43.048722]]}, "properties": {"code": "112", "kind": "最高速度（５０Ｋ）", "shape": "2", "route": "", "crossing": "", "speed": "50", "n_lanes": "", "length": "2600", "in_cordon": false, "dir_kind": ""}}, {"type": "Feature", "geometry": {"type": "LineString", "coordinates": [[141.339199, 43.067861], [141.339188, 43.068311], [141.339107, 43.068627], [141.338732, 43.069194], [141.337835, 43.07011], [141.337221, 43.070716]]}, "properties": {"code": "112", "kind": "最高速度（５０Ｋ）", "shape": "2", "route": "", "crossing": "", "speed": "50", "n_lanes": "", "length": "400", "in_cordon": false, "dir_kind": ""}}, {"type": "Feature", "geometry": {"type": "LineString", "coordinates": [[141.345222, 43.101446], [141.345069, 43.10114], [141.345155, 43.100832], [141.345194, 43.100749], [141.345269, 43.100557], [141.345341, 43.100271], [141.345616, 43.099138], [141.345863, 43.098046], [141.346288, 43.096435], [141.346472, 43.095652], [141.346483, 43.095558], [141.346497, 43.095455], [141.346586, 43.095147], [141.346672, 43.094847], [141.346747, 43.094538], [141.346861, 43.094138], [141.347097, 43.093164], [141.347361, 43.092155], [141.347447, 43.091889], [141.347536, 43.091497], [141.347597, 43.09128], [141.347736, 43.090797], [141.347972, 43.089889], [141.348172, 43.089181], [141.348361, 43.088464], [141.348536, 43.087764], [141.348736, 43.087056], [141.348911, 43.086348], [141.349072, 43.085781], [141.349122, 43.085631], [141.349161, 43.085465], [141.349311, 43.08489], [141.349572, 43.08394], [141.349722, 43.08349], [141.350422, 43.082115], [141.350722, 43.081573], [141.350961, 43.081098], [141.350997, 43.081007], [141.351047, 43.080907], [141.351536, 43.079982], [141.351572, 43.07989], [141.351611, 43.079815], [141.351786, 43.079332], [141.351972, 43.078849], [141.352036, 43.07869], [141.352211, 43.078199], [141.352386, 43.077741], [141.352422, 43.077649], [141.352486, 43.077516], [141.352697, 43.077099], [141.352936, 43.076641], [141.352972, 43.076541], [141.353011, 43.076432], [141.353173, 43.075966], [141.353298, 43.075474], [141.353311, 43.075408], [141.353348, 43.075274], [141.353473, 43.074816], [141.353586, 43.074391], [141.353611, 43.074266], [141.353648, 43.074141], [141.353773, 43.073683], [141.353848, 43.073408], [141.353937, 43.073116], [141.354262, 43.071975], [141.354437, 43.071366], [141.354573, 43.070866], [141.354723, 43.070275], [141.354873, 43.0697], [141.355037, 43.069017], [141.355112, 43.0687], [141.355123, 43.068667]]}, "properties": {"code": "112", "kind": "最高速度（５０Ｋ）", "shape": "2", "route": "", "crossing": "", "speed": "50", "n_lanes": "", "length": "3700", "in_cordon": false, "dir_kind": ""}}, {"type": "Feature", "geometry": {"type": "LineString", "coordinates": [[141.348604, 43.067903], [141.348237, 43.069419], [141.348073, 43.069977], [141.347937, 43.070552], [141.347787, 43.071136], [141.347648, 43.071694], [141.347498, 43.07226], [141.347362, 43.072819], [141.347237, 43.073319], [141.347223, 43.07341], [141.347073, 43.073977], [141.346937, 43.074544], [141.346787, 43.075118], [141.346637, 43.075718], [141.346512, 43.076268], [141.346362, 43.076852], [141.346212, 43.077402], [141.346062, 43.077976], [141.345912, 43.078585], [141.345773, 43.079126], [141.345623, 43.079693], [141.345487, 43.080268], [141.345337, 43.080843], [141.345187, 43.081443], [141.345012, 43.082134], [141.344837, 43.082826], [141.344662, 43.083534], [141.344473, 43.084242], [141.344287, 43.084992], [141.344111, 43.0857], [141.344098, 43.085775], [141.343936, 43.086417], [141.343748, 43.087134], [141.343573, 43.087842], [141.343397, 43.088542], [141.343222, 43.08925], [141.342986, 43.090167], [141.342811, 43.090858], [141.342711, 43.091241], [141.342636, 43.091525], [141.342486, 43.092141], [141.342372, 43.092541], [141.342136, 43.093466], [141.342036, 43.093883], [141.341997, 43.094041], [141.341886, 43.094524], [141.341822, 43.094766], [141.341786, 43.094908], [141.341736, 43.095099], [141.341672, 43.095324], [141.341636, 43.095466], [141.341497, 43.095999], [141.341397, 43.096407], [141.341372, 43.096491], [141.341286, 43.096807], [141.341272, 43.096882], [141.341161, 43.097341], [141.340972, 43.098032], [141.340897, 43.098349], [141.340872, 43.098432], [141.340786, 43.098774], [141.340772, 43.098865], [141.340697, 43.09914], [141.340672, 43.09924], [141.340597, 43.099549], [141.340472, 43.099999], [141.340336, 43.100548], [141.340322, 43.100598], [141.340286, 43.100765], [141.340272, 43.100798], [141.340236, 43.100957], [141.340186, 43.101182], [141.340072, 43.101607], [141.339911, 43.10224], [141.339811, 43.102665], [141.339611, 43.103448], [141.339461, 43.104031], [141.339347, 43.104465], [141.339261, 43.104848], [141.339211, 43.105073], [141.339161, 43.105281], [141.338986, 43.105923], [141.338897, 43.106239], [141.338847, 43.106414], [141.338672, 43.107098], [141.338636, 43.107264], [141.338572, 43.107497], [141.338436, 43.108089], [141.338236, 43.108931], [141.338197, 43.109289]]}, "properties": {"code": "112", "kind": "最高速度（５０Ｋ）", "shape": "2", "route": "", "crossing": "", "speed": "50", "n_lanes": "", "length": "4700", "in_cordon": false, "dir_kind": ""}}, {"type": "Feature", "geometry": {"type": "LineString", "coordinates": [[141.346523, 43.069761], [141.346662, 43.069202], [141.346812, 43.068619], [141.346949, 43.068044], [141.346999, 43.067828], [141.347087, 43.067519]]}, "properties": {"code": "112", "kind": "最高速度（５０Ｋ）", "shape": "2", "route": "", "crossing": "", "speed": "50", "n_lanes": "", "length": "250", "in_cordon": false, "dir_kind": ""}}, {"type": "Feature", "geometry": {"type": "LineString", "coordinates": [[141.354423, 43.070861], [141.353598, 43.070736], [141.352773, 43.070628], [141.351212, 43.070403], [141.349648, 43.070194], [141.348073, 43.069977], [141.346523, 43.069761], [141.345049, 43.069561], [141.344974, 43.069552], [141.344762, 43.069502], [141.344238, 43.069236], [141.344124, 43.069194], [141.343888, 43.069111], [141.342224, 43.068711], [141.341324, 43.068611], [141.341074, 43.068611], [141.340699, 43.068577], [141.340513, 43.068519], [141.339413, 43.068427]]}, "properties": {"code": "112", "kind": "最高速度（５０Ｋ）", "shape": "2", "route": "", "crossing": "", "speed": "50", "n_lanes": "", "length": "1300", "in_cordon": false, "dir_kind": ""}}, {"type": "Feature", "geometry": {"type": "LineString", "coordinates": [[141.351212, 43.070403], [141.351073, 43.070977], [141.350923, 43.071544], [141.350798, 43.072102], [141.350648, 43.072686], [141.350498, 43.07326], [141.350362, 43.073827], [141.350212, 43.074394], [141.350073, 43.074977], [141.349923, 43.075535], [141.349773, 43.076118], [141.349623, 43.076685], [141.349473, 43.077268], [141.349337, 43.077827], [141.349212, 43.078327]]}, "properties": {"code": "112", "kind": "最高速度（５０Ｋ）", "shape": "2", "route": "", "crossing": "", "speed": "50", "n_lanes": "", "length": "900", "in_cordon": false, "dir_kind": ""}}, {"type": "Feature", "geometry": {"type": "LineString", "coordinates": [[141.349648, 43.070194], [141.349523, 43.070761], [141.349362, 43.071336], [141.349223, 43.071894], [141.349087, 43.072477], [141.348937, 43.073044], [141.348798, 43.073619], [141.348648, 43.074177], [141.348498, 43.07476], [141.348362, 43.075327], [141.348198, 43.075902], [141.348062, 43.076468], [141.347912, 43.077052], [141.347773, 43.077618], [141.347648, 43.07811]]}, "properties": {"code": "112", "kind": "最高速度（５０Ｋ）", "shape": "2", "route": "", "crossing": "", "speed": "50", "n_lanes": "", "length": "900", "in_cordon": false, "dir_kind": ""}}, {"type": "Feature", "geometry": {"type": "LineString", "coordinates": [[141.354112, 43.071969], [141.353312, 43.071869], [141.352498, 43.071752], [141.350923, 43.071544], [141.350073, 43.071427], [141.349362, 43.071336], [141.347787, 43.071136]]}, "properties": {"code": "112", "kind": "最高速度（５０Ｋ）", "shape": "2", "route": "", "crossing": "", "speed": "50", "n_lanes": "", "length": "500", "in_cordon": false, "dir_kind": ""}}, {"type": "Feature", "geometry": {"type": "LineString", "coordinates": [[141.345549, 43.067244], [141.345549, 43.067269], [141.345488, 43.067494], [141.345474, 43.067519], [141.345413, 43.067803], [141.345288, 43.068269], [141.345263, 43.068411], [141.345124, 43.068986], [141.345037, 43.069319], [141.344974, 43.069552]]}, "properties": {"code": "112", "kind": "最高速度（５０Ｋ）", "shape": "2", "route": "", "crossing": "", "speed": "50", "n_lanes": "", "length": "250", "in_cordon": false, "dir_kind": ""}}, {"type": "Feature", "geometry": {"type": "LineString", "coordinates": [[141.364381, 43.055727], [141.387821, 43.041279], [141.389285, 43.04041], [141.389988, 43.03986], [141.390932, 43.038874], [141.392724, 43.035924], [141.397769, 43.028311], [141.39923, 43.025267], [141.404605, 43.020265], [141.405868, 43.01931], [141.408732, 43.017813], [141.412262, 43.016146], [141.416226, 43.013977], [141.424601, 43.009295], [141.432584, 43.004521], [141.435156, 43.002907], [141.437133, 43.001374], [141.447536, 42.992728], [141.455716, 42.98584], [141.456832, 42.985018], [141.458843, 42.983804], [141.460807, 42.982688], [141.465707, 42.980535], [141.471118, 42.976569], [141.474329, 42.974019], [141.477443, 42.971612], [141.480101, 42.969928], [141.483387, 42.96762]]}, "properties": {"code": "112", "kind": "最高速度（５０Ｋ）", "shape": "2", "route": "", "crossing": "", "speed": "50", "n_lanes": "", "length": "14300", "in_cordon": false, "dir_kind": ""}}, {"type": "Feature", "geometry": {"type": "LineString", "coordinates": [[141.364631, 43.048758], [141.364876, 43.050347], [141.370492, 43.055208]]}, "properties": {"code": "112", "kind": "最高速度（５０Ｋ）", "shape": "2", "route": "", "crossing": "", "speed": "50", "n_lanes": "", "length": "930", "in_cordon": false, "dir_kind": ""}}, {"type": "Feature", "geometry": {"type": "LineString", "coordinates": [[141.360937, 43.048736], [141.362337, 43.048555], [141.362912, 43.048514], [141.363423, 43.04853], [141.363723, 43.048572], [141.363923, 43.048589], [141.364648, 43.04873], [141.364848, 43.048797], [141.365948, 43.049114], [141.366298, 43.049205], [141.366448, 43.04923], [141.366837, 43.049297], [141.367798, 43.049389], [141.368562, 43.049455]]}, "properties": {"code": "112", "kind": "最高速度（５０Ｋ）", "shape": "2", "route": "", "crossing": "", "speed": "50", "n_lanes": "", "length": "650", "in_cordon": false, "dir_kind": ""}}, {"type": "Feature", "geometry": {"type": "LineString", "coordinates": [[141.364648, 43.04873], [141.364498, 43.047905], [141.364448, 43.047747], [141.364298, 43.047056], [141.364273, 43.046922], [141.364062, 43.045864], [141.364012, 43.045556], [141.363987, 43.045264], [141.363937, 43.044564], [141.363898, 43.044039], [141.363898, 43.043964], [141.363862, 43.043564], [141.363849, 43.043314], [141.363824, 43.042806], [141.363799, 43.042431], [141.363787, 43.042348], [141.363737, 43.041906], [141.363712, 43.041614], [141.363699, 43.041473], [141.363674, 43.041356], [141.363624, 43.041073], [141.363549, 43.040856], [141.363449, 43.040648], [141.362729, 43.039517], [141.362454, 43.039256]]}, "properties": {"code": "112", "kind": "最高速度（５０Ｋ）", "shape": "2", "route": "", "crossing": "", "speed": "50", "n_lanes": "", "length": "1100", "in_cordon": false, "dir_kind": ""}}, {"type": "Feature", "geometry": {"type": "LineString", "coordinates": [[141.365223, 43.05523], [141.364812, 43.05488], [141.364648, 43.054705], [141.364498, 43.054455], [141.364437, 43.054313], [141.364062, 43.053313], [141.363723, 43.052347], [141.363673, 43.052122], [141.363612, 43.051922], [141.363312, 43.051155], [141.362173, 43.048564], [141.361823, 43.047697], [141.361723, 43.047455], [141.361587, 43.046956], [141.361362, 43.045989], [141.360763, 43.042073], [141.360663, 43.041773], [141.360524, 43.041414], [141.360424, 43.041239], [141.360313, 43.041056], [141.360149, 43.040773], [141.359974, 43.040548], [141.359738, 43.040231], [141.358663, 43.038873], [141.358188, 43.038181], [141.357888, 43.037698], [141.357649, 43.037248], [141.357474, 43.036831], [141.357338, 43.036448], [141.357199, 43.036015], [141.357113, 43.035623], [141.357013, 43.035082], [141.357, 43.034948], [141.356975, 43.034223], [141.357, 43.033773], [141.357089, 43.033015], [141.357225, 43.031799], [141.357225, 43.031249], [141.357175, 43.03084], [141.357139, 43.030624], [141.357114, 43.030515], [141.357075, 43.030391], [141.356939, 43.029982], [141.356739, 43.029574], [141.356539, 43.029241], [141.35635, 43.028966], [141.355825, 43.028274], [141.35565, 43.028024], [141.355375, 43.027549], [141.355189, 43.027224], [141.355064, 43.026957], [141.354889, 43.026533], [141.354725, 43.026083], [141.354639, 43.025774], [141.353814, 43.022166], [141.353715, 43.021566], [141.35369, 43.021158], [141.353701, 43.0206], [141.353751, 43.020166], [141.353951, 43.019408], [141.35424, 43.0186], [141.354276, 43.018483], [141.354415, 43.018092], [141.354551, 43.017733], [141.354601, 43.017442], [141.35459, 43.01715], [141.354526, 43.016784], [141.354451, 43.016459], [141.354215, 43.015675], [141.354176, 43.015492], [141.354176, 43.015309], [141.354176, 43.015167], [141.35419, 43.0148], [141.354215, 43.01465], [141.354251, 43.014425], [141.354326, 43.013784], [141.354326, 43.013459], [141.354301, 43.013192], [141.35424, 43.012926], [141.354126, 43.012601], [141.354001, 43.012334], [141.353959, 43.012242], [141.353912, 43.012145], [141.353868, 43.012056], [141.353762, 43.011923]]}, "properties": {"code": "112", "kind": "最高速度（５０Ｋ）", "shape": "2", "route": "", "crossing": "", "speed": "50", "n_lanes": "", "length": "4980", "in_cordon": false, "dir_kind": ""}}, {"type": "Feature", "geometry": {"type": "LineString", "coordinates": [[141.358548, 43.06897], [141.358578, 43.068853], [141.358611, 43.068711], [141.358648, 43.06857], [141.358836, 43.06787], [141.359148, 43.066712], [141.359448, 43.065495], [141.359737, 43.064329], [141.360037, 43.063179], [141.360248, 43.062304], [141.360473, 43.061437], [141.360512, 43.061271], [141.360798, 43.060129], [141.360862, 43.059904], [141.361098, 43.058987], [141.361273, 43.058238], [141.361287, 43.058171], [141.361362, 43.057838], [141.361612, 43.056879]]}, "properties": {"code": "112", "kind": "最高速度（５０Ｋ）", "shape": "2", "route": "", "crossing": "", "speed": "50", "n_lanes": "", "length": "1350", "in_cordon": false, "dir_kind": ""}}, {"type": "Feature", "geometry": {"type": "LineString", "coordinates": [[141.360062, 43.056671], [141.359823, 43.057621], [141.359537, 43.058762], [141.359237, 43.059921], [141.358973, 43.061054], [141.358937, 43.061229], [141.358712, 43.062095], [141.358487, 43.062962], [141.358198, 43.064112], [141.358048, 43.064678], [141.357887, 43.065295], [141.357573, 43.066495], [141.357273, 43.067661], [141.357037, 43.068578], [141.356998, 43.06872], [141.356937, 43.0689]]}, "properties": {"code": "112", "kind": "最高速度（５０Ｋ）", "shape": "2", "route": "", "crossing": "", "speed": "50", "n_lanes": "", "length": "1370", "in_cordon": true, "dir_kind": ""}}, {"type": "Feature", "geometry": {"type": "LineString", "coordinates": [[141.353726, 43.067036], [141.355487, 43.059987], [141.357562, 43.05186]]}, "properties": {"code": "112", "kind": "最高速度（５０Ｋ）", "shape": "2", "route": "", "crossing": "", "speed": "50", "n_lanes": "", "length": "1720", "in_cordon": true, "dir_kind": ""}}, {"type": "Feature", "geometry": {"type": "LineString", "coordinates": [[141.353048, 43.069603], [141.350825, 43.078468]]}, "properties": {"code": "112", "kind": "最高速度（５０Ｋ）", "shape": "2", "route": "", "crossing": "", "speed": "50", "n_lanes": "", "length": "1000", "in_cordon": false, "dir_kind": ""}}, {"type": "Feature", "geometry": {"type": "LineString", "coordinates": [[141.342314, 43.051821], [141.340764, 43.051721], [141.339839, 43.051646], [141.33905, 43.051596], [141.338789, 43.051579], [141.337864, 43.051512], [141.336789, 43.051446], [141.335064, 43.051321], [141.334401, 43.051271], [141.33414, 43.051254], [141.333365, 43.051204], [141.331676, 43.051087], [141.330826, 43.051029], [141.329976, 43.050971], [141.32924, 43.050912], [141.328276, 43.050846]]}, "properties": {"code": "112", "kind": "最高速度（４０Ｋ）", "shape": "2", "route": "", "crossing": "", "speed": "40", "n_lanes": "", "length": "1300", "in_cordon": false, "dir_kind": ""}}, {"type": "Feature", "geometry": {"type": "LineString", "coordinates": [[141.352399, 43.058979], [141.350924, 43.058779], [141.349349, 43.05857], [141.347799, 43.058362], [141.346249, 43.058145], [141.344674, 43.057945], [141.343099, 43.057729], [141.341513, 43.057512], [141.341289, 43.057479], [141.34, 43.057295], [141.338425, 43.057095], [141.338075, 43.057045], [141.336889, 43.056879], [141.335825, 43.05672], [141.335314, 43.056653]]}, "properties": {"code": "112", "kind": "最高速度（４０Ｋ）", "shape": "2", "route": "", "crossing": "", "speed": "40", "n_lanes": "", "length": "1400", "in_cordon": true, "dir_kind": ""}}, {"type": "Feature", "geometry": {"type": "LineString", "coordinates": [[141.361736, 43.06354], [141.361636, 43.064004], [141.361534, 43.064495], [141.361278, 43.06464], [141.361061, 43.065553], [141.360973, 43.065712], [141.360898, 43.065912], [141.360647, 43.06692], [141.360175, 43.068684]]}, "properties": {"code": "112", "kind": "最高速度（４０Ｋ）", "shape": "2", "route": "", "crossing": "", "speed": "40", "n_lanes": "", "length": "600", "in_cordon": false, "dir_kind": ""}}, {"type": "Feature", "geometry": {"type": "LineString", "coordinates": [[141.33549, 43.047971], [141.335451, 43.048313], [141.335426, 43.048496], [141.33539, 43.048804], [141.335365, 43.048988], [141.335301, 43.049479], [141.335276, 43.049654], [141.335265, 43.049788], [141.33524, 43.049971], [141.335151, 43.050637], [141.335064, 43.051321], [141.335001, 43.051837], [141.334976, 43.052004], [141.334951, 43.052162], [141.334939, 43.052237], [141.334925, 43.052379], [141.334914, 43.052496], [141.334889, 43.052687], [141.334864, 43.052879], [141.334825, 43.053162], [141.3348, 43.053371], [141.334764, 43.05367], [141.33475, 43.053762], [141.334689, 43.05422], [141.3347, 43.05437], [141.334975, 43.055404], [141.335314, 43.056653]]}, "properties": {"code": "112", "kind": "最高速度（４０Ｋ）", "shape": "2", "route": "", "crossing": "", "speed": "40", "n_lanes": "", "length": "950", "in_cordon": false, "dir_kind": ""}}, {"type": "Feature", "geometry": {"type": "LineString", "coordinates": [[141.361612, 43.056879], [141.361662, 43.056713], [141.361962, 43.05553]]}, "properties": {"code": "112", "kind": "最高速度（４０Ｋ）", "shape": "2", "route": "", "crossing": "", "speed": "40", "n_lanes": "", "length": "180", "in_cordon": false, "dir_kind": ""}}, {"type": "Feature", "geometry": {"type": "LineString", "coordinates": [[141.360687, 43.05418], [141.360387, 43.055313], [141.360237, 43.055913], [141.360098, 43.056496], [141.360062, 43.056671]]}, "properties": {"code": "112", "kind": "最高速度（４０Ｋ）", "shape": "2", "route": "", "crossing": "", "speed": "40", "n_lanes": "", "length": "250", "in_cordon": true, "dir_kind": ""}}, {"type": "Feature", "geometry": {"type": "LineString", "coordinates": [[141.337414, 43.05469], [141.337314, 43.055154], [141.337175, 43.055729], [141.337014, 43.056304], [141.3369, 43.056776]]}, "properties": {"code": "112", "kind": "最高速度（４０Ｋ）", "shape": "2", "route": "", "crossing": "", "speed": "40", "n_lanes": "", "length": "250", "in_cordon": false, "dir_kind": ""}}, {"type": "Feature", "geometry": {"type": "LineString", "coordinates": [[141.349774, 43.048655], [141.349649, 43.04958], [141.349613, 43.049821], [141.349599, 43.050005], [141.349588, 43.050071], [141.349513, 43.051488], [141.349374, 43.052063], [141.349238, 43.052638], [141.349088, 43.053204], [141.348924, 43.053771], [141.348788, 43.054338], [141.348649, 43.054938], [141.348599, 43.055129]]}, "properties": {"code": "112", "kind": "最高速度（４０Ｋ）", "shape": "2", "route": "", "crossing": "", "speed": "40", "n_lanes": "", "length": "700", "in_cordon": true, "dir_kind": ""}}, {"type": "Feature", "geometry": {"type": "LineString", "coordinates": [[141.342065, 43.025924], [141.34199, 43.026515], [141.34189, 43.027299], [141.341826, 43.027724], [141.341801, 43.02784], [141.341776, 43.027982], [141.341751, 43.028149], [141.341751, 43.02829], [141.341626, 43.029257], [141.341576, 43.029723], [141.341476, 43.03054], [141.34139, 43.031148], [141.341376, 43.031223], [141.34134, 43.031557], [141.341301, 43.03189], [141.341215, 43.032565], [141.341115, 43.033215], [141.341026, 43.03389], [141.340951, 43.034565], [141.340865, 43.035231], [141.340851, 43.035314], [141.340815, 43.035573], [141.340776, 43.035898], [141.340726, 43.036256], [141.34069, 43.036564], [141.340601, 43.037231], [141.340515, 43.037939], [141.34044, 43.038597], [141.340401, 43.038906], [141.340351, 43.039256], [141.340276, 43.039914], [141.34019, 43.040589], [141.34009, 43.041347], [141.34004, 43.04173], [141.339976, 43.04223], [141.339915, 43.042722], [141.33989, 43.042905], [141.339815, 43.043463], [141.339815, 43.043555], [141.339726, 43.044213], [141.339639, 43.044888], [141.339551, 43.045572], [141.339489, 43.046013], [141.339464, 43.046221], [141.339439, 43.046388], [141.339375, 43.046896], [141.339314, 43.047388], [141.339289, 43.047555], [141.339275, 43.047721], [141.33925, 43.047913], [141.339214, 43.04823]]}, "properties": {"code": "112", "kind": "最高速度（４０Ｋ）", "shape": "2", "route": "", "crossing": "", "speed": "40", "n_lanes": "", "length": "2500", "in_cordon": false, "dir_kind": ""}}, {"type": "Feature", "geometry": {"type": "LineString", "coordinates": [[141.366289, 43.06767], [141.360781, 43.066912]]}, "properties": {"code": "112", "kind": "最高速度（４０Ｋ）", "shape": "2", "route": "", "crossing": "", "speed": "40", "n_lanes": "", "length": "470", "in_cordon": false, "dir_kind": ""}}, {"type": "Feature", "geometry": {"type": "LineString", "coordinates": [[141.362936, 43.069017], [141.363608, 43.068928], [141.365836, 43.068884], [141.3664, 43.068934], [141.368783, 43.068909], [141.369119, 43.068914], [141.369349, 43.069009], [141.369597, 43.069195], [141.372563, 43.071214], [141.376129, 43.073239], [141.376579, 43.07352], [141.37666, 43.073734]]}, "properties": {"code": "112", "kind": "最高速度（４０Ｋ）", "shape": "2", "route": "", "crossing": "", "speed": "40", "n_lanes": "", "length": "1340", "in_cordon": false, "dir_kind": ""}}, {"type": "Feature", "geometry": {"type": "LineString", "coordinates": [[141.345266, 43.062437], [141.345024, 43.063536], [141.344949, 43.063661], [141.344749, 43.06412], [141.344624, 43.064511], [141.344663, 43.064736], [141.344513, 43.065353], [141.344399, 43.065778], [141.344388, 43.065911], [141.344363, 43.066011], [141.344238, 43.066489], [141.344204, 43.066669], [141.344143, 43.066883]]}, "properties": {"code": "112", "kind": "最高速度（４０Ｋ）", "shape": "2", "route": "", "crossing": "", "speed": "40", "n_lanes": "", "length": "530", "in_cordon": true, "dir_kind": ""}}, {"type": "Feature", "geometry": {"type": "LineString", "coordinates": [[141.357512, 43.060982], [141.367786, 43.062332], [141.368589, 43.062446], [141.369141, 43.062587], [141.369589, 43.062757], [141.372899, 43.064015]]}, "properties": {"code": "112", "kind": "最高速度（４０Ｋ）", "shape": "2", "route": "", "crossing": "", "speed": "40", "n_lanes": "", "length": "1300", "in_cordon": true, "dir_kind": ""}}, {"type": "Feature", "geometry": {"type": "LineString", "coordinates": [[141.402618, 43.027695], [141.396363, 43.037252], [141.395807, 43.03796], [141.383169, 43.045615], [141.366356, 43.056019]]}, "properties": {"code": "112", "kind": "最高速度（４０Ｋ）", "shape": "2", "route": "", "crossing": "", "speed": "40", "n_lanes": "", "length": "2910", "in_cordon": false, "dir_kind": ""}}, {"type": "Feature", "geometry": {"type": "LineString", "coordinates": [[141.349039, 43.041189], [141.348989, 43.041589], [141.348964, 43.041731], [141.3489, 43.042164], [141.348814, 43.042839], [141.348739, 43.043505], [141.348639, 43.044164], [141.3486, 43.044472], [141.348564, 43.044814], [141.348464, 43.045497], [141.348375, 43.046147], [141.348289, 43.04683], [141.348214, 43.047413], [141.3482, 43.04748], [141.348175, 43.047697], [141.348139, 43.047972], [141.34805, 43.04868]]}, "properties": {"code": "112", "kind": "最高速度（３０Ｋ）", "shape": "2", "route": "", "crossing": "", "speed": "30", "n_lanes": "", "length": "800", "in_cordon": false, "dir_kind": ""}}, {"type": "Feature", "geometry": {"type": "LineString", "coordinates": [[141.357562, 43.051838], [141.356813, 43.05173], [141.356749, 43.051696], [141.356249, 43.05118], [141.356063, 43.05113], [141.355313, 43.05103], [141.355238, 43.050988], [141.354727, 43.050599]]}, "properties": {"code": "112", "kind": "最高速度（３０Ｋ）", "shape": "2", "route": "", "crossing": "", "speed": "30", "n_lanes": "", "length": "200", "in_cordon": false, "dir_kind": ""}}, {"type": "Feature", "geometry": {"type": "LineString", "coordinates": [[141.352738, 43.048638], [141.352849, 43.048988], [141.353038, 43.049655], [141.353074, 43.050122], [141.353049, 43.050247], [141.353024, 43.050322], [141.352924, 43.050788], [141.352799, 43.05133], [141.352663, 43.051905]]}, "properties": {"code": "112", "kind": "最高速度（３０Ｋ）", "shape": "2", "route": "", "crossing": "", "speed": "30", "n_lanes": "", "length": "350", "in_cordon": true, "dir_kind": ""}}, {"type": "Feature", "geometry": {"type": "LineString", "coordinates": [[141.351763, 43.048638], [141.351613, 43.049222], [141.351513, 43.04963], [141.351413, 43.050096], [141.351288, 43.050588], [141.351163, 43.051113], [141.351049, 43.051596], [141.351049, 43.051688]]}, "properties": {"code": "112", "kind": "最高速度（３０Ｋ）", "shape": "2", "route": "", "crossing": "", "speed": "30", "n_lanes": "", "length": "320", "in_cordon": true, "dir_kind": ""}}, {"type": "Feature", "geometry": {"type": "LineString", "coordinates": [[141.363773, 43.056138], [141.364187, 43.056446], [141.364812, 43.057004], [141.365023, 43.057221], [141.365223, 43.057488], [141.365348, 43.057688], [141.365536, 43.058038], [141.365611, 43.058279], [141.365673, 43.058396], [141.365761, 43.058546], [141.365848, 43.058771], [141.365911, 43.059188], [141.366147, 43.059538], [141.366222, 43.059696], [141.366422, 43.060013], [141.366472, 43.060104], [141.366611, 43.060271], [141.367236, 43.060946]]}, "properties": {"code": "112", "kind": "最高速度（３０Ｋ）", "shape": "2", "route": "", "crossing": "", "speed": "30", "n_lanes": "", "length": "580", "in_cordon": false, "dir_kind": ""}}, {"type": "Feature", "geometry": {"type": "LineString", "coordinates": [[141.345691, 43.053257], [141.345163, 43.053188], [141.344913, 43.053204], [141.3437, 43.053113], [141.343639, 43.053104], [141.342911, 43.053049], [141.34245, 43.053018]]}, "properties": {"code": "112", "kind": "最高速度（３０Ｋ）", "shape": "2", "route": "", "crossing": "", "speed": "30", "n_lanes": "", "length": "250", "in_cordon": true, "dir_kind": ""}}, {"type": "Feature", "geometry": {"type": "LineString", "coordinates": [[141.345755, 43.05301], [141.345375, 43.052979], [141.34515, 43.052896], [141.343739, 43.052788], [141.343689, 43.052763], [141.343639, 43.052738], [141.342878, 43.05269], [141.342689, 43.052682], [141.342516, 43.052674]]}, "properties": {"code": "112", "kind": "最高速度（３０Ｋ）", "shape": "2", "route": "", "crossing": "", "speed": "30", "n_lanes": "", "length": "250", "in_cordon": true, "dir_kind": ""}}, {"type": "Feature", "geometry": {"type": "LineString", "coordinates": [[141.34805, 43.04868], [141.34795, 43.049488], [141.3479, 43.049905]]}, "properties": {"code": "112", "kind": "最高速度（３０Ｋ）", "shape": "2", "route": "", "crossing": "", "speed": "30", "n_lanes": "", "length": "110", "in_cordon": false, "dir_kind": ""}}, {"type": "Feature", "geometry": {"type": "LineString", "coordinates": [[141.346175, 43.051021], [141.345739, 43.051005]]}, "properties": {"code": "112", "kind": "最高速度（３０Ｋ）", "shape": "2", "route": "", "crossing": "", "speed": "30", "n_lanes": "", "length": "40", "in_cordon": true, "dir_kind": ""}}, {"type": "Feature", "geometry": {"type": "LineString", "coordinates": [[141.346039, 43.048696], [141.34595, 43.049355], [141.3459, 43.049763], [141.34585, 43.050121], [141.3458, 43.050505], [141.345739, 43.051005], [141.345675, 43.051438], [141.345588, 43.052113]]}, "properties": {"code": "112", "kind": "最高速度（３０Ｋ）", "shape": "2", "route": "", "crossing": "", "speed": "30", "n_lanes": "", "length": "360", "in_cordon": true, "dir_kind": ""}}, {"type": "Feature", "geometry": {"type": "LineString", "coordinates": [[141.338389, 43.054712], [141.338314, 43.055295], [141.338225, 43.05587], [141.338164, 43.056462], [141.338075, 43.057045]]}, "properties": {"code": "112", "kind": "最高速度（３０Ｋ）", "shape": "2", "route": "", "crossing": "", "speed": "30", "n_lanes": "", "length": "238", "in_cordon": false, "dir_kind": ""}}, {"type": "Feature", "geometry": {"type": "LineString", "coordinates": [[141.339758, 43.064089], [141.329136, 43.06263]]}, "properties": {"code": "112", "kind": "最高速度（３０Ｋ）", "shape": "2", "route": "", "crossing": "", "speed": "30", "n_lanes": "", "length": "900", "in_cordon": true, "dir_kind": ""}}, {"type": "Feature", "geometry": {"type": "LineString", "coordinates": [[141.345675, 43.051438], [141.343864, 43.051304], [141.3425, 43.051188], [141.342339, 43.051171]]}, "properties": {"code": "112", "kind": "最高速度（３０Ｋ）", "shape": "2", "route": "", "crossing": "", "speed": "30", "n_lanes": "", "length": "260", "in_cordon": true, "dir_kind": ""}}, {"type": "Feature", "geometry": {"type": "LineString", "coordinates": [[141.345675, 43.051013], [141.345527, 43.050999], [141.345297, 43.050993], [141.343964, 43.050913], [141.343914, 43.050921], [141.34385, 43.050921], [141.342389, 43.050821]]}, "properties": {"code": "112", "kind": "最高速度（３０Ｋ）", "shape": "2", "route": "", "crossing": "", "speed": "30", "n_lanes": "", "length": "260", "in_cordon": true, "dir_kind": ""}}, {"type": "Feature", "geometry": {"type": "LineString", "coordinates": [[141.349599, 43.050005], [141.349074, 43.049971], [141.3479, 43.049905], [141.346339, 43.049796], [141.3459, 43.049763], [141.344825, 43.049688], [141.344075, 43.049638], [141.343925, 43.049621], [141.343489, 43.049588], [141.34255, 43.04953]]}, "properties": {"code": "112", "kind": "最高速度（３０Ｋ）", "shape": "2", "route": "", "crossing": "", "speed": "30", "n_lanes": "", "length": "560", "in_cordon": false, "dir_kind": ""}}, {"type": "Feature", "geometry": {"type": "LineString", "coordinates": [[141.343953, 43.048888], [141.342767, 43.048838]]}, "properties": {"code": "112", "kind": "最高速度（３０Ｋ）", "shape": "2", "route": "", "crossing": "", "speed": "30", "n_lanes": "", "length": "90", "in_cordon": false, "dir_kind": ""}}, {"type": "Feature", "geometry": {"type": "LineString", "coordinates": [[141.343789, 43.051946], [141.3438, 43.051838], [141.343864, 43.051304], [141.343914, 43.050921], [141.343964, 43.050554], [141.343989, 43.050371], [141.344014, 43.050196], [141.344039, 43.050005], [141.344075, 43.049638], [141.343925, 43.049621], [141.343975, 43.049205], [141.344014, 43.048905], [141.34405, 43.048563]]}, "properties": {"code": "112", "kind": "最高速度（３０Ｋ）", "shape": "2", "route": "", "crossing": "", "speed": "30", "n_lanes": "", "length": "350", "in_cordon": true, "dir_kind": ""}}, {"type": "Feature", "geometry": {"type": "LineString", "coordinates": [[141.354788, 43.049888], [141.354324, 43.049847], [141.353813, 43.049772], [141.353713, 43.049747], [141.353638, 43.049713], [141.353599, 43.04968], [141.353038, 43.049655], [141.351513, 43.04963], [141.350438, 43.049596], [141.350163, 43.049605], [141.349649, 43.04958], [141.34795, 43.049488], [141.34595, 43.049355], [141.344039, 43.049205], [141.343975, 43.049205], [141.3439, 43.049213], [141.342658, 43.049127]]}, "properties": {"code": "112", "kind": "最高速度（３０Ｋ）", "shape": "2", "route": "", "crossing": "", "speed": "30", "n_lanes": "", "length": "1000", "in_cordon": false, "dir_kind": ""}}, {"type": "Feature", "geometry": {"type": "LineString", "coordinates": [[141.33731, 43.06823], [141.338882, 43.067577]]}, "properties": {"code": "112", "kind": "最高速度（３０Ｋ）", "shape": "2", "route": "", "crossing": "", "speed": "30", "n_lanes": "", "length": "150", "in_cordon": false, "dir_kind": ""}}, {"type": "Feature", "geometry": {"type": "LineString", "coordinates": [[141.346674, 43.056421], [141.345113, 43.056204], [141.343588, 43.056004], [141.343138, 43.055937], [141.341914, 43.055779]]}, "properties": {"code": "112", "kind": "最高速度（３０Ｋ）", "shape": "2", "route": "", "crossing": "", "speed": "30", "n_lanes": "", "length": "380", "in_cordon": true, "dir_kind": ""}}, {"type": "Feature", "geometry": {"type": "LineString", "coordinates": [[141.371046, 43.077094], [141.370896, 43.077019], [141.370485, 43.076886], [141.369671, 43.076611], [141.369396, 43.076494], [141.369246, 43.076436], [141.36916, 43.076402], [141.369021, 43.076327], [141.368485, 43.076019], [141.368085, 43.075819], [141.367696, 43.075694], [141.36731, 43.075586], [141.367121, 43.075519], [141.366935, 43.075461], [141.366785, 43.075419], [141.366635, 43.075361], [141.366272, 43.075244], [141.366135, 43.075194], [141.365922, 43.075119], [141.365072, 43.074819], [141.364636, 43.074653], [141.364461, 43.074561], [141.364247, 43.074436], [141.363997, 43.074286], [141.363886, 43.074203], [141.363497, 43.073719], [141.363122, 43.073319], [141.362972, 43.073186], [141.362797, 43.073019], [141.361936, 43.072136], [141.36178, 43.072], [141.360956, 43.071606], [141.35837, 43.070481]]}, "properties": {"code": "112", "kind": "最高速度（３０Ｋ）", "shape": "2", "route": "", "crossing": "", "speed": "30", "n_lanes": "", "length": "1250", "in_cordon": false, "dir_kind": ""}}, {"type": "Feature", "geometry": {"type": "LineString", "coordinates": [[141.353363, 43.048638], [141.353363, 43.048097], [141.353338, 43.047997], [141.352999, 43.047455], [141.352888, 43.047305], [141.352563, 43.047097], [141.352349, 43.046897], [141.352274, 43.046822], [141.352163, 43.046655], [141.352024, 43.046364], [141.351949, 43.046247], [141.351524, 43.045672], [141.351474, 43.045605], [141.351363, 43.044855], [141.351388, 43.044714], [141.351688, 43.04408], [141.351788, 43.043814], [141.351913, 43.043597], [141.352113, 43.043339], [141.35215, 43.043206], [141.35215, 43.043089], [141.352075, 43.042881], [141.352125, 43.042389], [141.352175, 43.041864], [141.3522, 43.041756], [141.352214, 43.041581], [141.352214, 43.041431]]}, "properties": {"code": "112", "kind": "最高速度（３０Ｋ）", "shape": "2", "route": "", "crossing": "", "speed": "30", "n_lanes": "", "length": "900", "in_cordon": false, "dir_kind": ""}}, {"type": "Feature", "geometry": {"type": "LineString", "coordinates": [[141.347039, 43.041064], [141.34695, 43.041647], [141.3469, 43.042031], [141.346889, 43.042114], [141.346825, 43.042705], [141.346739, 43.043364], [141.346639, 43.044014], [141.346614, 43.04418], [141.346589, 43.044347], [141.34655, 43.04468], [141.346464, 43.045355], [141.346414, 43.045722], [141.346375, 43.04603], [141.3463, 43.046697], [141.346214, 43.047347], [141.34615, 43.047847], [141.3461, 43.048172], [141.346039, 43.048696]]}, "properties": {"code": "112", "kind": "最高速度（３０Ｋ）", "shape": "2", "route": "", "crossing": "", "speed": "30", "n_lanes": "", "length": "850", "in_cordon": false, "dir_kind": ""}}, {"type": "Feature", "geometry": {"type": "LineString", "coordinates": [[141.345029, 43.068958], [141.344151, 43.068797], [141.343946, 43.068633], [141.343713, 43.068575], [141.34344, 43.068616], [141.342424, 43.068352], [141.342135, 43.068283], [141.341788, 43.068186]]}, "properties": {"code": "112", "kind": "最高速度（３０Ｋ）", "shape": "2", "route": "", "crossing": "", "speed": "30", "n_lanes": "", "length": "230", "in_cordon": false, "dir_kind": ""}}, {"type": "Feature", "geometry": {"type": "LineString", "coordinates": [[141.367786, 43.056913], [141.367686, 43.056863], [141.367398, 43.056796], [141.367286, 43.056755], [141.367161, 43.056688], [141.366898, 43.056496], [141.366312, 43.056055]]}, "properties": {"code": "112", "kind": "最高速度（３０Ｋ）", "shape": "2", "route": "", "crossing": "", "speed": "30", "n_lanes": "", "length": "150", "in_cordon": false, "dir_kind": ""}}, {"type": "Feature", "geometry": {"type": "LineString", "coordinates": [[141.364437, 43.054313], [141.365337, 43.053822], [141.365987, 43.053463], [141.366598, 43.05313], [141.366787, 43.05303], [141.366887, 43.052963], [141.367373, 43.05268], [141.367473, 43.05258]]}, "properties": {"code": "112", "kind": "最高速度（３０Ｋ）", "shape": "2", "route": "", "crossing": "", "speed": "30", "n_lanes": "", "length": "280", "in_cordon": false, "dir_kind": ""}}, {"type": "Feature", "geometry": {"type": "LineString", "coordinates": [[141.365337, 43.053822], [141.364848, 43.05338], [141.365112, 43.052697], [141.365162, 43.05253], [141.365162, 43.052422], [141.365173, 43.05218], [141.365148, 43.051905], [141.365112, 43.051705], [141.365098, 43.05168], [141.365023, 43.051247], [141.365062, 43.051088], [141.365048, 43.051022], [141.364954, 43.05075], [141.364937, 43.050541]]}, "properties": {"code": "112", "kind": "最高速度（３０Ｋ）", "shape": "2", "route": "", "crossing": "", "speed": "30", "n_lanes": "", "length": "390", "in_cordon": false, "dir_kind": ""}}, {"type": "Feature", "geometry": {"type": "LineString", "coordinates": [[141.353759, 43.062373], [141.353932, 43.062395]]}, "properties": {"code": "50", "kind": "車両横断禁止", "shape": "2", "route": "", "crossing": "", "speed": "", "n_lanes": "", "length": "", "in_cordon": true, "dir_kind": ""}}, {"type": "Feature", "geometry": {"type": "LineString", "coordinates": [[141.349999, 43.063012], [141.35121, 43.06317]]}, "properties": {"code": "50", "kind": "車両横断禁止", "shape": "2", "route": "", "crossing": "", "speed": "", "n_lanes": "", "length": "", "in_cordon": true, "dir_kind": ""}}, {"type": "Feature", "geometry": {"type": "LineString", "coordinates": [[141.343241, 43.054337], [141.342855, 43.054321]]}, "properties": {"code": "50", "kind": "車両横断禁止", "shape": "2", "route": "", "crossing": "", "speed": "", "n_lanes": "", "length": "", "in_cordon": true, "dir_kind": ""}}, {"type": "Feature", "geometry": {"type": "LineString", "coordinates": [[141.365856, 43.054908], [141.365984, 43.054827]]}, "properties": {"code": "50", "kind": "車両横断禁止", "shape": "2", "route": "", "crossing": "", "speed": "", "n_lanes": "", "length": "", "in_cordon": false, "dir_kind": ""}}, {"type": "Feature", "geometry": {"type": "LineString", "coordinates": [[141.351798, 43.062062], [141.353273, 43.06227], [141.354037, 43.06237], [141.354862, 43.062487], [141.356437, 43.062704], [141.356923, 43.06277], [141.357698, 43.062862], [141.358487, 43.062962], [141.359248, 43.06307], [141.360037, 43.063179], [141.360823, 43.063287], [141.361587, 43.063387], [141.361773, 43.063412], [141.363336, 43.063612], [141.364022, 43.063712], [141.364761, 43.063812], [141.364872, 43.063829], [141.364936, 43.063837], [141.366297, 43.064029], [141.367286, 43.064154], [141.368647, 43.064337], [141.368736, 43.064354], [141.368936, 43.064379], [141.369422, 43.064445], [141.369897, 43.064512], [141.370022, 43.064529], [141.370597, 43.064612], [141.370672, 43.06462], [141.370961, 43.064662], [141.371311, 43.064704], [141.371761, 43.064762], [141.372047, 43.064796], [141.372461, 43.064854], [141.372847, 43.064904], [141.37416, 43.065096], [141.374247, 43.065104], [141.376135, 43.065362], [141.376235, 43.065379], [141.377285, 43.065512], [141.378546, 43.065704], [141.379371, 43.065879], [141.379485, 43.065904], [141.379621, 43.065929], [141.379485, 43.065904], [141.380021, 43.065218]]}, "properties": {"code": "51", "kind": "転回禁止", "shape": "2", "route": "", "crossing": "", "speed": "", "n_lanes": "", "length": "1800", "in_cordon": true, "dir_kind": ""}}, {"type": "Feature", "geometry": {"type": "LineString", "coordinates": [[141.351746, 43.061956], [141.352015, 43.060848], [141.35221, 43.060115], [141.352382, 43.059382], [141.352485, 43.058957], [141.352621, 43.058423], [141.352776, 43.057823], [141.352915, 43.057229], [141.353065, 43.056674], [141.353196, 43.05611], [141.353263, 43.055829], [141.353318, 43.055604]]}, "properties": {"code": "51", "kind": "転回禁止", "shape": "2", "route": "", "crossing": "", "speed": "", "n_lanes": "", "length": "770", "in_cordon": true, "dir_kind": ""}}, {"type": "Feature", "geometry": {"type": "LineString", "coordinates": [[141.357212, 43.059637], [141.356473, 43.059537], [141.355648, 43.059429], [141.354048, 43.059204], [141.352562, 43.058996], [141.352182, 43.058946]]}, "properties": {"code": "51", "kind": "転回禁止", "shape": "2", "route": "", "crossing": "", "speed": "", "n_lanes": "", "length": "420", "in_cordon": true, "dir_kind": ""}}, {"type": "Feature", "geometry": {"type": "LineString", "coordinates": [[141.355298, 43.067386], [141.353673, 43.067186], [141.352098, 43.066986], [141.350787, 43.066811], [141.350523, 43.06677], [141.350212, 43.066728], [141.349373, 43.066611], [141.348962, 43.066561], [141.347399, 43.066328], [141.345824, 43.066128]]}, "properties": {"code": "51", "kind": "転回禁止", "shape": "2", "route": "", "crossing": "", "speed": "", "n_lanes": "", "length": "780", "in_cordon": true, "dir_kind": ""}}, {"type": "Feature", "geometry": {"type": "LineString", "coordinates": [[141.353074, 43.055657], [141.355096, 43.055921]]}, "properties": {"code": "51", "kind": "転回禁止", "shape": "2", "route": "", "crossing": "", "speed": "", "n_lanes": "", "length": "180", "in_cordon": true, "dir_kind": ""}}, {"type": "Feature", "geometry": {"type": "LineString", "coordinates": [[141.353324, 43.055579], [141.353513, 43.054921], [141.353649, 43.054413], [141.353774, 43.053896], [141.353888, 43.05348], [141.353949, 43.053271], [141.354088, 43.052705], [141.354224, 43.05213], [141.354349, 43.05153], [141.354424, 43.051263], [141.354499, 43.050946], [141.354549, 43.05078], [141.354624, 43.050513], [141.354649, 43.05038], [141.354788, 43.049888], [141.354924, 43.049355], [141.355038, 43.048863]]}, "properties": {"code": "51", "kind": "転回禁止", "shape": "2", "route": "", "crossing": "", "speed": "", "n_lanes": "", "length": "760", "in_cordon": true, "dir_kind": ""}}, {"type": "Feature", "geometry": {"type": "LineString", "coordinates": [[141.357099, 43.049097], [141.356763, 43.048397], [141.356438, 43.047022], [141.356374, 43.046755], [141.356349, 43.046547], [141.356363, 43.046405], [141.356399, 43.046164], [141.356574, 43.045664], [141.356649, 43.045414], [141.356638, 43.045106], [141.356613, 43.044989], [141.356563, 43.044414], [141.356538, 43.044081], [141.356524, 43.042831], [141.356524, 43.042722], [141.356499, 43.042106], [141.356499, 43.042023], [141.356488, 43.041756], [141.356438, 43.041406], [141.356363, 43.041139], [141.356074, 43.040214]]}, "properties": {"code": "51", "kind": "転回禁止", "shape": "2", "route": "", "crossing": "", "speed": "", "n_lanes": "", "length": "950", "in_cordon": false, "dir_kind": ""}}, {"type": "Feature", "geometry": {"type": "LineString", "coordinates": [[141.356763, 43.048397], [141.356613, 43.049063]]}, "properties": {"code": "51", "kind": "転回禁止", "shape": "2", "route": "", "crossing": "", "speed": "", "n_lanes": "", "length": "50", "in_cordon": false, "dir_kind": ""}}, {"type": "Feature", "geometry": {"type": "LineString", "coordinates": [[141.363773, 43.056138], [141.363873, 43.05608], [141.365037, 43.055346], [141.365223, 43.05523], [141.366223, 43.054605], [141.366473, 43.054455], [141.366862, 43.054222], [141.367598, 43.053755], [141.367987, 43.053513], [141.368311, 43.053305], [141.369561, 43.052538], [141.369698, 43.052455], [141.371047, 43.051597], [141.371311, 43.051447], [141.371622, 43.051255], [141.372061, 43.050989], [141.373197, 43.050272], [141.374547, 43.049439], [141.375286, 43.048981], [141.375472, 43.048856], [141.375661, 43.048747], [141.376086, 43.048497], [141.376597, 43.048172], [141.376711, 43.048089], [141.377297, 43.047731], [141.377386, 43.047681], [141.377572, 43.047581], [141.378486, 43.047006], [141.378861, 43.046773], [141.379322, 43.046489], [141.380011, 43.046056], [141.380097, 43.045998], [141.380922, 43.045481], [141.381011, 43.045423], [141.382097, 43.044756], [141.382697, 43.044415], [141.383297, 43.04404], [141.383397, 43.043981], [141.384572, 43.043257], [141.384647, 43.043207], [141.38601, 43.042382], [141.38671, 43.041957], [141.387072, 43.041748], [141.38771, 43.041357], [141.388321, 43.04099], [141.388921, 43.040607], [141.38921, 43.040424], [141.389385, 43.040307], [141.38966, 43.040074], [141.389796, 43.039949], [141.390096, 43.039649], [141.390246, 43.039507], [141.390421, 43.039332], [141.390596, 43.039166], [141.39076, 43.038982], [141.390835, 43.038874], [141.39101, 43.038632], [141.391271, 43.038249], [141.391421, 43.038007], [141.391635, 43.037691], [141.391896, 43.037291], [141.392246, 43.036757], [141.392471, 43.036416], [141.39276, 43.035974], [141.393285, 43.035166], [141.39336, 43.035049], [141.393496, 43.034833], [141.393571, 43.034708], [141.393771, 43.034391], [141.394035, 43.033983], [141.394296, 43.033583], [141.394371, 43.033483], [141.394621, 43.033083], [141.394785, 43.032825], [141.394846, 43.032725], [141.395035, 43.032441], [141.395446, 43.031833], [141.39556, 43.03165], [141.395685, 43.031466], [141.395935, 43.031092], [141.396035, 43.030933], [141.39621, 43.030658], [141.39641, 43.030342], [141.396696, 43.0299], [141.397146, 43.029225], [141.397196, 43.029133], [141.397485, 43.028683], [141.39766, 43.0284], [141.39771, 43.028334], [141.39776, 43.02825], [141.39801, 43.027842], [141.39831, 43.027184], [141.398796, 43.026167], [141.39901, 43.025717], [141.399296, 43.025226], [141.400046, 43.024476], [141.400196, 43.024342], [141.400921, 43.023667], [141.40131, 43.023292], [141.401471, 43.023151], [141.401646, 43.022976], [141.401685, 43.022951], [141.402346, 43.022334], [141.402671, 43.022026], [141.40321, 43.021526], [141.403671, 43.021093], [141.404571, 43.02026], [141.404696, 43.020168], [141.405096, 43.01986], [141.40586, 43.01931], [141.406296, 43.019043], [141.40681, 43.01876]]}, "properties": {"code": "51", "kind": "転回禁止", "shape": "2", "route": "", "crossing": "", "speed": "", "n_lanes": "", "length": "5600", "in_cordon": false, "dir_kind": ""}}, {"type": "Feature", "geometry": {"type": "LineString", "coordinates": [[141.350893, 43.065378], [141.350882, 43.065381], [141.351135, 43.064381], [141.351415, 43.063178], [141.35164, 43.062315], [141.351704, 43.06209]]}, "properties": {"code": "51", "kind": "転回禁止", "shape": "2", "route": "", "crossing": "", "speed": "", "n_lanes": "", "length": "370", "in_cordon": true, "dir_kind": ""}}, {"type": "Feature", "geometry": {"type": "LineString", "coordinates": [[141.342814, 43.055323], [141.342225, 43.055248]]}, "properties": {"code": "119", "kind": "車両通行帯、進行方向別通行区分、進路変更禁止（組合せ）", "shape": "2", "route": "", "crossing": "", "speed": "", "n_lanes": "4", "length": "1610", "in_cordon": true, "dir_kind": ""}}, {"type": "Feature", "geometry": {"type": "LineString", "coordinates": [[141.350518, 43.066367], [141.35044, 43.066617]]}, "properties": {"code": "119", "kind": "車両通行帯、進行方向別通行区分、進路変更禁止（組合せ）", "shape": "2", "route": "", "crossing": "", "speed": "", "n_lanes": "3", "length": "110", "in_cordon": true, "dir_kind": ""}}, {"type": "Feature", "geometry": {"type": "LineString", "coordinates": [[141.340969, 43.05897], [141.340952, 43.059295]]}, "properties": {"code": "119", "kind": "車両通行帯、進行方向別通行区分、進路変更禁止（組合せ）", "shape": "2", "route": "", "crossing": "", "speed": "", "n_lanes": "4", "length": "35", "in_cordon": true, "dir_kind": ""}}, {"type": "Feature", "geometry": {"type": "LineString", "coordinates": [[141.342891, 43.05436], [141.342347, 43.054326]]}, "properties": {"code": "119", "kind": "車両通行帯、進行方向別通行区分、進路変更禁止（組合せ）", "shape": "2", "route": "", "crossing": "", "speed": "", "n_lanes": "3", "length": "30", "in_cordon": true, "dir_kind": ""}}, {"type": "Feature", "geometry": {"type": "LineString", "coordinates": [[141.361479, 43.057429], [141.361592, 43.057004]]}, "properties": {"code": "119", "kind": "車両通行帯、進行方向別通行区分、進路変更禁止（組合せ）", "shape": "2", "route": "", "crossing": "", "speed": "", "n_lanes": "4", "length": "30", "in_cordon": false, "dir_kind": ""}}, {"type": "Feature", "geometry": {"type": "LineString", "coordinates": [[141.34245, 43.052304], [141.342508, 43.051935]]}, "properties": {"code": "119", "kind": "車両通行帯、進行方向別通行区分、進路変更禁止（組合せ）", "shape": "2", "route": "", "crossing": "", "speed": "", "n_lanes": "3", "length": "30", "in_cordon": true, "dir_kind": ""}}, {"type": "Feature", "geometry": {"type": "LineString", "coordinates": [[141.357024, 43.054157], [141.357124, 43.053802]]}, "properties": {"code": "119", "kind": "車両通行帯、進行方向別通行区分、進路変更禁止（組合せ）", "shape": "2", "route": "", "crossing": "", "speed": "", "n_lanes": "3", "length": "250", "in_cordon": true, "dir_kind": ""}}, {"type": "Feature", "geometry": {"type": "LineString", "coordinates": [[141.35591, 43.055943], [141.355074, 43.055832]]}, "properties": {"code": "119", "kind": "車両通行帯、進行方向別通行区分、進路変更禁止（組合せ）", "shape": "2", "route": "", "crossing": "", "speed": "", "n_lanes": "4", "length": "70", "in_cordon": true, "dir_kind": ""}}, {"type": "Feature", "geometry": {"type": "LineString", "coordinates": [[141.341208, 43.059006], [141.341227, 43.058773]]}, "properties": {"code": "119", "kind": "車両通行帯、進行方向別通行区分、進路変更禁止（組合せ）", "shape": "2", "route": "", "crossing": "", "speed": "", "n_lanes": "4", "length": "30", "in_cordon": true, "dir_kind": ""}}, {"type": "Feature", "geometry": {"type": "LineString", "coordinates": [[141.351079, 43.062028], [141.351515, 43.062098]]}, "properties": {"code": "119", "kind": "車両通行帯、進行方向別通行区分、進路変更禁止（組合せ）", "shape": "2", "route": "", "crossing": "", "speed": "", "n_lanes": "4", "length": "30", "in_cordon": true, "dir_kind": ""}}, {"type": "Feature", "geometry": {"type": "LineString", "coordinates": [[141.337192, 43.058098], [141.336719, 43.058037]]}, "properties": {"code": "119", "kind": "車両通行帯、進行方向別通行区分、進路変更禁止（組合せ）", "shape": "2", "route": "", "crossing": "", "speed": "", "n_lanes": "3", "length": "30", "in_cordon": false, "dir_kind": ""}}, {"type": "Feature", "geometry": {"type": "LineString", "coordinates": [[141.358804, 43.053457], [141.358707, 43.053821]]}, "properties": {"code": "119", "kind": "車両通行帯、進行方向別通行区分、進路変更禁止（組合せ）", "shape": "2", "route": "", "crossing": "", "speed": "", "n_lanes": "4", "length": "30", "in_cordon": true, "dir_kind": ""}}, {"type": "Feature", "geometry": {"type": "LineString", "coordinates": [[141.358729, 43.055471], [141.358804, 43.055213]]}, "properties": {"code": "119", "kind": "車両通行帯、進行方向別通行区分、進路変更禁止（組合せ）", "shape": "2", "route": "", "crossing": "", "speed": "", "n_lanes": "4", "length": "30", "in_cordon": true, "dir_kind": ""}}, {"type": "Feature", "geometry": {"type": "LineString", "coordinates": [[141.356023, 43.064626], [141.355973, 43.064889]]}, "properties": {"code": "119", "kind": "車両通行帯、進行方向別通行区分、進路変更禁止（組合せ）", "shape": "2", "route": "", "crossing": "", "speed": "", "n_lanes": "4", "length": "30", "in_cordon": true, "dir_kind": ""}}, {"type": "Feature", "geometry": {"type": "LineString", "coordinates": [[141.354565, 43.061198], [141.354962, 43.061245]]}, "properties": {"code": "119", "kind": "車両通行帯、進行方向別通行区分、進路変更禁止（組合せ）", "shape": "2", "route": "", "crossing": "", "speed": "", "n_lanes": "4", "length": "30", "in_cordon": true, "dir_kind": ""}}, {"type": "Feature", "geometry": {"type": "LineString", "coordinates": [[141.356304, 43.061484], [141.356609, 43.061526]]}, "properties": {"code": "119", "kind": "車両通行帯、進行方向別通行区分、進路変更禁止（組合せ）", "shape": "2", "route": "", "crossing": "", "speed": "", "n_lanes": "2", "length": "30", "in_cordon": true, "dir_kind": ""}}, {"type": "Feature", "geometry": {"type": "LineString", "coordinates": [[141.349446, 43.055051], [141.348849, 43.054979]]}, "properties": {"code": "119", "kind": "車両通行帯、進行方向別通行区分、進路変更禁止（組合せ）", "shape": "2", "route": "", "crossing": "", "speed": "", "n_lanes": "3", "length": "45", "in_cordon": true, "dir_kind": ""}}, {"type": "Feature", "geometry": {"type": "LineString", "coordinates": [[141.356211, 43.071878], [141.356136, 43.072175]]}, "properties": {"code": "119", "kind": "車両通行帯、進行方向別通行区分、進路変更禁止（組合せ）", "shape": "2", "route": "", "crossing": "", "speed": "", "n_lanes": "4", "length": "30", "in_cordon": false, "dir_kind": ""}}, {"type": "Feature", "geometry": {"type": "LineString", "coordinates": [[141.354503, 43.070519], [141.354448, 43.070722]]}, "properties": {"code": "119", "kind": "車両通行帯、進行方向別通行区分、進路変更禁止（組合せ）", "shape": "2", "route": "", "crossing": "", "speed": "", "n_lanes": "4", "length": "30", "in_cordon": false, "dir_kind": ""}}, {"type": "Feature", "geometry": {"type": "LineString", "coordinates": [[141.348004, 43.070372], [141.348087, 43.070086]]}, "properties": {"code": "119", "kind": "車両通行帯、進行方向別通行区分、進路変更禁止（組合せ）", "shape": "2", "route": "", "crossing": "", "speed": "", "n_lanes": "3", "length": "50", "in_cordon": false, "dir_kind": ""}}, {"type": "Feature", "geometry": {"type": "LineString", "coordinates": [[141.345054, 43.069189], [141.344999, 43.06945]]}, "properties": {"code": "119", "kind": "車両通行帯、進行方向別通行区分、進路変更禁止（組合せ）", "shape": "2", "route": "", "crossing": "", "speed": "", "n_lanes": "3", "length": "30", "in_cordon": false, "dir_kind": ""}}, {"type": "Feature", "geometry": {"type": "LineString", "coordinates": [[141.339896, 43.068483], [141.339319, 43.06843]]}, "properties": {"code": "119", "kind": "車両通行帯、進行方向別通行区分、進路変更禁止（組合せ）", "shape": "2", "route": "", "crossing": "", "speed": "", "n_lanes": "3", "length": "30", "in_cordon": false, "dir_kind": ""}}, {"type": "Feature", "geometry": {"type": "LineString", "coordinates": [[141.361017, 43.056641], [141.360256, 43.056535]]}, "properties": {"code": "119", "kind": "車両通行帯、進行方向別通行区分、進路変更禁止（組合せ）", "shape": "2", "route": "", "crossing": "", "speed": "", "n_lanes": "5", "length": "50", "in_cordon": false, "dir_kind": ""}}, {"type": "Feature", "geometry": {"type": "LineString", "coordinates": [[141.35219, 43.066536], [141.352115, 43.066839]]}, "properties": {"code": "119", "kind": "車両通行帯、進行方向別通行区分、進路変更禁止（組合せ）", "shape": "2", "route": "", "crossing": "", "speed": "", "n_lanes": "4", "length": "30", "in_cordon": true, "dir_kind": ""}}, {"type": "Feature", "geometry": {"type": "LineString", "coordinates": [[141.364817, 43.055569], [141.365184, 43.055324]]}, "properties": {"code": "119", "kind": "車両通行帯、進行方向別通行区分、進路変更禁止（組合せ）", "shape": "2", "route": "", "crossing": "", "speed": "", "n_lanes": "4", "length": "30", "in_cordon": false, "dir_kind": ""}}, {"type": "Feature", "geometry": {"type": "LineString", "coordinates": [[141.325117, 43.063374], [141.326989, 43.063627], [141.329436, 43.063961], [141.332136, 43.064319], [141.335341, 43.064761], [141.338449, 43.06518], [141.341371, 43.065572], [141.344788, 43.066042], [141.347171, 43.066358]]}, "properties": {"code": "65", "kind": "駐停車禁止", "shape": "2", "route": "", "crossing": "", "speed": "", "n_lanes": "", "length": "1830", "in_cordon": true, "dir_kind": ""}}, {"type": "Feature", "geometry": {"type": "LineString", "coordinates": [[141.342611, 43.04856], [141.342514, 43.049427], [141.342308, 43.050974], [141.342192, 43.052163], [141.342011, 43.053599], [141.341933, 43.054162], [141.341775, 43.055057], [141.34168, 43.055596], [141.341541, 43.056204], [141.34138, 43.05687], [141.341283, 43.057287], [141.34105, 43.058273], [141.340958, 43.058742], [141.340922, 43.059317], [141.340791, 43.059884], [141.340666, 43.060414]]}, "properties": {"code": "65", "kind": "駐停車禁止", "shape": "2", "route": "", "crossing": "", "speed": "", "n_lanes": "", "length": "1120", "in_cordon": true, "dir_kind": ""}}, {"type": "Feature", "geometry": {"type": "LineString", "coordinates": [[141.354815, 43.056051], [141.354535, 43.05714], [141.354254, 43.058276], [141.353915, 43.059515], [141.353732, 43.06019], [141.353543, 43.060948], [141.353304, 43.061904], [141.353101, 43.062728], [141.35294, 43.063378], [141.35289, 43.063578], [141.352687, 43.064389], [141.352568, 43.064853], [141.352273, 43.065984], [141.352182, 43.066336], [141.352082, 43.066809]]}, "properties": {"code": "65", "kind": "駐停車禁止", "shape": "2", "route": "", "crossing": "", "speed": "", "n_lanes": "", "length": "1260", "in_cordon": true, "dir_kind": ""}}, {"type": "Feature", "geometry": {"type": "LineString", "coordinates": [[141.364376, 43.055682], [141.363609, 43.056196], [141.363326, 43.056355], [141.362859, 43.056557], [141.362334, 43.056649], [141.361906, 43.056682], [141.361456, 43.056652], [141.360612, 43.056521], [141.358793, 43.056271], [141.355035, 43.055757]]}, "properties": {"code": "65", "kind": "駐停車禁止", "shape": "2", "route": "", "crossing": "", "speed": "", "n_lanes": "", "length": "810", "in_cordon": true, "dir_kind": ""}}, {"type": "Feature", "geometry": {"type": "LineString", "coordinates": [[141.351063, 43.058815], [141.352251, 43.058965]]}, "properties": {"code": "65", "kind": "駐停車禁止", "shape": "2", "route": "", "crossing": "", "speed": "", "n_lanes": "", "length": "110", "in_cordon": true, "dir_kind": ""}}, {"type": "Feature", "geometry": {"type": "LineString", "coordinates": [[141.353773, 43.067072], [141.354143, 43.065628], [141.354409, 43.064537], [141.354598, 43.063759], [141.354895, 43.06269], [141.355034, 43.062104], [141.355276, 43.061151], [141.355546, 43.060018], [141.355654, 43.059651], [141.355857, 43.058798], [141.356034, 43.058115], [141.356343, 43.056904], [141.356496, 43.05629]]}, "properties": {"code": "65", "kind": "駐停車禁止", "shape": "2", "route": "", "crossing": "", "speed": "", "n_lanes": "", "length": "1260", "in_cordon": true, "dir_kind": ""}}, {"type": "Feature", "geometry": {"type": "LineString", "coordinates": [[141.380002, 43.065237], [141.379515, 43.065843], [141.378718, 43.065698], [141.378082, 43.065576], [141.376249, 43.065334], [141.374996, 43.065173], [141.372608, 43.064846], [141.371552, 43.064698], [141.370044, 43.064498], [141.368855, 43.064334], [141.367011, 43.064079], [141.366533, 43.064015], [141.364517, 43.063757], [141.362523, 43.063465], [141.360425, 43.063198], [141.357259, 43.06277], [141.355515, 43.062534], [141.353434, 43.062237]]}, "properties": {"code": "65", "kind": "駐停車禁止", "shape": "2", "route": "", "crossing": "", "speed": "", "n_lanes": "", "length": "2270", "in_cordon": true, "dir_kind": ""}}, {"type": "Feature", "geometry": {"type": "LineString", "coordinates": [[141.340922, 43.060623], [141.343408, 43.060962], [141.345788, 43.061323], [141.347332, 43.061534], [141.347821, 43.061581], [141.349088, 43.061753], [141.351487, 43.06209]]}, "properties": {"code": "65", "kind": "駐停車禁止", "shape": "2", "route": "", "crossing": "", "speed": "", "n_lanes": "", "length": "890", "in_cordon": true, "dir_kind": ""}}, {"type": "Feature", "geometry": {"type": "LineString", "coordinates": [[141.326806, 43.058695], [141.328423, 43.058922], [141.329692, 43.0591], [141.331206, 43.059303], [141.332859, 43.059531], [141.334883, 43.059809], [141.33648, 43.060036], [141.338208, 43.060267], [141.340055, 43.060514], [141.340624, 43.060581]]}, "properties": {"code": "65", "kind": "駐停車禁止", "shape": "2", "route": "", "crossing": "", "speed": "", "n_lanes": "", "length": "1145", "in_cordon": true, "dir_kind": ""}}, {"type": "Feature", "geometry": {"type": "LineString", "coordinates": [[141.355384, 43.061384], [141.356593, 43.061554]]}, "properties": {"code": "65", "kind": "駐停車禁止", "shape": "2", "route": "", "crossing": "", "speed": "", "n_lanes": "", "length": "120", "in_cordon": true, "dir_kind": ""}}, {"type": "Feature", "geometry": {"type": "LineString", "coordinates": [[141.356851, 43.060859], [141.356695, 43.061479]]}, "properties": {"code": "65", "kind": "駐停車禁止", "shape": "2", "route": "", "crossing": "", "speed": "", "n_lanes": "", "length": "65", "in_cordon": true, "dir_kind": ""}}, {"type": "Feature", "geometry": {"type": "LineString", "coordinates": [[141.353767, 43.075419], [141.354275, 43.073277], [141.354606, 43.071983], [141.354828, 43.071033], [141.355148, 43.069861], [141.355376, 43.069036], [141.355442, 43.068775]]}, "properties": {"code": "65", "kind": "駐停車禁止", "shape": "2", "route": "", "crossing": "", "speed": "", "n_lanes": "", "length": "790", "in_cordon": false, "dir_kind": ""}}, {"type": "Feature", "geometry": {"type": "LineString", "coordinates": [[141.346274, 43.018922], [141.345643, 43.024244], [141.345179, 43.02786], [141.344651, 43.032223], [141.344087, 43.036634], [141.343562, 43.040781], [141.343011, 43.044952], [141.342595, 43.048316], [141.342606, 43.048324]]}, "properties": {"code": "65", "kind": "駐停車禁止", "shape": "2", "route": "", "crossing": "", "speed": "", "n_lanes": "", "length": "3400", "in_cordon": false, "dir_kind": ""}}, {"type": "Feature", "geometry": {"type": "LineString", "coordinates": [[141.467857, 42.978941], [141.467732, 42.979041], [141.467557, 42.979183], [141.467368, 42.979333], [141.466818, 42.979774], [141.466232, 42.980199], [141.465557, 42.980632], [141.465332, 42.980766], [141.464518, 42.981174], [141.463907, 42.981432], [141.462618, 42.981982], [141.462207, 42.982165], [141.461868, 42.982307], [141.461732, 42.982365], [141.460843, 42.982757], [141.460282, 42.983015], [141.458743, 42.983807], [141.458332, 42.984057], [141.457582, 42.984515], [141.456268, 42.985407], [141.454943, 42.98649], [141.453344, 42.987823], [141.452219, 42.988773], [141.450933, 42.989848], [141.450844, 42.989923], [141.449919, 42.990681], [141.449844, 42.990748], [141.449444, 42.991064], [141.448608, 42.991797], [141.448358, 42.991997], [141.447283, 42.992906], [141.446533, 42.99353], [141.446083, 42.993905], [141.446008, 42.993972], [141.445658, 42.994264], [141.444158, 42.995514], [141.444019, 42.99563], [141.443683, 42.995913], [141.443544, 42.996022], [141.442408, 42.99698], [141.441769, 42.997513], [141.441683, 42.997588], [141.441219, 42.997972], [141.441069, 42.998105], [141.440208, 42.998821], [141.439583, 42.999338], [141.439308, 42.99958], [141.438958, 42.999871], [141.438744, 43.000038], [141.438708, 43.000071], [141.438194, 43.000496], [141.437919, 43.000721], [141.436858, 43.001613], [141.435919, 43.002321], [141.435719, 43.002454], [141.43527, 43.002796], [141.433545, 43.003929], [141.433084, 43.004212], [141.432545, 43.004521], [141.431234, 43.005295], [141.430145, 43.005937], [141.429059, 43.006587], [141.428584, 43.006862], [141.427184, 43.007687], [141.42487, 43.009053], [141.424395, 43.009345], [141.422745, 43.010319], [141.421459, 43.011069], [141.42087, 43.011386], [141.420534, 43.011578], [141.420134, 43.011802], [141.41937, 43.012227], [141.41857, 43.012652], [141.418445, 43.012727], [141.418345, 43.012777], [141.416996, 43.013527], [141.416509, 43.013786], [141.416034, 43.014052], [141.41541, 43.014377], [141.414546, 43.014852], [141.413221, 43.015577], [141.412621, 43.015894], [141.412021, 43.01621], [141.411935, 43.016252], [141.410596, 43.016927], [141.409935, 43.017235], [141.408746, 43.017793], [141.40796, 43.018202], [141.40681, 43.01876], [141.406296, 43.019043], [141.40586, 43.01931], [141.405096, 43.01986], [141.404696, 43.020168], [141.404571, 43.02026], [141.403671, 43.021093], [141.40321, 43.021526], [141.402671, 43.022026], [141.402346, 43.022334], [141.401685, 43.022951], [141.401646, 43.022976], [141.401471, 43.023151], [141.40131, 43.023292], [141.400921, 43.023667], [141.400196, 43.024342], [141.400046, 43.024476], [141.399296, 43.025226], [141.39901, 43.025717], [141.398796, 43.026167], [141.39831, 43.027184], [141.39801, 43.027842], [141.39776, 43.02825], [141.39771, 43.028334], [141.39766, 43.0284], [141.397485, 43.028683], [141.397196, 43.029133], [141.397146, 43.029225], [141.396696, 43.0299], [141.39641, 43.030342], [141.39621, 43.030658], [141.396035, 43.030933], [141.395935, 43.031092], [141.395685, 43.031466], [141.39556, 43.03165], [141.395446, 43.031833], [141.395035, 43.032441], [141.394846, 43.032725], [141.394785, 43.032825], [141.394621, 43.033083], [141.394371, 43.033483], [141.394296, 43.033583], [141.394035, 43.033983], [141.393771, 43.034391], [141.393571, 43.034708], [141.393496, 43.034833], [141.39336, 43.035049], [141.393285, 43.035166], [141.39276, 43.035974], [141.392471, 43.036416], [141.392246, 43.036757], [141.391896, 43.037291], [141.391635, 43.037691], [141.391421, 43.038007], [141.391271, 43.038249], [141.39101, 43.038632], [141.390835, 43.038874], [141.39076, 43.038982], [141.390596, 43.039166], [141.390421, 43.039332], [141.390246, 43.039507], [141.390096, 43.039649], [141.389796, 43.039949], [141.38966, 43.040074], [141.389385, 43.040307], [141.38921, 43.040424], [141.388921, 43.040607], [141.388321, 43.04099], [141.38771, 43.041357], [141.387072, 43.041748], [141.38671, 43.041957], [141.38601, 43.042382], [141.384647, 43.043207], [141.384572, 43.043257], [141.383397, 43.043981], [141.383297, 43.04404], [141.382697, 43.044415], [141.382097, 43.044756], [141.381011, 43.045423], [141.380922, 43.045481], [141.380097, 43.045998], [141.380011, 43.046056], [141.379322, 43.046489], [141.378861, 43.046773], [141.378486, 43.047006], [141.377572, 43.047581], [141.377386, 43.047681], [141.377297, 43.047731], [141.376711, 43.048089], [141.376597, 43.048172], [141.376086, 43.048497], [141.375661, 43.048747], [141.375472, 43.048856], [141.375286, 43.048981], [141.374547, 43.049439], [141.373197, 43.050272], [141.372061, 43.050989], [141.371622, 43.051255], [141.371311, 43.051447], [141.371047, 43.051597], [141.369698, 43.052455], [141.369561, 43.052538], [141.368311, 43.053305], [141.367987, 43.053513], [141.367598, 43.053755], [141.366862, 43.054222], [141.366473, 43.054455], [141.366223, 43.054605], [141.365223, 43.05523], [141.364381, 43.055721]]}, "properties": {"code": "65", "kind": "駐停車禁止", "shape": "2", "route": "", "crossing": "", "speed": "", "n_lanes": "", "length": "12200", "in_cordon": false, "dir_kind": ""}}, {"type": "Feature", "geometry": {"type": "LineString", "coordinates": [[141.355412, 43.068964], [141.355587, 43.068217], [141.355656, 43.067945], [141.355809, 43.067295], [141.356015, 43.066523], [141.356212, 43.065725], [141.356353, 43.065148], [141.356579, 43.064348], [141.356773, 43.063584], [141.356951, 43.062845]]}, "properties": {"code": "65", "kind": "駐停車禁止", "shape": "2", "route": "", "crossing": "", "speed": "", "n_lanes": "", "length": "700", "in_cordon": true, "dir_kind": ""}}, {"type": "Feature", "geometry": {"type": "LineString", "coordinates": [[141.377627, 43.068198], [141.37608, 43.067751], [141.374102, 43.067481], [141.37238, 43.06724], [141.370636, 43.066992], [141.367289, 43.066529], [141.364675, 43.066173], [141.362239, 43.065848], [141.359567, 43.065478], [141.35957, 43.065473]]}, "properties": {"code": "65", "kind": "駐停車禁止", "shape": "2", "route": "", "crossing": "", "speed": "", "n_lanes": "", "length": "1500", "in_cordon": false, "dir_kind": ""}}, {"type": "Feature", "geometry": {"type": "LineString", "coordinates": [[141.351288, 43.050588], [141.350138, 43.050438]]}, "properties": {"code": "115", "kind": "駐車禁止", "shape": "2", "route": "", "crossing": "", "speed": "", "n_lanes": "", "length": "90", "in_cordon": false, "dir_kind": ""}}, {"type": "Feature", "geometry": {"type": "LineString", "coordinates": [[141.351807, 43.062687], [141.353004, 43.062859]]}, "properties": {"code": "115", "kind": "駐車禁止", "shape": "2", "route": "", "crossing": "", "speed": "", "n_lanes": "", "length": "105", "in_cordon": true, "dir_kind": ""}}, {"type": "Feature", "geometry": {"type": "LineString", "coordinates": [[141.341574, 43.060662], [141.341413, 43.061253], [141.341263, 43.061811]]}, "properties": {"code": "115", "kind": "駐車禁止", "shape": "2", "route": "", "crossing": "", "speed": "", "n_lanes": "", "length": "110", "in_cordon": true, "dir_kind": ""}}, {"type": "Feature", "geometry": {"type": "LineString", "coordinates": [[141.357974, 43.049122], [141.358013, 43.04918], [141.358224, 43.049563]]}, "properties": {"code": "115", "kind": "駐車禁止", "shape": "2", "route": "", "crossing": "", "speed": "", "n_lanes": "", "length": "60", "in_cordon": false, "dir_kind": ""}}, {"type": "Feature", "geometry": {"type": "LineString", "coordinates": [[141.33675, 43.051796], [141.337825, 43.051862]]}, "properties": {"code": "115", "kind": "駐車禁止", "shape": "2", "route": "", "crossing": "", "speed": "", "n_lanes": "", "length": "80", "in_cordon": false, "dir_kind": ""}}, {"type": "Feature", "geometry": {"type": "LineString", "coordinates": [[141.345772, 43.053971], [141.348649, 43.054351]]}, "properties": {"code": "115", "kind": "駐車禁止", "shape": "2", "route": "", "crossing": "", "speed": "", "n_lanes": "", "length": "250", "in_cordon": true, "dir_kind": ""}}, {"type": "Feature", "geometry": {"type": "LineString", "coordinates": [[141.346938, 43.055279], [141.345399, 43.055071]]}, "properties": {"code": "115", "kind": "駐車禁止", "shape": "2", "route": "", "crossing": "", "speed": "", "n_lanes": "", "length": "120", "in_cordon": true, "dir_kind": ""}}, {"type": "Feature", "geometry": {"type": "LineString", "coordinates": [[141.347663, 43.058937], [141.346088, 43.05872], [141.344538, 43.058504], [141.342974, 43.058295], [141.341363, 43.05807], [141.34115, 43.058045], [141.33985, 43.05787], [141.3383, 43.057653], [141.336739, 43.057445], [141.335175, 43.057237], [141.333625, 43.057028], [141.332764, 43.056912], [141.33205, 43.05682], [141.330514, 43.056603], [141.32894, 43.056395], [141.32824, 43.056303], [141.328065, 43.056303], [141.327365, 43.056203]]}, "properties": {"code": "115", "kind": "駐車禁止", "shape": "2", "route": "", "crossing": "", "speed": "", "n_lanes": "", "length": "1670", "in_cordon": true, "dir_kind": ""}}, {"type": "Feature", "geometry": {"type": "LineString", "coordinates": [[141.336489, 43.058395], [141.333422, 43.057995]]}, "properties": {"code": "115", "kind": "駐車禁止", "shape": "2", "route": "", "crossing": "", "speed": "", "n_lanes": "", "length": "250", "in_cordon": false, "dir_kind": ""}}, {"type": "Feature", "geometry": {"type": "LineString", "coordinates": [[141.336389, 43.058787], [141.334839, 43.05857], [141.333289, 43.058353], [141.331725, 43.058153], [141.330164, 43.057928], [141.328615, 43.05772]]}, "properties": {"code": "115", "kind": "駐車禁止", "shape": "2", "route": "", "crossing": "", "speed": "", "n_lanes": "", "length": "640", "in_cordon": false, "dir_kind": ""}}, {"type": "Feature", "geometry": {"type": "LineString", "coordinates": [[141.346771, 43.062028], [141.34548, 43.061853]]}, "properties": {"code": "115", "kind": "駐車禁止", "shape": "2", "route": "", "crossing": "", "speed": "", "n_lanes": "", "length": "110", "in_cordon": true, "dir_kind": ""}}, {"type": "Feature", "geometry": {"type": "LineString", "coordinates": [[141.359068, 43.05271], [141.359654, 43.052791], [141.359926, 43.052724]]}, "properties": {"code": "115", "kind": "駐車禁止", "shape": "2", "route": "", "crossing": "", "speed": "", "n_lanes": "", "length": "70", "in_cordon": true, "dir_kind": ""}}, {"type": "Feature", "geometry": {"type": "LineString", "coordinates": [[141.343761, 43.054385], [141.343802, 43.054076]]}, "properties": {"code": "115", "kind": "駐車禁止", "shape": "2", "route": "", "crossing": "", "speed": "", "n_lanes": "", "length": "35", "in_cordon": true, "dir_kind": ""}}, {"type": "Feature", "geometry": {"type": "LineString", "coordinates": [[141.352407, 43.065156], [141.351787, 43.065078], [141.351229, 43.065009]]}, "properties": {"code": "115", "kind": "駐車禁止", "shape": "2", "route": "", "crossing": "", "speed": "", "n_lanes": "", "length": "100", "in_cordon": true, "dir_kind": ""}}, {"type": "Feature", "geometry": {"type": "LineString", "coordinates": [[141.367147, 43.060996], [141.366261, 43.060879], [141.365472, 43.060762], [141.364698, 43.060671], [141.363923, 43.060562], [141.363148, 43.060454], [141.362362, 43.060346], [141.361587, 43.060237], [141.360798, 43.060129], [141.360023, 43.060021], [141.359237, 43.059921], [141.358448, 43.059812], [141.357673, 43.059704], [141.357212, 43.059637], [141.356473, 43.059537], [141.355648, 43.059429], [141.354048, 43.059204], [141.352562, 43.058996], [141.352399, 43.058979], [141.350924, 43.058779], [141.349349, 43.05857], [141.347799, 43.058362], [141.346249, 43.058145], [141.344674, 43.057945], [141.343099, 43.057729], [141.341513, 43.057512], [141.341289, 43.057479], [141.34, 43.057295], [141.338425, 43.057095], [141.338075, 43.057045], [141.336889, 43.056879], [141.335825, 43.05672], [141.335314, 43.056653], [141.333764, 43.056462], [141.332914, 43.056337], [141.3323, 43.056253], [141.332214, 43.056245], [141.332089, 43.056228], [141.330651, 43.056037], [141.330165, 43.055953], [141.32909, 43.055812], [141.328876, 43.055787], [141.328751, 43.055778], [141.328001, 43.05567], [141.327526, 43.05562]]}, "properties": {"code": "115", "kind": "駐車禁止", "shape": "2", "route": "", "crossing": "", "speed": "", "n_lanes": "", "length": "3260", "in_cordon": true, "dir_kind": ""}}, {"type": "Feature", "geometry": {"type": "LineString", "coordinates": [[141.356762, 43.06072], [141.336753, 43.057998]]}, "properties": {"code": "115", "kind": "駐車禁止", "shape": "2", "route": "", "crossing": "", "speed": "", "n_lanes": "", "length": "1670", "in_cordon": true, "dir_kind": ""}}, {"type": "Feature", "geometry": {"type": "LineString", "coordinates": [[141.354951, 43.060448], [141.354498, 43.06039]]}, "properties": {"code": "115", "kind": "駐車禁止", "shape": "2", "route": "", "crossing": "", "speed": "", "n_lanes": "", "length": "45", "in_cordon": true, "dir_kind": ""}}, {"type": "Feature", "geometry": {"type": "LineString", "coordinates": [[141.337055, 43.058917], [141.337486, 43.058978]]}, "properties": {"code": "115", "kind": "駐車禁止", "shape": "2", "route": "", "crossing": "", "speed": "", "n_lanes": "", "length": "30", "in_cordon": false, "dir_kind": ""}}, {"type": "Feature", "geometry": {"type": "LineString", "coordinates": [[141.351538, 43.059987], [141.351221, 43.059945]]}, "properties": {"code": "115", "kind": "駐車禁止", "shape": "2", "route": "", "crossing": "", "speed": "", "n_lanes": "", "length": "30", "in_cordon": true, "dir_kind": ""}}, {"type": "Feature", "geometry": {"type": "LineString", "coordinates": [[141.335774, 43.067702], [141.337313, 43.067902]]}, "properties": {"code": "115", "kind": "駐車禁止", "shape": "2", "route": "", "crossing": "", "speed": "", "n_lanes": "", "length": "120", "in_cordon": false, "dir_kind": ""}}, {"type": "Feature", "geometry": {"type": "LineString", "coordinates": [[141.336489, 43.053787], [141.334764, 43.05367]]}, "properties": {"code": "115", "kind": "駐車禁止", "shape": "2", "route": "", "crossing": "", "speed": "", "n_lanes": "", "length": "130", "in_cordon": false, "dir_kind": ""}}, {"type": "Feature", "geometry": {"type": "LineString", "coordinates": [[141.337589, 43.053671], [141.336514, 43.053604]]}, "properties": {"code": "115", "kind": "駐車禁止", "shape": "2", "route": "", "crossing": "", "speed": "", "n_lanes": "", "length": "80", "in_cordon": false, "dir_kind": ""}}, {"type": "Feature", "geometry": {"type": "LineString", "coordinates": [[141.344749, 43.06412], [141.346274, 43.064345]]}, "properties": {"code": "115", "kind": "駐車禁止", "shape": "2", "route": "", "crossing": "", "speed": "", "n_lanes": "", "length": "110", "in_cordon": true, "dir_kind": ""}}, {"type": "Feature", "geometry": {"type": "LineString", "coordinates": [[141.349112, 43.065978], [141.347549, 43.065761], [141.345974, 43.065545], [141.344513, 43.065353]]}, "properties": {"code": "115", "kind": "駐車禁止", "shape": "2", "route": "", "crossing": "", "speed": "", "n_lanes": "", "length": "370", "in_cordon": true, "dir_kind": ""}}, {"type": "Feature", "geometry": {"type": "LineString", "coordinates": [[141.334022, 43.068135], [141.333886, 43.068644], [141.333108, 43.068552], [141.333227, 43.068033]]}, "properties": {"code": "115", "kind": "駐車禁止", "shape": "2", "route": "", "crossing": "", "speed": "", "n_lanes": "", "length": "180", "in_cordon": false, "dir_kind": ""}}, {"type": "Feature", "geometry": {"type": "LineString", "coordinates": [[141.343964, 43.050554], [141.342564, 43.050463], [141.34245, 43.050421], [141.342439, 43.050471]]}, "properties": {"code": "115", "kind": "駐車禁止", "shape": "2", "route": "", "crossing": "", "speed": "", "n_lanes": "", "length": "110", "in_cordon": true, "dir_kind": ""}}, {"type": "Feature", "geometry": {"type": "LineString", "coordinates": [[141.345107, 43.06362], [141.346271, 43.063781]]}, "properties": {"code": "115", "kind": "駐車禁止", "shape": "2", "route": "", "crossing": "", "speed": "", "n_lanes": "", "length": "100", "in_cordon": true, "dir_kind": ""}}, {"type": "Feature", "geometry": {"type": "LineString", "coordinates": [[141.33549, 43.047971], [141.335451, 43.048313], [141.335426, 43.048496], [141.33539, 43.048804], [141.335365, 43.048988], [141.335301, 43.049479], [141.335276, 43.049654], [141.335265, 43.049788], [141.33524, 43.049971], [141.335151, 43.050637], [141.335064, 43.051321], [141.335001, 43.051837], [141.334976, 43.052004], [141.334951, 43.052162], [141.334939, 43.052237], [141.334925, 43.052379], [141.334914, 43.052496], [141.334889, 43.052687], [141.334864, 43.052879], [141.334825, 43.053162], [141.3348, 43.053371], [141.334764, 43.05367], [141.33475, 43.053762], [141.334689, 43.05422], [141.3347, 43.05437], [141.334975, 43.055404], [141.335314, 43.056653], [141.335175, 43.057237], [141.335025, 43.057845], [141.334939, 43.058187], [141.334839, 43.05857], [141.334689, 43.059145], [141.33455, 43.05972]]}, "properties": {"code": "115", "kind": "駐車禁止", "shape": "2", "route": "", "crossing": "", "speed": "", "n_lanes": "", "length": "1310", "in_cordon": false, "dir_kind": ""}}, {"type": "Feature", "geometry": {"type": "LineString", "coordinates": [[141.349729, 43.064311], [141.350796, 43.064448]]}, "properties": {"code": "115", "kind": "駐車禁止", "shape": "2", "route": "", "crossing": "", "speed": "", "n_lanes": "", "length": "100", "in_cordon": true, "dir_kind": ""}}, {"type": "Feature", "geometry": {"type": "LineString", "coordinates": [[141.385145, 43.067562], [141.383771, 43.06882], [141.383584, 43.068945], [141.383434, 43.069004], [141.383296, 43.069054], [141.383134, 43.069095], [141.382759, 43.069112], [141.381171, 43.068962], [141.38096, 43.068945], [141.380896, 43.068962], [141.380471, 43.068929], [141.379921, 43.068862], [141.379485, 43.068762], [141.378171, 43.068387], [141.377796, 43.068287], [141.377671, 43.068254], [141.37726, 43.068137], [141.37611, 43.067804], [141.375635, 43.06772], [141.374985, 43.067629], [141.37356, 43.067437], [141.373485, 43.06742], [141.372297, 43.067254], [141.371735, 43.067187], [141.371597, 43.06717], [141.371311, 43.067129], [141.371047, 43.067087], [141.370986, 43.067079], [141.370147, 43.066945], [141.369711, 43.066904], [141.369397, 43.066862], [141.368347, 43.06672], [141.367686, 43.066629], [141.366661, 43.066487], [141.365522, 43.066328], [141.365286, 43.066295], [141.365186, 43.066278], [141.364497, 43.066187], [141.364411, 43.06617], [141.363922, 43.066112], [141.363297, 43.066028], [141.362886, 43.06597], [141.361697, 43.065812], [141.360973, 43.065712], [141.360223, 43.065612], [141.359448, 43.065495], [141.358648, 43.065395], [141.357887, 43.065295], [141.356298, 43.06507], [141.355898, 43.06502], [141.355073, 43.064912], [141.354273, 43.064803], [141.353462, 43.064695], [141.352687, 43.064587], [141.351937, 43.064478], [141.351198, 43.064387]]}, "properties": {"code": "115", "kind": "駐車禁止", "shape": "2", "route": "", "crossing": "", "speed": "", "n_lanes": "", "length": "3000", "in_cordon": true, "dir_kind": ""}}, {"type": "Feature", "geometry": {"type": "LineString", "coordinates": [[141.334769, 43.068072], [141.33488, 43.067638]]}, "properties": {"code": "115", "kind": "駐車禁止", "shape": "2", "route": "", "crossing": "", "speed": "", "n_lanes": "", "length": "50", "in_cordon": false, "dir_kind": ""}}, {"type": "Feature", "geometry": {"type": "LineString", "coordinates": [[141.339127, 43.067644], [141.339135, 43.067372], [141.339205, 43.066839], [141.339527, 43.065519], [141.33981, 43.064406], [141.340074, 43.063389], [141.340402, 43.062103], [141.340774, 43.060648]]}, "properties": {"code": "115", "kind": "駐車禁止", "shape": "2", "route": "", "crossing": "", "speed": "", "n_lanes": "", "length": "800", "in_cordon": true, "dir_kind": ""}}, {"type": "Feature", "geometry": {"type": "LineString", "coordinates": [[141.331988, 43.069793], [141.332213, 43.068977], [141.3325, 43.067844], [141.332789, 43.066702], [141.332939, 43.066144], [141.333075, 43.065569], [141.3332, 43.065077], [141.333225, 43.065002], [141.333364, 43.064419], [141.333514, 43.063844], [141.33365, 43.063328], [141.333689, 43.063161], [141.333825, 43.062636], [141.333964, 43.062044], [141.334139, 43.061411], [141.334264, 43.060861], [141.33455, 43.05972]]}, "properties": {"code": "115", "kind": "駐車禁止", "shape": "2", "route": "", "crossing": "", "speed": "", "n_lanes": "", "length": "1140", "in_cordon": false, "dir_kind": ""}}, {"type": "Feature", "geometry": {"type": "LineString", "coordinates": [[141.342936, 43.058692], [141.343155, 43.057862]]}, "properties": {"code": "115", "kind": "駐車禁止", "shape": "2", "route": "", "crossing": "", "speed": "", "n_lanes": "", "length": "100", "in_cordon": true, "dir_kind": ""}}, {"type": "Feature", "geometry": {"type": "LineString", "coordinates": [[141.353973, 43.062495], [141.353712, 43.063406]]}, "properties": {"code": "115", "kind": "駐車禁止", "shape": "2", "route": "", "crossing": "", "speed": "", "n_lanes": "", "length": "100", "in_cordon": true, "dir_kind": ""}}, {"type": "Feature", "geometry": {"type": "LineString", "coordinates": [[141.360687, 43.05418], [141.360387, 43.055313], [141.360237, 43.055913], [141.360098, 43.056496]]}, "properties": {"code": "115", "kind": "駐車禁止", "shape": "2", "route": "", "crossing": "", "speed": "", "n_lanes": "", "length": "250", "in_cordon": true, "dir_kind": ""}}, {"type": "Feature", "geometry": {"type": "LineString", "coordinates": [[141.357503, 43.063909], [141.357717, 43.062973]]}, "properties": {"code": "115", "kind": "駐車禁止", "shape": "2", "route": "", "crossing": "", "speed": "", "n_lanes": "", "length": "110", "in_cordon": true, "dir_kind": ""}}, {"type": "Feature", "geometry": {"type": "LineString", "coordinates": [[141.359337, 43.056396], [141.359623, 43.055213], [141.359912, 43.05408], [141.360023, 43.053521], [141.360062, 43.053313], [141.360012, 43.053188]]}, "properties": {"code": "115", "kind": "駐車禁止", "shape": "2", "route": "", "crossing": "", "speed": "", "n_lanes": "", "length": "340", "in_cordon": true, "dir_kind": ""}}, {"type": "Feature", "geometry": {"type": "LineString", "coordinates": [[141.359351, 43.053094], [141.362223, 43.052477]]}, "properties": {"code": "115", "kind": "駐車禁止", "shape": "2", "route": "", "crossing": "", "speed": "", "n_lanes": "", "length": "200", "in_cordon": true, "dir_kind": ""}}, {"type": "Feature", "geometry": {"type": "LineString", "coordinates": [[141.357146, 43.04918], [141.357713, 43.050288], [141.358074, 43.051013], [141.358162, 43.051188], [141.358349, 43.051572], [141.358487, 43.051813], [141.358837, 43.052513], [141.358937, 43.052705]]}, "properties": {"code": "115", "kind": "駐車禁止", "shape": "2", "route": "", "crossing": "", "speed": "", "n_lanes": "", "length": "400", "in_cordon": true, "dir_kind": ""}}, {"type": "Feature", "geometry": {"type": "LineString", "coordinates": [[141.357812, 43.053902], [141.357279, 43.056024]]}, "properties": {"code": "115", "kind": "駐車禁止", "shape": "2", "route": "", "crossing": "", "speed": "", "n_lanes": "", "length": "250", "in_cordon": true, "dir_kind": ""}}, {"type": "Feature", "geometry": {"type": "LineString", "coordinates": [[141.356229, 43.060587], [141.356829, 43.058132], [141.357282, 43.056388]]}, "properties": {"code": "115", "kind": "駐車禁止", "shape": "2", "route": "", "crossing": "", "speed": "", "n_lanes": "", "length": "480", "in_cordon": true, "dir_kind": ""}}, {"type": "Feature", "geometry": {"type": "LineString", "coordinates": [[141.355073, 43.064912], [141.354762, 43.06612]]}, "properties": {"code": "115", "kind": "駐車禁止", "shape": "2", "route": "", "crossing": "", "speed": "", "n_lanes": "", "length": "110", "in_cordon": true, "dir_kind": ""}}, {"type": "Feature", "geometry": {"type": "LineString", "coordinates": [[141.353795, 43.067075], [141.354945, 43.062495], [141.355932, 43.058596], [141.356379, 43.056807], [141.356865, 43.054916], [141.357154, 43.053813]]}, "properties": {"code": "115", "kind": "駐車禁止", "shape": "2", "route": "", "crossing": "", "speed": "", "n_lanes": "", "length": "1500", "in_cordon": true, "dir_kind": ""}}, {"type": "Feature", "geometry": {"type": "LineString", "coordinates": [[141.357562, 43.051838], [141.357387, 43.052505], [141.357224, 43.05313], [141.357087, 43.053705]]}, "properties": {"code": "115", "kind": "駐車禁止", "shape": "2", "route": "", "crossing": "", "speed": "", "n_lanes": "", "length": "200", "in_cordon": true, "dir_kind": ""}}, {"type": "Feature", "geometry": {"type": "LineString", "coordinates": [[141.356613, 43.049063], [141.356474, 43.049563], [141.356324, 43.050105], [141.356163, 43.050713], [141.356124, 43.050913], [141.356063, 43.05113], [141.355788, 43.052338], [141.355649, 43.052905], [141.355499, 43.05348]]}, "properties": {"code": "115", "kind": "駐車禁止", "shape": "2", "route": "", "crossing": "", "speed": "", "n_lanes": "", "length": "480", "in_cordon": true, "dir_kind": ""}}, {"type": "Feature", "geometry": {"type": "LineString", "coordinates": [[141.354774, 43.056079], [141.354335, 43.057815], [141.35371, 43.060212], [141.353109, 43.062545], [141.352537, 43.064881], [141.352068, 43.066797]]}, "properties": {"code": "115", "kind": "駐車禁止", "shape": "2", "route": "", "crossing": "", "speed": "", "n_lanes": "", "length": "1240", "in_cordon": true, "dir_kind": ""}}, {"type": "Feature", "geometry": {"type": "LineString", "coordinates": [[141.352248, 43.063312], [141.351937, 43.064478], [141.351787, 43.065078]]}, "properties": {"code": "115", "kind": "駐車禁止", "shape": "2", "route": "", "crossing": "", "speed": "", "n_lanes": "", "length": "190", "in_cordon": true, "dir_kind": ""}}, {"type": "Feature", "geometry": {"type": "LineString", "coordinates": [[141.348962, 43.066561], [141.348698, 43.067553], [141.348637, 43.067803]]}, "properties": {"code": "115", "kind": "駐車禁止", "shape": "2", "route": "", "crossing": "", "speed": "", "n_lanes": "", "length": "125", "in_cordon": true, "dir_kind": ""}}, {"type": "Feature", "geometry": {"type": "LineString", "coordinates": [[141.352374, 43.053055], [141.352524, 43.052488], [141.352663, 43.051905], [141.352799, 43.05133], [141.352924, 43.050788], [141.353024, 43.050322], [141.353049, 43.050247], [141.353074, 43.050122], [141.353038, 43.049655], [141.352849, 43.048988], [141.352738, 43.048638]]}, "properties": {"code": "115", "kind": "駐車禁止", "shape": "2", "route": "", "crossing": "", "speed": "", "n_lanes": "", "length": "480", "in_cordon": true, "dir_kind": ""}}, {"type": "Feature", "geometry": {"type": "LineString", "coordinates": [[141.350522, 43.048769], [141.350441, 43.049572]]}, "properties": {"code": "115", "kind": "駐車禁止", "shape": "2", "route": "", "crossing": "", "speed": "", "n_lanes": "", "length": "90", "in_cordon": false, "dir_kind": ""}}, {"type": "Feature", "geometry": {"type": "LineString", "coordinates": [[141.349774, 43.048655], [141.349649, 43.04958], [141.349613, 43.049821], [141.349599, 43.050005], [141.349588, 43.050071], [141.349513, 43.051488], [141.349374, 43.052063], [141.349238, 43.052638], [141.349088, 43.053204], [141.348924, 43.053771], [141.348788, 43.054338], [141.348649, 43.054938]]}, "properties": {"code": "115", "kind": "駐車禁止", "shape": "2", "route": "", "crossing": "", "speed": "", "n_lanes": "", "length": "690", "in_cordon": true, "dir_kind": ""}}, {"type": "Feature", "geometry": {"type": "LineString", "coordinates": [[141.34805, 43.04868], [141.34795, 43.049488], [141.3479, 43.049905]]}, "properties": {"code": "115", "kind": "駐車禁止", "shape": "2", "route": "", "crossing": "", "speed": "", "n_lanes": "", "length": "120", "in_cordon": false, "dir_kind": ""}}, {"type": "Feature", "geometry": {"type": "LineString", "coordinates": [[141.346039, 43.048696], [141.34595, 43.049355], [141.3459, 43.049763], [141.34585, 43.050121], [141.3458, 43.050505], [141.345739, 43.051005], [141.345675, 43.051438], [141.345588, 43.052113]]}, "properties": {"code": "115", "kind": "駐車禁止", "shape": "2", "route": "", "crossing": "", "speed": "", "n_lanes": "", "length": "360", "in_cordon": true, "dir_kind": ""}}, {"type": "Feature", "geometry": {"type": "LineString", "coordinates": [[141.34405, 43.048563], [141.344014, 43.048905], [141.343975, 43.049205], [141.343925, 43.049621], [141.344075, 43.049638], [141.344039, 43.050005], [141.344014, 43.050196], [141.343989, 43.050371], [141.343964, 43.050554], [141.343914, 43.050921], [141.343864, 43.051304], [141.3438, 43.051838], [141.343789, 43.051946], [141.343789, 43.052054], [141.343689, 43.052763], [141.343639, 43.053104], [141.343589, 43.053454], [141.343544, 43.053857], [141.343558, 43.05394], [141.343536, 43.053996]]}, "properties": {"code": "115", "kind": "駐車禁止", "shape": "2", "route": "", "crossing": "", "speed": "", "n_lanes": "", "length": "600", "in_cordon": true, "dir_kind": ""}}, {"type": "Feature", "geometry": {"type": "LineString", "coordinates": [[141.341189, 43.048371], [141.341125, 43.048805], [141.3411, 43.049021], [141.34105, 43.049405], [141.340989, 43.049879], [141.34095, 43.050204], [141.340939, 43.050288], [141.340914, 43.050546], [141.340889, 43.050663], [141.340864, 43.050871], [141.34085, 43.051054], [141.340825, 43.051196], [141.340814, 43.051304], [141.340764, 43.051721]]}, "properties": {"code": "115", "kind": "駐車禁止", "shape": "2", "route": "", "crossing": "", "speed": "", "n_lanes": "", "length": "360", "in_cordon": false, "dir_kind": ""}}, {"type": "Feature", "geometry": {"type": "LineString", "coordinates": [[141.339825, 43.054904], [141.339914, 43.054162], [141.339939, 43.053996], [141.340039, 43.05329]]}, "properties": {"code": "115", "kind": "駐車禁止", "shape": "2", "route": "", "crossing": "", "speed": "", "n_lanes": "", "length": "180", "in_cordon": false, "dir_kind": ""}}, {"type": "Feature", "geometry": {"type": "LineString", "coordinates": [[141.339839, 43.051646], [141.339775, 43.052204], [141.339739, 43.052562]]}, "properties": {"code": "115", "kind": "駐車禁止", "shape": "2", "route": "", "crossing": "", "speed": "", "n_lanes": "", "length": "100", "in_cordon": false, "dir_kind": ""}}, {"type": "Feature", "geometry": {"type": "LineString", "coordinates": [[141.339014, 43.054787], [141.338875, 43.055362], [141.338714, 43.055937], [141.338575, 43.056512], [141.338425, 43.057095], [141.3383, 43.057653], [141.33815, 43.058253], [141.337964, 43.058978], [141.337664, 43.060145], [141.337375, 43.061286], [141.337239, 43.061853], [141.3371, 43.062395], [141.337064, 43.062511], [141.336925, 43.063069], [141.336788, 43.063578], [141.33675, 43.063753], [141.336625, 43.064278], [141.336475, 43.064844], [141.336338, 43.065411], [141.336199, 43.065986], [141.336049, 43.066561], [141.335913, 43.067102], [141.335774, 43.067702], [141.335688, 43.067927], [141.335424, 43.06826], [141.334438, 43.069394], [141.334313, 43.069544], [141.334263, 43.069627], [141.334188, 43.069844], [141.334124, 43.069969], [141.334099, 43.070027], [141.333988, 43.070177], [141.333188, 43.070935], [141.333049, 43.071027], [141.331488, 43.071718], [141.330638, 43.072101], [141.33015, 43.07231], [141.329613, 43.072551], [141.3284, 43.073068], [141.3283, 43.073118], [141.327689, 43.073393], [141.327625, 43.073426], [141.32415, 43.074959], [141.324064, 43.074993], [141.323989, 43.075026], [141.322889, 43.075509], [141.322525, 43.075617], [141.321639, 43.075859], [141.3214, 43.075917], [141.3212, 43.075967], [141.319875, 43.076326]]}, "properties": {"code": "115", "kind": "駐車禁止", "shape": "2", "route": "", "crossing": "", "speed": "", "n_lanes": "", "length": "3200", "in_cordon": false, "dir_kind": ""}}, {"type": "Feature", "geometry": {"type": "LineString", "coordinates": [[141.33905, 43.051596], [141.338989, 43.052137], [141.33895, 43.052446], [141.3389, 43.052829], [141.338864, 43.053196], [141.338814, 43.053546], [141.338775, 43.053896], [141.338664, 43.054745]]}, "properties": {"code": "115", "kind": "駐車禁止", "shape": "2", "route": "", "crossing": "", "speed": "", "n_lanes": "", "length": "340", "in_cordon": false, "dir_kind": ""}}, {"type": "Feature", "geometry": {"type": "LineString", "coordinates": [[141.339214, 43.04823], [141.339164, 43.048596], [141.339075, 43.049238], [141.339025, 43.049746], [141.338975, 43.050071], [141.338939, 43.050404], [141.338889, 43.050771], [141.33885, 43.051063], [141.338825, 43.051204], [141.338789, 43.051579], [141.338675, 43.052421], [141.338564, 43.053396], [141.338389, 43.054712], [141.338314, 43.055295], [141.338225, 43.05587], [141.338164, 43.056462], [141.338075, 43.057045]]}, "properties": {"code": "115", "kind": "駐車禁止", "shape": "2", "route": "", "crossing": "", "speed": "", "n_lanes": "", "length": "960", "in_cordon": false, "dir_kind": ""}}, {"type": "Feature", "geometry": {"type": "LineString", "coordinates": [[141.356474, 43.049563], [141.354924, 43.049355]]}, "properties": {"code": "115", "kind": "駐車禁止", "shape": "2", "route": "", "crossing": "", "speed": "", "n_lanes": "", "length": "110", "in_cordon": false, "dir_kind": ""}}, {"type": "Feature", "geometry": {"type": "LineString", "coordinates": [[141.351613, 43.049222], [141.350474, 43.049197]]}, "properties": {"code": "115", "kind": "駐車禁止", "shape": "2", "route": "", "crossing": "", "speed": "", "n_lanes": "", "length": "90", "in_cordon": false, "dir_kind": ""}}, {"type": "Feature", "geometry": {"type": "LineString", "coordinates": [[141.344014, 43.048905], [141.34265, 43.048805], [141.34265, 43.04888], [141.341125, 43.048805]]}, "properties": {"code": "115", "kind": "駐車禁止", "shape": "2", "route": "", "crossing": "", "speed": "", "n_lanes": "", "length": "230", "in_cordon": false, "dir_kind": ""}}, {"type": "Feature", "geometry": {"type": "LineString", "coordinates": [[141.358974, 43.049963], [141.357713, 43.050288], [141.357163, 43.050213], [141.356324, 43.050105], [141.354788, 43.049888], [141.354324, 43.049847], [141.353813, 43.049772], [141.353713, 43.049747], [141.353638, 43.049713], [141.353599, 43.04968], [141.353038, 43.049655], [141.351513, 43.04963], [141.350438, 43.049596], [141.350163, 43.049605], [141.349649, 43.04958], [141.34795, 43.049488], [141.34595, 43.049355], [141.344039, 43.049205], [141.343975, 43.049205], [141.3439, 43.049213], [141.342614, 43.049113]]}, "properties": {"code": "115", "kind": "駐車禁止", "shape": "2", "route": "", "crossing": "", "speed": "", "n_lanes": "", "length": "1350", "in_cordon": false, "dir_kind": ""}}, {"type": "Feature", "geometry": {"type": "LineString", "coordinates": [[141.349599, 43.050005], [141.349074, 43.049971], [141.3479, 43.049905], [141.346339, 43.049796], [141.3459, 43.049763], [141.344825, 43.049688], [141.344075, 43.049638], [141.343925, 43.049621], [141.343489, 43.049588], [141.34255, 43.04953], [141.341139, 43.049421], [141.34105, 43.049405], [141.340939, 43.049371], [141.339075, 43.049238], [141.337089, 43.049104], [141.335365, 43.048988]]}, "properties": {"code": "115", "kind": "駐車禁止", "shape": "2", "route": "", "crossing": "", "speed": "", "n_lanes": "", "length": "1160", "in_cordon": false, "dir_kind": ""}}, {"type": "Feature", "geometry": {"type": "LineString", "coordinates": [[141.359548, 43.051505], [141.358487, 43.051813], [141.358087, 43.051913], [141.357562, 43.051838], [141.356813, 43.05173], [141.356749, 43.051696], [141.356249, 43.05118], [141.356063, 43.05113], [141.355313, 43.05103], [141.355238, 43.050988], [141.354624, 43.050513], [141.354549, 43.05078], [141.354413, 43.05073], [141.354238, 43.050522], [141.354124, 43.050355], [141.354088, 43.050305], [141.353988, 43.050147], [141.353713, 43.049747], [141.353638, 43.049713], [141.353599, 43.04968], [141.353374, 43.049097], [141.353363, 43.048997], [141.353363, 43.048638]]}, "properties": {"code": "115", "kind": "駐車禁止", "shape": "2", "route": "", "crossing": "", "speed": "", "n_lanes": "", "length": "700", "in_cordon": false, "dir_kind": ""}}, {"type": "Feature", "geometry": {"type": "LineString", "coordinates": [[141.354624, 43.050513], [141.354463, 43.05043], [141.354288, 43.05018], [141.354288, 43.050113], [141.354324, 43.049847], [141.354349, 43.049647], [141.354313, 43.049313], [141.354138, 43.048863], [141.354124, 43.048738]]}, "properties": {"code": "115", "kind": "駐車禁止", "shape": "2", "route": "", "crossing": "", "speed": "", "n_lanes": "", "length": "180", "in_cordon": false, "dir_kind": ""}}, {"type": "Feature", "geometry": {"type": "LineString", "coordinates": [[141.354024, 43.050285], [141.35301, 43.050205], [141.353005, 43.05028], [141.351433, 43.050085]]}, "properties": {"code": "115", "kind": "駐車禁止", "shape": "2", "route": "", "crossing": "", "speed": "", "n_lanes": "", "length": "210", "in_cordon": false, "dir_kind": ""}}, {"type": "Feature", "geometry": {"type": "LineString", "coordinates": [[141.351413, 43.050096], [141.350149, 43.049955]]}, "properties": {"code": "115", "kind": "駐車禁止", "shape": "2", "route": "", "crossing": "", "speed": "", "n_lanes": "", "length": "100", "in_cordon": false, "dir_kind": ""}}, {"type": "Feature", "geometry": {"type": "LineString", "coordinates": [[141.354354, 43.050927], [141.352957, 43.050755], [141.351374, 43.050577]]}, "properties": {"code": "115", "kind": "駐車禁止", "shape": "2", "route": "", "crossing": "", "speed": "", "n_lanes": "", "length": "250", "in_cordon": false, "dir_kind": ""}}, {"type": "Feature", "geometry": {"type": "LineString", "coordinates": [[141.354199, 43.05148], [141.351283, 43.051105]]}, "properties": {"code": "115", "kind": "駐車禁止", "shape": "2", "route": "", "crossing": "", "speed": "", "n_lanes": "", "length": "250", "in_cordon": false, "dir_kind": ""}}, {"type": "Feature", "geometry": {"type": "LineString", "coordinates": [[141.354424, 43.051263], [141.354949, 43.051346], [141.355013, 43.05203], [141.355024, 43.052238]]}, "properties": {"code": "115", "kind": "駐車禁止", "shape": "2", "route": "", "crossing": "", "speed": "", "n_lanes": "", "length": "115", "in_cordon": true, "dir_kind": ""}}, {"type": "Feature", "geometry": {"type": "LineString", "coordinates": [[141.359257, 43.053874], [141.359351, 43.053374], [141.359479, 43.053316], [141.360098, 43.053188]]}, "properties": {"code": "115", "kind": "駐車禁止", "shape": "2", "route": "", "crossing": "", "speed": "", "n_lanes": "", "length": "110", "in_cordon": true, "dir_kind": ""}}, {"type": "Feature", "geometry": {"type": "LineString", "coordinates": [[141.34585, 43.050121], [141.344789, 43.050038], [141.344039, 43.050005]]}, "properties": {"code": "115", "kind": "駐車禁止", "shape": "2", "route": "", "crossing": "", "speed": "", "n_lanes": "", "length": "150", "in_cordon": false, "dir_kind": ""}}, {"type": "Feature", "geometry": {"type": "LineString", "coordinates": [[141.3458, 43.050505], [141.345425, 43.050463], [141.344739, 43.050413], [141.343989, 43.050371]]}, "properties": {"code": "115", "kind": "駐車禁止", "shape": "2", "route": "", "crossing": "", "speed": "", "n_lanes": "", "length": "150", "in_cordon": true, "dir_kind": ""}}, {"type": "Feature", "geometry": {"type": "LineString", "coordinates": [[141.340939, 43.050288], [141.342314, 43.050379], [141.34245, 43.050421]]}, "properties": {"code": "115", "kind": "駐車禁止", "shape": "2", "route": "", "crossing": "", "speed": "", "n_lanes": "", "length": "110", "in_cordon": false, "dir_kind": ""}}, {"type": "Feature", "geometry": {"type": "LineString", "coordinates": [[141.34095, 43.050204], [141.338975, 43.050071], [141.336975, 43.049938]]}, "properties": {"code": "115", "kind": "駐車禁止", "shape": "2", "route": "", "crossing": "", "speed": "", "n_lanes": "", "length": "320", "in_cordon": false, "dir_kind": ""}}, {"type": "Feature", "geometry": {"type": "LineString", "coordinates": [[141.340989, 43.049879], [141.34005, 43.049804], [141.339025, 43.049746], [141.337014, 43.049604]]}, "properties": {"code": "115", "kind": "駐車禁止", "shape": "2", "route": "", "crossing": "", "speed": "", "n_lanes": "", "length": "320", "in_cordon": false, "dir_kind": ""}}, {"type": "Feature", "geometry": {"type": "LineString", "coordinates": [[141.337, 43.049771], [141.336176, 43.049704], [141.335276, 43.049654]]}, "properties": {"code": "115", "kind": "駐車禁止", "shape": "2", "route": "", "crossing": "", "speed": "", "n_lanes": "", "length": "130", "in_cordon": false, "dir_kind": ""}}, {"type": "Feature", "geometry": {"type": "LineString", "coordinates": [[141.354213, 43.052738], [141.358651, 43.053349]]}, "properties": {"code": "115", "kind": "駐車禁止", "shape": "2", "route": "", "crossing": "", "speed": "", "n_lanes": "", "length": "380", "in_cordon": true, "dir_kind": ""}}, {"type": "Feature", "geometry": {"type": "LineString", "coordinates": [[141.349374, 43.052063], [141.347799, 43.051846], [141.34625, 43.051629]]}, "properties": {"code": "115", "kind": "駐車禁止", "shape": "2", "route": "", "crossing": "", "speed": "", "n_lanes": "", "length": "250", "in_cordon": true, "dir_kind": ""}}, {"type": "Feature", "geometry": {"type": "LineString", "coordinates": [[141.345675, 43.051438], [141.343864, 43.051304], [141.3425, 43.051188], [141.342339, 43.051171], [141.342239, 43.051154], [141.34085, 43.051054]]}, "properties": {"code": "115", "kind": "駐車禁止", "shape": "2", "route": "", "crossing": "", "speed": "", "n_lanes": "", "length": "390", "in_cordon": true, "dir_kind": ""}}, {"type": "Feature", "geometry": {"type": "LineString", "coordinates": [[141.340825, 43.051196], [141.33885, 43.051063]]}, "properties": {"code": "115", "kind": "駐車禁止", "shape": "2", "route": "", "crossing": "", "speed": "", "n_lanes": "", "length": "150", "in_cordon": false, "dir_kind": ""}}, {"type": "Feature", "geometry": {"type": "LineString", "coordinates": [[141.340864, 43.050871], [141.339639, 43.050804], [141.338889, 43.050771]]}, "properties": {"code": "115", "kind": "駐車禁止", "shape": "2", "route": "", "crossing": "", "speed": "", "n_lanes": "", "length": "150", "in_cordon": false, "dir_kind": ""}}, {"type": "Feature", "geometry": {"type": "LineString", "coordinates": [[141.342314, 43.051421], [141.340889, 43.051321], [141.340814, 43.051304]]}, "properties": {"code": "115", "kind": "駐車禁止", "shape": "2", "route": "", "crossing": "", "speed": "", "n_lanes": "", "length": "110", "in_cordon": false, "dir_kind": ""}}, {"type": "Feature", "geometry": {"type": "LineString", "coordinates": [[141.349088, 43.053204], [141.347524, 43.052996], [141.34595, 43.052779]]}, "properties": {"code": "115", "kind": "駐車禁止", "shape": "2", "route": "", "crossing": "", "speed": "", "n_lanes": "", "length": "250", "in_cordon": true, "dir_kind": ""}}, {"type": "Feature", "geometry": {"type": "LineString", "coordinates": [[141.342214, 43.052354], [141.342075, 43.052346], [141.339775, 43.052204], [141.338989, 43.052137]]}, "properties": {"code": "115", "kind": "駐車禁止", "shape": "2", "route": "", "crossing": "", "speed": "", "n_lanes": "", "length": "250", "in_cordon": false, "dir_kind": ""}}, {"type": "Feature", "geometry": {"type": "LineString", "coordinates": [[141.336725, 43.051954], [141.335001, 43.051837]]}, "properties": {"code": "115", "kind": "駐車禁止", "shape": "2", "route": "", "crossing": "", "speed": "", "n_lanes": "", "length": "130", "in_cordon": false, "dir_kind": ""}}, {"type": "Feature", "geometry": {"type": "LineString", "coordinates": [[141.342175, 43.052713], [141.34205, 43.052721], [141.339739, 43.052562], [141.338989, 43.052462], [141.33895, 43.052446], [141.338725, 43.052429], [141.338675, 43.052421], [141.338625, 43.052404], [141.33775, 43.052354], [141.336739, 43.052287], [141.336675, 43.052279], [141.33665, 43.052287], [141.334951, 43.052162]]}, "properties": {"code": "115", "kind": "駐車禁止", "shape": "2", "route": "", "crossing": "", "speed": "", "n_lanes": "", "length": "570", "in_cordon": true, "dir_kind": ""}}, {"type": "Feature", "geometry": {"type": "LineString", "coordinates": [[141.342139, 43.053046], [141.342025, 43.053054], [141.3389, 43.052829]]}, "properties": {"code": "115", "kind": "駐車禁止", "shape": "2", "route": "", "crossing": "", "speed": "", "n_lanes": "", "length": "250", "in_cordon": true, "dir_kind": ""}}, {"type": "Feature", "geometry": {"type": "LineString", "coordinates": [[141.340025, 43.05326], [141.338878, 43.053193]]}, "properties": {"code": "115", "kind": "駐車禁止", "shape": "2", "route": "", "crossing": "", "speed": "", "n_lanes": "", "length": "90", "in_cordon": false, "dir_kind": ""}}, {"type": "Feature", "geometry": {"type": "LineString", "coordinates": [[141.33655, 43.053279], [141.334825, 43.053162]]}, "properties": {"code": "115", "kind": "駐車禁止", "shape": "2", "route": "", "crossing": "", "speed": "", "n_lanes": "", "length": "130", "in_cordon": false, "dir_kind": ""}}, {"type": "Feature", "geometry": {"type": "LineString", "coordinates": [[141.345749, 43.053646], [141.345613, 43.053621], [141.343589, 43.053454], [141.342425, 43.053379], [141.342314, 43.053387]]}, "properties": {"code": "115", "kind": "駐車禁止", "shape": "2", "route": "", "crossing": "", "speed": "", "n_lanes": "", "length": "270", "in_cordon": true, "dir_kind": ""}}, {"type": "Feature", "geometry": {"type": "LineString", "coordinates": [[141.342, 43.054146], [141.340464, 43.054046], [141.3403, 43.054021], [141.339939, 43.053996], [141.338775, 43.053896]]}, "properties": {"code": "115", "kind": "駐車禁止", "shape": "2", "route": "", "crossing": "", "speed": "", "n_lanes": "", "length": "250", "in_cordon": true, "dir_kind": ""}}, {"type": "Feature", "geometry": {"type": "LineString", "coordinates": [[141.341825, 43.055179], [141.340575, 43.055004], [141.339825, 43.054904], [141.339014, 43.054787], [141.338664, 43.054745], [141.338389, 43.054712], [141.337475, 43.054595], [141.33705, 43.054537], [141.336389, 43.054487], [141.336264, 43.054479], [141.3347, 43.05437], [141.3343, 43.054337], [141.333001, 43.054245], [141.332651, 43.05422], [141.331226, 43.054129], [141.33064, 43.054087], [141.32964, 43.05402], [141.32959, 43.05402], [141.329215, 43.053987], [141.328415, 43.053929], [141.327876, 43.053904]]}, "properties": {"code": "115", "kind": "駐車禁止", "shape": "2", "route": "", "crossing": "", "speed": "", "n_lanes": "", "length": "1130", "in_cordon": true, "dir_kind": ""}}, {"type": "Feature", "geometry": {"type": "LineString", "coordinates": [[141.347938, 43.057787], [141.346374, 43.057579], [141.344824, 43.057362], [141.343263, 43.057145], [141.341639, 43.056929], [141.341439, 43.056895], [141.34015, 43.056729], [141.338575, 43.056512], [141.338164, 43.056462], [141.337014, 43.056304]]}, "properties": {"code": "115", "kind": "駐車禁止", "shape": "2", "route": "", "crossing": "", "speed": "", "n_lanes": "", "length": "890", "in_cordon": true, "dir_kind": ""}}, {"type": "Feature", "geometry": {"type": "LineString", "coordinates": [[141.357137, 43.061887], [141.357898, 43.061987], [141.358712, 43.062095], [141.359473, 43.062195], [141.360248, 43.062304], [141.361037, 43.062412], [141.361648, 43.062495], [141.361787, 43.062537], [141.361912, 43.062579], [141.362861, 43.062704], [141.362898, 43.062612], [141.363536, 43.062695]]}, "properties": {"code": "115", "kind": "駐車禁止", "shape": "2", "route": "", "crossing": "", "speed": "", "n_lanes": "", "length": "520", "in_cordon": true, "dir_kind": ""}}, {"type": "Feature", "geometry": {"type": "LineString", "coordinates": [[141.336569, 43.058867], [141.354945, 43.061337]]}, "properties": {"code": "115", "kind": "駐車禁止", "shape": "2", "route": "", "crossing": "", "speed": "", "n_lanes": "", "length": "1550", "in_cordon": true, "dir_kind": ""}}, {"type": "Feature", "geometry": {"type": "LineString", "coordinates": [[141.345452, 43.060626], [141.34261, 43.060217]]}, "properties": {"code": "115", "kind": "駐車禁止", "shape": "2", "route": "", "crossing": "", "speed": "", "n_lanes": "", "length": "250", "in_cordon": true, "dir_kind": ""}}, {"type": "Feature", "geometry": {"type": "LineString", "coordinates": [[141.334689, 43.059145], [141.333139, 43.058936], [141.331589, 43.05872], [141.330014, 43.058503], [141.328465, 43.058295], [141.32704, 43.058103], [141.32689, 43.058086]]}, "properties": {"code": "115", "kind": "駐車禁止", "shape": "2", "route": "", "crossing": "", "speed": "", "n_lanes": "", "length": "640", "in_cordon": false, "dir_kind": ""}}, {"type": "Feature", "geometry": {"type": "LineString", "coordinates": [[141.342199, 43.061362], [141.341413, 43.061253], [141.340638, 43.061136]]}, "properties": {"code": "115", "kind": "駐車禁止", "shape": "2", "route": "", "crossing": "", "speed": "", "n_lanes": "", "length": "110", "in_cordon": true, "dir_kind": ""}}, {"type": "Feature", "geometry": {"type": "LineString", "coordinates": [[141.339924, 43.064003], [141.338363, 43.063794], [141.336788, 43.063578], [141.33525, 43.063378], [141.333689, 43.063161], [141.332139, 43.062944], [141.331375, 43.062844], [141.330564, 43.062736], [141.329025, 43.062519]]}, "properties": {"code": "115", "kind": "駐車禁止", "shape": "2", "route": "", "crossing": "", "speed": "", "n_lanes": "", "length": "890", "in_cordon": true, "dir_kind": ""}}, {"type": "Feature", "geometry": {"type": "LineString", "coordinates": [[141.328975, 43.062694], [141.330514, 43.062903], [141.332089, 43.063119], [141.332875, 43.063228], [141.33365, 43.063328], [141.334375, 43.063436], [141.335189, 43.063536], [141.335989, 43.063653], [141.33675, 43.063753], [141.338313, 43.063961], [141.339874, 43.064186]]}, "properties": {"code": "115", "kind": "駐車禁止", "shape": "2", "route": "", "crossing": "", "speed": "", "n_lanes": "", "length": "890", "in_cordon": true, "dir_kind": ""}}, {"type": "Feature", "geometry": {"type": "LineString", "coordinates": [[141.339124, 43.066977], [141.337613, 43.066777], [141.336049, 43.066561]]}, "properties": {"code": "115", "kind": "駐車禁止", "shape": "2", "route": "", "crossing": "", "speed": "", "n_lanes": "", "length": "240", "in_cordon": false, "dir_kind": ""}}, {"type": "Feature", "geometry": {"type": "LineString", "coordinates": [[141.334488, 43.066361], [141.332939, 43.066144], [141.33215, 43.066027], [141.331389, 43.065919], [141.329825, 43.065711]]}, "properties": {"code": "115", "kind": "駐車禁止", "shape": "2", "route": "", "crossing": "", "speed": "", "n_lanes": "", "length": "370", "in_cordon": false, "dir_kind": ""}}, {"type": "Feature", "geometry": {"type": "LineString", "coordinates": [[141.358937, 43.05288], [141.358671, 43.053838]]}, "properties": {"code": "115", "kind": "駐車禁止", "shape": "2", "route": "", "crossing": "", "speed": "", "n_lanes": "", "length": "110", "in_cordon": true, "dir_kind": ""}}, {"type": "Feature", "geometry": {"type": "LineString", "coordinates": [[141.358085, 43.049169], [141.35854, 43.049114]]}, "properties": {"code": "115", "kind": "駐車禁止", "shape": "2", "route": "", "crossing": "", "speed": "", "n_lanes": "", "length": "60", "in_cordon": false, "dir_kind": ""}}, {"type": "Feature", "geometry": {"type": "LineString", "coordinates": [[141.358574, 43.048964], [141.358888, 43.049547], [141.359024, 43.04988], [141.359049, 43.049938], [141.359737, 43.051763], [141.360062, 43.05273], [141.360173, 43.052921]]}, "properties": {"code": "115", "kind": "駐車禁止", "shape": "2", "route": "", "crossing": "", "speed": "", "n_lanes": "", "length": "430", "in_cordon": true, "dir_kind": ""}}, {"type": "Feature", "geometry": {"type": "LineString", "coordinates": [[141.336839, 43.051063], [141.338825, 43.051204]]}, "properties": {"code": "115", "kind": "駐車禁止", "shape": "2", "route": "", "crossing": "", "speed": "", "n_lanes": "", "length": "150", "in_cordon": false, "dir_kind": ""}}, {"type": "Feature", "geometry": {"type": "LineString", "coordinates": [[141.364187, 43.056446], [141.364148, 43.056513], [141.363998, 43.057071], [141.363723, 43.058163], [141.363448, 43.059304], [141.363148, 43.060454]]}, "properties": {"code": "115", "kind": "駐車禁止", "shape": "2", "route": "", "crossing": "", "speed": "", "n_lanes": "", "length": "450", "in_cordon": false, "dir_kind": ""}}, {"type": "Feature", "geometry": {"type": "LineString", "coordinates": [[141.338488, 43.063278], [141.336925, 43.063069]]}, "properties": {"code": "115", "kind": "駐車禁止", "shape": "2", "route": "", "crossing": "", "speed": "", "n_lanes": "", "length": "110", "in_cordon": false, "dir_kind": ""}}, {"type": "Feature", "geometry": {"type": "LineString", "coordinates": [[141.339749, 43.064703], [141.338649, 43.064553], [141.338188, 43.064494]]}, "properties": {"code": "115", "kind": "駐車禁止", "shape": "2", "route": "", "crossing": "", "speed": "", "n_lanes": "", "length": "110", "in_cordon": true, "dir_kind": ""}}, {"type": "Feature", "geometry": {"type": "LineString", "coordinates": [[141.361597, 43.067045], [141.361472, 43.067595], [141.361361, 43.068134]]}, "properties": {"code": "115", "kind": "駐車禁止", "shape": "2", "route": "", "crossing": "", "speed": "", "n_lanes": "", "length": "120", "in_cordon": false, "dir_kind": ""}}, {"type": "Feature", "geometry": {"type": "LineString", "coordinates": [[141.362847, 43.067795], [141.361472, 43.067595]]}, "properties": {"code": "115", "kind": "駐車禁止", "shape": "2", "route": "", "crossing": "", "speed": "", "n_lanes": "", "length": "110", "in_cordon": false, "dir_kind": ""}}, {"type": "Feature", "geometry": {"type": "LineString", "coordinates": [[141.362703, 43.068317], [141.361406, 43.06815]]}, "properties": {"code": "115", "kind": "駐車禁止", "shape": "2", "route": "", "crossing": "", "speed": "", "n_lanes": "", "length": "110", "in_cordon": false, "dir_kind": ""}}, {"type": "Feature", "geometry": {"type": "LineString", "coordinates": [[141.351163, 43.051113], [141.350524, 43.05103]]}, "properties": {"code": "115", "kind": "駐車禁止", "shape": "2", "route": "", "crossing": "", "speed": "", "n_lanes": "", "length": "60", "in_cordon": false, "dir_kind": ""}}, {"type": "Feature", "geometry": {"type": "LineString", "coordinates": [[141.332264, 43.062428], [141.333825, 43.062636]]}, "properties": {"code": "115", "kind": "駐車禁止", "shape": "2", "route": "", "crossing": "", "speed": "", "n_lanes": "", "length": "110", "in_cordon": false, "dir_kind": ""}}, {"type": "Feature", "geometry": {"type": "LineString", "coordinates": [[141.335989, 43.063653], [141.335864, 43.064169], [141.3357, 43.064753]]}, "properties": {"code": "115", "kind": "駐車禁止", "shape": "2", "route": "", "crossing": "", "speed": "", "n_lanes": "", "length": "110", "in_cordon": false, "dir_kind": ""}}, {"type": "Feature", "geometry": {"type": "LineString", "coordinates": [[141.356163, 43.050713], [141.355438, 43.050613], [141.355399, 43.050655], [141.355313, 43.05103]]}, "properties": {"code": "115", "kind": "駐車禁止", "shape": "2", "route": "", "crossing": "", "speed": "", "n_lanes": "", "length": "100", "in_cordon": false, "dir_kind": ""}}, {"type": "Feature", "geometry": {"type": "LineString", "coordinates": [[141.335774, 43.067702], [141.334874, 43.067602], [141.334188, 43.06751]]}, "properties": {"code": "115", "kind": "駐車禁止", "shape": "2", "route": "", "crossing": "", "speed": "", "n_lanes": "", "length": "110", "in_cordon": false, "dir_kind": ""}}, {"type": "Feature", "geometry": {"type": "LineString", "coordinates": [[141.348774, 43.060601], [141.348563, 43.061409]]}, "properties": {"code": "115", "kind": "駐車禁止", "shape": "2", "route": "", "crossing": "", "speed": "", "n_lanes": "", "length": "100", "in_cordon": true, "dir_kind": ""}}, {"type": "Feature", "geometry": {"type": "LineString", "coordinates": [[141.342994, 43.057837], [141.342769, 43.058726]]}, "properties": {"code": "115", "kind": "駐車禁止", "shape": "2", "route": "", "crossing": "", "speed": "", "n_lanes": "", "length": "100", "in_cordon": true, "dir_kind": ""}}, {"type": "Feature", "geometry": {"type": "LineString", "coordinates": [[141.351296, 43.05526], [141.35096, 43.055213]]}, "properties": {"code": "115", "kind": "駐車禁止", "shape": "2", "route": "", "crossing": "", "speed": "", "n_lanes": "", "length": "33", "in_cordon": true, "dir_kind": ""}}, {"type": "Feature", "geometry": {"type": "LineString", "coordinates": [[141.346202, 43.064395], [141.346165, 43.064553]]}, "properties": {"code": "115", "kind": "駐車禁止", "shape": "2", "route": "", "crossing": "", "speed": "", "n_lanes": "", "length": "25", "in_cordon": true, "dir_kind": ""}}, {"type": "Feature", "geometry": {"type": "LineString", "coordinates": [[141.356812, 43.054846], [141.357623, 43.054946], [141.357987, 43.054996], [141.358437, 43.055055], [141.358523, 43.055063], [141.358712, 43.055096], [141.358823, 43.055113], [141.359623, 43.055213], [141.360387, 43.055313], [141.361187, 43.055421], [141.361962, 43.05553], [141.362787, 43.055655], [141.363023, 43.055671], [141.363148, 43.055596]]}, "properties": {"code": "115", "kind": "駐車禁止", "shape": "2", "route": "", "crossing": "", "speed": "", "n_lanes": "", "length": "530", "in_cordon": true, "dir_kind": ""}}, {"type": "Feature", "geometry": {"type": "LineString", "coordinates": [[141.360687, 43.05418], [141.359912, 43.05408], [141.359098, 43.053963], [141.358712, 43.053921], [141.357898, 43.053813], [141.357087, 43.053705]]}, "properties": {"code": "115", "kind": "駐車禁止", "shape": "2", "route": "", "crossing": "", "speed": "", "n_lanes": "", "length": "290", "in_cordon": true, "dir_kind": ""}}, {"type": "Feature", "geometry": {"type": "LineString", "coordinates": [[141.353324, 43.055579], [141.353513, 43.054921], [141.353649, 43.054413], [141.353774, 43.053896], [141.353888, 43.05348], [141.353949, 43.053271]]}, "properties": {"code": "115", "kind": "駐車禁止", "shape": "2", "route": "", "crossing": "", "speed": "", "n_lanes": "", "length": "260", "in_cordon": true, "dir_kind": ""}}, {"type": "Feature", "geometry": {"type": "LineString", "coordinates": [[141.353949, 43.053271], [141.354088, 43.052705], [141.354224, 43.05213], [141.354349, 43.05153], [141.354424, 43.051263], [141.354499, 43.050946], [141.354549, 43.05078], [141.354624, 43.050513], [141.354649, 43.05038], [141.354788, 43.049888], [141.354924, 43.049355], [141.355038, 43.048863]]}, "properties": {"code": "115", "kind": "駐車禁止", "shape": "2", "route": "", "crossing": "", "speed": "", "n_lanes": "", "length": "500", "in_cordon": true, "dir_kind": ""}}, {"type": "Feature", "geometry": {"type": "LineString", "coordinates": [[141.361662, 43.056713], [141.361962, 43.05553], [141.362048, 43.05523], [141.362112, 43.055046]]}, "properties": {"code": "115", "kind": "駐車禁止", "shape": "2", "route": "", "crossing": "", "speed": "", "n_lanes": "", "length": "180", "in_cordon": false, "dir_kind": ""}}, {"type": "Feature", "geometry": {"type": "LineString", "coordinates": [[141.344374, 43.059095], [141.344538, 43.058504], [141.344674, 43.057945], [141.344824, 43.057362], [141.344963, 43.056779], [141.345113, 43.056204], [141.345263, 43.055646], [141.345399, 43.055071], [141.345488, 43.054712], [141.345538, 43.054521], [141.345638, 43.054129], [141.345688, 43.053921], [141.345749, 43.053646], [141.345813, 43.053363], [141.345838, 43.053271], [141.345888, 43.053021], [141.34595, 43.052779], [141.3461, 43.052188], [141.34625, 43.051629], [141.3464, 43.051046]]}, "properties": {"code": "115", "kind": "駐車禁止", "shape": "2", "route": "", "crossing": "", "speed": "", "n_lanes": "", "length": "900", "in_cordon": true, "dir_kind": ""}}, {"type": "Feature", "geometry": {"type": "LineString", "coordinates": [[141.343763, 43.054604], [141.3437, 43.055196], [141.343738, 43.055354], [141.343713, 43.055437], [141.343588, 43.056004], [141.343475, 43.056504], [141.343438, 43.05657], [141.343375, 43.056662], [141.343263, 43.057145], [141.343099, 43.057729]]}, "properties": {"code": "115", "kind": "駐車禁止", "shape": "2", "route": "", "crossing": "", "speed": "", "n_lanes": "", "length": "400", "in_cordon": true, "dir_kind": ""}}, {"type": "Feature", "geometry": {"type": "LineString", "coordinates": [[141.337864, 43.051512], [141.337825, 43.051862], [141.33775, 43.052354], [141.337625, 43.053346], [141.337589, 43.053671], [141.337475, 43.054595], [141.337314, 43.055154], [141.337175, 43.055729]]}, "properties": {"code": "115", "kind": "駐車禁止", "shape": "2", "route": "", "crossing": "", "speed": "", "n_lanes": "", "length": "460", "in_cordon": false, "dir_kind": ""}}, {"type": "Feature", "geometry": {"type": "LineString", "coordinates": [[141.336864, 43.050763], [141.335151, 43.050637]]}, "properties": {"code": "115", "kind": "駐車禁止", "shape": "2", "route": "", "crossing": "", "speed": "", "n_lanes": "", "length": "130", "in_cordon": false, "dir_kind": ""}}, {"type": "Feature", "geometry": {"type": "LineString", "coordinates": [[141.345888, 43.053021], [141.345375, 43.052979], [141.34515, 43.052896], [141.343739, 43.052788], [141.343689, 43.052763], [141.343639, 43.052738], [141.342514, 43.052654], [141.342389, 43.052671]]}, "properties": {"code": "115", "kind": "駐車禁止", "shape": "2", "route": "", "crossing": "", "speed": "", "n_lanes": "", "length": "270", "in_cordon": true, "dir_kind": ""}}, {"type": "Feature", "geometry": {"type": "LineString", "coordinates": [[141.35324, 43.055663], [141.346152, 43.054729], [141.344577, 43.054601], [141.342172, 43.054443]]}, "properties": {"code": "115", "kind": "駐車禁止", "shape": "2", "route": "", "crossing": "", "speed": "", "n_lanes": "", "length": "910", "in_cordon": true, "dir_kind": ""}}, {"type": "Feature", "geometry": {"type": "LineString", "coordinates": [[141.365673, 43.058396], [141.365373, 43.058404], [141.365261, 43.058396], [141.364473, 43.058263], [141.363723, 43.058163], [141.362937, 43.058063], [141.362162, 43.057954], [141.361362, 43.057838]]}, "properties": {"code": "115", "kind": "駐車禁止", "shape": "2", "route": "", "crossing": "", "speed": "", "n_lanes": "", "length": "350", "in_cordon": false, "dir_kind": ""}}, {"type": "Feature", "geometry": {"type": "LineString", "coordinates": [[141.352787, 43.06697], [141.352479, 43.066922]]}, "properties": {"code": "115", "kind": "駐車禁止", "shape": "2", "route": "", "crossing": "", "speed": "", "n_lanes": "", "length": "15", "in_cordon": true, "dir_kind": ""}}, {"type": "Feature", "geometry": {"type": "LineString", "coordinates": [[141.342463, 43.066261], [141.342088, 43.066211], [141.341499, 43.066128], [141.339524, 43.065853], [141.339424, 43.065836], [141.337899, 43.065628], [141.336338, 43.065411], [141.334775, 43.065202], [141.334014, 43.065094], [141.333339, 43.065002], [141.333225, 43.065002], [141.33305, 43.064994], [141.332439, 43.064902]]}, "properties": {"code": "115", "kind": "駐車禁止", "shape": "2", "route": "", "crossing": "", "speed": "", "n_lanes": "", "length": "830", "in_cordon": false, "dir_kind": ""}}, {"type": "Feature", "geometry": {"type": "LineString", "coordinates": [[141.339855, 43.062767], [141.338891, 43.062633]]}, "properties": {"code": "115", "kind": "駐車禁止", "shape": "2", "route": "", "crossing": "", "speed": "", "n_lanes": "", "length": "110", "in_cordon": true, "dir_kind": ""}}, {"type": "Feature", "geometry": {"type": "LineString", "coordinates": [[141.360173, 43.052921], [141.360437, 43.053463], [141.360548, 43.053638], [141.360848, 43.05403], [141.361062, 43.054263], [141.361573, 43.054696], [141.362112, 43.055046], [141.362287, 43.055121], [141.363012, 43.05548], [141.363148, 43.055596], [141.363773, 43.056138], [141.364187, 43.056446], [141.364812, 43.057004], [141.365023, 43.057221], [141.365223, 43.057488], [141.365348, 43.057688], [141.365536, 43.058038], [141.365611, 43.058279], [141.365673, 43.058396], [141.365761, 43.058546], [141.365848, 43.058771], [141.365911, 43.059188], [141.366147, 43.059538], [141.366222, 43.059696], [141.366422, 43.060013], [141.366472, 43.060104], [141.366611, 43.060271], [141.367236, 43.060946], [141.367311, 43.061029], [141.367972, 43.061546], [141.368422, 43.061937], [141.368647, 43.062112], [141.368822, 43.062246], [141.369211, 43.062437], [141.369197, 43.062562]]}, "properties": {"code": "115", "kind": "駐車禁止", "shape": "2", "route": "", "crossing": "", "speed": "", "n_lanes": "", "length": "1300", "in_cordon": true, "dir_kind": ""}}, {"type": "Feature", "geometry": {"type": "LineString", "coordinates": [[141.364812, 43.057004], [141.364473, 43.058263], [141.364198, 43.059413], [141.363923, 43.060562], [141.363661, 43.061596], [141.363661, 43.061704], [141.363661, 43.061862], [141.363673, 43.062012], [141.363598, 43.062429], [141.363536, 43.062695], [141.363522, 43.06277], [141.363422, 43.063204], [141.363336, 43.063612]]}, "properties": {"code": "115", "kind": "駐車禁止", "shape": "2", "route": "", "crossing": "", "speed": "", "n_lanes": "", "length": "730", "in_cordon": false, "dir_kind": ""}}, {"type": "Feature", "geometry": {"type": "LineString", "coordinates": [[141.334139, 43.064528], [141.334125, 43.064636], [141.334014, 43.065094], [141.333864, 43.065669]]}, "properties": {"code": "115", "kind": "駐車禁止", "shape": "2", "route": "", "crossing": "", "speed": "", "n_lanes": "", "length": "110", "in_cordon": false, "dir_kind": ""}}, {"type": "Feature", "geometry": {"type": "LineString", "coordinates": [[141.365261, 43.058396], [141.365111, 43.059029], [141.364986, 43.059521], [141.364698, 43.060671], [141.364422, 43.061796]]}, "properties": {"code": "115", "kind": "駐車禁止", "shape": "2", "route": "", "crossing": "", "speed": "", "n_lanes": "", "length": "370", "in_cordon": false, "dir_kind": ""}}, {"type": "Feature", "geometry": {"type": "LineString", "coordinates": [[141.336625, 43.064278], [141.335864, 43.064169], [141.335064, 43.064061], [141.33425, 43.063953], [141.333514, 43.063844]]}, "properties": {"code": "115", "kind": "駐車禁止", "shape": "2", "route": "", "crossing": "", "speed": "", "n_lanes": "", "length": "240", "in_cordon": false, "dir_kind": ""}}, {"type": "Feature", "geometry": {"type": "LineString", "coordinates": [[141.336625, 43.052804], [141.334889, 43.052687]]}, "properties": {"code": "115", "kind": "駐車禁止", "shape": "2", "route": "", "crossing": "", "speed": "", "n_lanes": "", "length": "130", "in_cordon": false, "dir_kind": ""}}, {"type": "Feature", "geometry": {"type": "LineString", "coordinates": [[141.338761, 43.062775], [141.339966, 43.062945]]}, "properties": {"code": "115", "kind": "駐車禁止", "shape": "2", "route": "", "crossing": "", "speed": "", "n_lanes": "", "length": "110", "in_cordon": true, "dir_kind": ""}}, {"type": "Feature", "geometry": {"type": "LineString", "coordinates": [[141.360336, 43.068095], [141.358836, 43.06787], [141.358062, 43.06777], [141.357273, 43.067661], [141.355698, 43.067436], [141.355298, 43.067386], [141.353673, 43.067186], [141.352098, 43.066986], [141.350787, 43.066811], [141.350523, 43.06677], [141.350212, 43.066728], [141.349373, 43.066611], [141.348962, 43.066561], [141.347399, 43.066328], [141.345824, 43.066128], [141.344388, 43.065911], [141.342613, 43.065678], [141.342224, 43.065628], [141.341663, 43.065544], [141.339599, 43.065269], [141.338038, 43.065061], [141.336475, 43.064844], [141.3357, 43.064753], [141.334914, 43.064644], [141.334139, 43.064528], [141.333364, 43.064419], [141.332589, 43.064311], [141.331814, 43.064211], [141.330239, 43.063994], [141.329464, 43.063886], [141.328689, 43.063777], [141.3281, 43.063702], [141.327889, 43.063669], [141.327139, 43.063561], [141.325575, 43.063361], [141.324489, 43.063202], [141.324001, 43.063144], [141.32364, 43.063094], [141.322851, 43.062994], [141.322115, 43.062894], [141.32154, 43.062819]]}, "properties": {"code": "115", "kind": "駐車禁止", "shape": "2", "route": "", "crossing": "", "speed": "", "n_lanes": "", "length": "3200", "in_cordon": true, "dir_kind": ""}}, {"type": "Feature", "geometry": {"type": "LineString", "coordinates": [[141.352313, 43.059137], [141.352251, 43.059329]]}, "properties": {"code": "115", "kind": "駐車禁止", "shape": "2", "route": "", "crossing": "", "speed": "", "n_lanes": "", "length": "28", "in_cordon": true, "dir_kind": ""}}, {"type": "Feature", "geometry": {"type": "LineString", "coordinates": [[141.351482, 43.062451], [141.351385, 43.062826]]}, "properties": {"code": "115", "kind": "駐車禁止", "shape": "2", "route": "", "crossing": "", "speed": "", "n_lanes": "", "length": "45", "in_cordon": true, "dir_kind": ""}}, {"type": "Feature", "geometry": {"type": "LineString", "coordinates": [[141.351096, 43.06395], [141.351046, 43.064173]]}, "properties": {"code": "115", "kind": "駐車禁止", "shape": "2", "route": "", "crossing": "", "speed": "", "n_lanes": "", "length": "27", "in_cordon": true, "dir_kind": ""}}, {"type": "Feature", "geometry": {"type": "LineString", "coordinates": [[141.349887, 43.066592], [141.349554, 43.066558]]}, "properties": {"code": "115", "kind": "駐車禁止", "shape": "2", "route": "", "crossing": "", "speed": "", "n_lanes": "", "length": "33", "in_cordon": true, "dir_kind": ""}}, {"type": "Feature", "geometry": {"type": "LineString", "coordinates": [[141.353385, 43.055043], [141.35331, 43.055343]]}, "properties": {"code": "115", "kind": "駐車禁止", "shape": "2", "route": "", "crossing": "", "speed": "", "n_lanes": "", "length": "35", "in_cordon": true, "dir_kind": ""}}, {"type": "Feature", "geometry": {"type": "LineString", "coordinates": [[141.353676, 43.063595], [141.353129, 43.065767]]}, "properties": {"code": "115", "kind": "駐車禁止", "shape": "2", "route": "", "crossing": "", "speed": "", "n_lanes": "", "length": "250", "in_cordon": true, "dir_kind": ""}}, {"type": "Feature", "geometry": {"type": "LineString", "coordinates": [[141.34716, 43.067539], [141.347746, 43.065284]]}, "properties": {"code": "115", "kind": "駐車禁止", "shape": "2", "route": "", "crossing": "", "speed": "", "n_lanes": "", "length": "250", "in_cordon": true, "dir_kind": ""}}, {"type": "Feature", "geometry": {"type": "LineString", "coordinates": [[141.350163, 43.049605], [141.350149, 43.049955], [141.350138, 43.050438], [141.350138, 43.051571]]}, "properties": {"code": "115", "kind": "駐車禁止", "shape": "2", "route": "", "crossing": "", "speed": "", "n_lanes": "", "length": "200", "in_cordon": true, "dir_kind": ""}}, {"type": "Feature", "geometry": {"type": "LineString", "coordinates": [[141.341632, 43.065639], [141.341368, 43.066519]]}, "properties": {"code": "115", "kind": "駐車禁止", "shape": "2", "route": "", "crossing": "", "speed": "", "n_lanes": "", "length": "100", "in_cordon": true, "dir_kind": ""}}, {"type": "Feature", "geometry": {"type": "LineString", "coordinates": [[141.340439, 43.055579], [141.338875, 43.055362], [141.338314, 43.055295], [141.337314, 43.055154]]}, "properties": {"code": "115", "kind": "駐車禁止", "shape": "2", "route": "", "crossing": "", "speed": "", "n_lanes": "", "length": "240", "in_cordon": false, "dir_kind": ""}}, {"type": "Feature", "geometry": {"type": "LineString", "coordinates": [[141.358546, 43.049091], [141.358565, 43.049122], [141.358996, 43.049958], [141.35921, 43.050524], [141.359612, 43.051638], [141.359751, 43.051977]]}, "properties": {"code": "115", "kind": "駐車禁止", "shape": "2", "route": "", "crossing": "", "speed": "", "n_lanes": "", "length": "350", "in_cordon": false, "dir_kind": ""}}, {"type": "Feature", "geometry": {"type": "LineString", "coordinates": [[141.344171, 43.05997], [141.344049, 43.06042], [141.343935, 43.06092]]}, "properties": {"code": "115", "kind": "駐車禁止", "shape": "2", "route": "", "crossing": "", "speed": "", "n_lanes": "", "length": "110", "in_cordon": true, "dir_kind": ""}}, {"type": "Feature", "geometry": {"type": "LineString", "coordinates": [[141.350499, 43.053996], [141.348924, 43.053771], [141.347388, 43.053563], [141.345813, 43.053363], [141.345838, 43.053271], [141.345163, 43.053188], [141.344913, 43.053204], [141.3437, 43.053113], [141.343639, 43.053104], [141.342475, 43.053021], [141.34235, 43.053029]]}, "properties": {"code": "115", "kind": "駐車禁止", "shape": "2", "route": "", "crossing": "", "speed": "", "n_lanes": "", "length": "660", "in_cordon": true, "dir_kind": ""}}, {"type": "Feature", "geometry": {"type": "LineString", "coordinates": [[141.378671, 43.066904], [141.377921, 43.066787], [141.375946, 43.06652], [141.37551, 43.066462], [141.375296, 43.066429], [141.373871, 43.066237], [141.37311, 43.066137], [141.372572, 43.06607], [141.371897, 43.06597], [141.371811, 43.065962], [141.371311, 43.065895], [141.371261, 43.065887], [141.371136, 43.06587], [141.370036, 43.065729], [141.369736, 43.065679], [141.369422, 43.065637], [141.368661, 43.065537], [141.367986, 43.065445], [141.366997, 43.065312], [141.366497, 43.065245], [141.365922, 43.06517], [141.365472, 43.065104], [141.364622, 43.064987], [141.364472, 43.06497], [141.364197, 43.064929], [141.361498, 43.06457], [141.361298, 43.064545], [141.360523, 43.064429], [141.359737, 43.064329], [141.358962, 43.06422], [141.358198, 43.064112], [141.357437, 43.064012], [141.356648, 43.063903], [141.356162, 43.063837], [141.354573, 43.06362], [141.353762, 43.06352], [141.352998, 43.063412], [141.352248, 43.063312], [141.351498, 43.063203], [141.351337, 43.063178], [141.349862, 43.062978], [141.348313, 43.062778], [141.346738, 43.062562], [141.345282, 43.062356], [141.342124, 43.061928], [141.342063, 43.061911], [141.341974, 43.061903], [141.341263, 43.061811], [141.340499, 43.061711], [141.338963, 43.061486], [141.337375, 43.061286], [141.335814, 43.06107], [141.334264, 43.060861]]}, "properties": {"code": "115", "kind": "駐車禁止", "shape": "2", "route": "", "crossing": "", "speed": "", "n_lanes": "", "length": "3650", "in_cordon": true, "dir_kind": ""}}, {"type": "Feature", "geometry": {"type": "LineString", "coordinates": [[141.345952, 43.064845], [141.344802, 43.064695]]}, "properties": {"code": "115", "kind": "駐車禁止", "shape": "2", "route": "", "crossing": "", "speed": "", "n_lanes": "", "length": "100", "in_cordon": true, "dir_kind": ""}}, {"type": "Feature", "geometry": {"type": "LineString", "coordinates": [[141.336978, 43.056781], [141.337214, 43.055879]]}, "properties": {"code": "115", "kind": "駐車禁止", "shape": "2", "route": "", "crossing": "", "speed": "", "n_lanes": "", "length": "100", "in_cordon": false, "dir_kind": ""}}, {"type": "Feature", "geometry": {"type": "LineString", "coordinates": [[141.337061, 43.055862], [141.336842, 43.056734]]}, "properties": {"code": "115", "kind": "駐車禁止", "shape": "2", "route": "", "crossing": "", "speed": "", "n_lanes": "", "length": "100", "in_cordon": false, "dir_kind": ""}}, {"type": "Feature", "geometry": {"type": "LineString", "coordinates": [[141.353101, 43.059179], [141.35344, 43.059221]]}, "properties": {"code": "115", "kind": "駐車禁止", "shape": "2", "route": "", "crossing": "", "speed": "", "n_lanes": "", "length": "19", "in_cordon": true, "dir_kind": ""}}, {"type": "Feature", "geometry": {"type": "LineString", "coordinates": [[141.35351, 43.059073], [141.353157, 43.059021]]}, "properties": {"code": "115", "kind": "駐車禁止", "shape": "2", "route": "", "crossing": "", "speed": "", "n_lanes": "", "length": "26", "in_cordon": true, "dir_kind": ""}}, {"type": "Feature", "geometry": {"type": "LineString", "coordinates": [[141.351374, 43.057321], [141.351424, 43.057154]]}, "properties": {"code": "115", "kind": "駐車禁止", "shape": "2", "route": "", "crossing": "", "speed": "", "n_lanes": "", "length": "25", "in_cordon": true, "dir_kind": ""}}, {"type": "Feature", "geometry": {"type": "LineString", "coordinates": [[141.352638, 43.055401], [141.352257, 43.055349]]}, "properties": {"code": "115", "kind": "駐車禁止", "shape": "2", "route": "", "crossing": "", "speed": "", "n_lanes": "", "length": "50", "in_cordon": true, "dir_kind": ""}}, {"type": "Feature", "geometry": {"type": "LineString", "coordinates": [[141.343983, 43.050177], [141.343455, 43.050143]]}, "properties": {"code": "115", "kind": "駐車禁止", "shape": "2", "route": "", "crossing": "", "speed": "", "n_lanes": "", "length": "50", "in_cordon": false, "dir_kind": ""}}, {"type": "Feature", "geometry": {"type": "LineString", "coordinates": [[141.354846, 43.059373], [141.355426, 43.059454]]}, "properties": {"code": "115", "kind": "駐車禁止", "shape": "2", "route": "", "crossing": "", "speed": "", "n_lanes": "", "length": "25", "in_cordon": true, "dir_kind": ""}}, {"type": "Feature", "geometry": {"type": "LineString", "coordinates": [[141.33483, 43.067624], [141.334716, 43.068074]]}, "properties": {"code": "115", "kind": "駐車禁止", "shape": "2", "route": "", "crossing": "", "speed": "", "n_lanes": "", "length": "50", "in_cordon": false, "dir_kind": ""}}, {"type": "Feature", "geometry": {"type": "LineString", "coordinates": [[141.35529, 43.056096], [141.355582, 43.056127]]}, "properties": {"code": "115", "kind": "駐車禁止", "shape": "2", "route": "", "crossing": "", "speed": "", "n_lanes": "", "length": "25", "in_cordon": true, "dir_kind": ""}}, {"type": "Feature", "geometry": {"type": "LineString", "coordinates": [[141.376141, 43.065309], [141.376332, 43.064862], [141.374149, 43.064265], [141.373522, 43.064087], [141.373297, 43.064046], [141.37308, 43.064026], [141.371894, 43.063623], [141.370383, 43.063043], [141.369703, 43.06274], [141.369172, 43.06256], [141.368636, 43.062418], [141.367883, 43.062293], [141.366994, 43.062193], [141.364675, 43.061909], [141.362278, 43.06159], [141.359715, 43.061248], [141.35754, 43.060934]]}, "properties": {"code": "115", "kind": "駐車禁止", "shape": "2", "route": "", "crossing": "", "speed": "", "n_lanes": "", "length": "1660", "in_cordon": true, "dir_kind": ""}}, {"type": "Feature", "geometry": {"type": "LineString", "coordinates": [[141.341363, 43.06653], [141.340269, 43.06655], [141.339249, 43.066402], [141.337763, 43.066194], [141.336199, 43.065986], [141.334639, 43.065777], [141.333864, 43.065669], [141.333075, 43.065569], [141.3323, 43.065461], [141.331525, 43.065344], [141.3304, 43.065202], [141.329964, 43.065136], [141.329164, 43.065019], [141.328389, 43.064927], [141.327825, 43.064844], [141.32685, 43.064711], [141.325289, 43.064494], [141.324201, 43.064352], [141.323714, 43.064294], [141.323351, 43.064244], [141.323065, 43.064202], [141.32194, 43.064052], [141.321276, 43.063952]]}, "properties": {"code": "115", "kind": "駐車禁止", "shape": "2", "route": "", "crossing": "", "speed": "", "n_lanes": "", "length": "1650", "in_cordon": false, "dir_kind": ""}}, {"type": "Feature", "geometry": {"type": "LineString", "coordinates": [[141.353696, 43.055874], [141.35449, 43.055979]]}, "properties": {"code": "115", "kind": "駐車禁止", "shape": "2", "route": "", "crossing": "", "speed": "", "n_lanes": "", "length": "55", "in_cordon": true, "dir_kind": ""}}, {"type": "Feature", "geometry": {"type": "LineString", "coordinates": [[141.326751, 43.058645], [141.328314, 43.058861], [141.329875, 43.05907], [141.33145, 43.059286], [141.333014, 43.059503], [141.33455, 43.05972], [141.3361, 43.059928], [141.337664, 43.060145], [141.339238, 43.060353], [141.340774, 43.060553]]}, "properties": {"code": "115", "kind": "駐車禁止", "shape": "2", "route": "", "crossing": "", "speed": "", "n_lanes": "", "length": "1145", "in_cordon": true, "dir_kind": ""}}, {"type": "Feature", "geometry": {"type": "LineString", "coordinates": [[141.350799, 43.052846], [141.349238, 43.052638], [141.347649, 43.052404], [141.3461, 43.052188], [141.345588, 43.052113], [141.343914, 43.051954], [141.343789, 43.051946], [141.342664, 43.051838], [141.342489, 43.051821], [141.342314, 43.051821], [141.340764, 43.051721], [141.339839, 43.051646], [141.33905, 43.051596], [141.338789, 43.051579], [141.337864, 43.051512], [141.336789, 43.051446], [141.335064, 43.051321], [141.334401, 43.051271], [141.33414, 43.051254], [141.333365, 43.051204], [141.331676, 43.051087], [141.330826, 43.051029], [141.329976, 43.050971], [141.32924, 43.050912], [141.328276, 43.050846]]}, "properties": {"code": "115", "kind": "駐車禁止", "shape": "2", "route": "", "crossing": "", "speed": "", "n_lanes": "", "length": "1840", "in_cordon": true, "dir_kind": ""}}, {"type": "Feature", "geometry": {"type": "LineString", "coordinates": [[141.351763, 43.048638], [141.351613, 43.049222], [141.351513, 43.04963], [141.351413, 43.050096], [141.351288, 43.050588], [141.351163, 43.051113], [141.351049, 43.051596], [141.351049, 43.051688], [141.351049, 43.05178], [141.350924, 43.052271], [141.350799, 43.052846], [141.350663, 43.053413], [141.350499, 43.053996], [141.350349, 43.054563], [141.350299, 43.054771], [141.350199, 43.055163], [141.350149, 43.055329], [141.350074, 43.055712], [141.349924, 43.056279], [141.349788, 43.056837], [141.349649, 43.057437], [141.349499, 43.058004], [141.349349, 43.05857], [141.349199, 43.059137], [141.349063, 43.059737], [141.348888, 43.060462]]}, "properties": {"code": "115", "kind": "駐車禁止", "shape": "2", "route": "", "crossing": "", "speed": "", "n_lanes": "", "length": "1320", "in_cordon": true, "dir_kind": ""}}, {"type": "Feature", "geometry": {"type": "LineString", "coordinates": [[141.337214, 43.048096], [141.337164, 43.048463], [141.337151, 43.048613], [141.337089, 43.049104], [141.337014, 43.049604], [141.337, 43.049771], [141.336975, 43.049938], [141.336939, 43.050254], [141.336864, 43.050763], [141.336839, 43.051063], [141.336789, 43.051446], [141.33675, 43.051796], [141.336725, 43.051954], [141.336675, 43.052279], [141.336639, 43.052621], [141.336625, 43.052804], [141.33655, 43.053279], [141.336514, 43.053604], [141.336489, 43.053787], [141.336389, 43.054487], [141.336114, 43.055595], [141.335825, 43.05672]]}, "properties": {"code": "115", "kind": "駐車禁止", "shape": "2", "route": "", "crossing": "", "speed": "", "n_lanes": "", "length": "950", "in_cordon": false, "dir_kind": ""}}, {"type": "Feature", "geometry": {"type": "LineString", "coordinates": [[141.361098, 43.058987], [141.361887, 43.059096], [141.362648, 43.059204], [141.363448, 43.059304], [141.364198, 43.059413], [141.364986, 43.059521], [141.365736, 43.059621], [141.366222, 43.059696]]}, "properties": {"code": "115", "kind": "駐車禁止", "shape": "2", "route": "", "crossing": "", "speed": "", "n_lanes": "", "length": "420", "in_cordon": false, "dir_kind": ""}}, {"type": "Feature", "geometry": {"type": "LineString", "coordinates": [[141.338733, 43.062059], [141.334219, 43.061442]]}, "properties": {"code": "115", "kind": "駐車禁止", "shape": "2", "route": "", "crossing": "", "speed": "", "n_lanes": "", "length": "370", "in_cordon": false, "dir_kind": ""}}, {"type": "Feature", "geometry": {"type": "LineString", "coordinates": [[141.341494, 43.056345], [141.336103, 43.055595]]}, "properties": {"code": "115", "kind": "駐車禁止", "shape": "2", "route": "", "crossing": "", "speed": "", "n_lanes": "", "length": "450", "in_cordon": true, "dir_kind": ""}}, {"type": "Feature", "geometry": {"type": "LineString", "coordinates": [[141.342824, 43.058887], [141.342649, 43.059603], [141.342499, 43.06017], [141.342349, 43.060778], [141.342199, 43.061362], [141.342063, 43.061911]]}, "properties": {"code": "115", "kind": "駐車禁止", "shape": "2", "route": "", "crossing": "", "speed": "", "n_lanes": "", "length": "330", "in_cordon": true, "dir_kind": ""}}, {"type": "Feature", "geometry": {"type": "LineString", "coordinates": [[141.351565, 43.062037], [141.35129, 43.061998], [141.350138, 43.061842], [141.348574, 43.061637], [141.347024, 43.061428], [141.345877, 43.061264], [141.345513, 43.061212], [141.343924, 43.060995], [141.342349, 43.060778], [141.341574, 43.060662], [141.340774, 43.060553]]}, "properties": {"code": "115", "kind": "駐車禁止", "shape": "2", "route": "", "crossing": "", "speed": "", "n_lanes": "", "length": "890", "in_cordon": true, "dir_kind": ""}}, {"type": "Feature", "geometry": {"type": "LineString", "coordinates": [[141.340763, 43.060506], [141.341011, 43.059492], [141.341066, 43.059278], [141.341108, 43.058584], [141.341247, 43.058045], [141.341391, 43.057492], [141.341536, 43.056895], [141.341675, 43.056337], [141.341814, 43.055762], [141.341927, 43.055198], [141.342044, 43.054385], [141.342094, 43.054076], [141.342186, 43.053537], [141.342225, 43.053168], [141.342261, 43.052901], [141.342297, 43.052643], [141.342336, 43.052321], [141.342355, 43.052151], [141.342314, 43.051821], [141.342289, 43.051638], [141.342314, 43.051421], [141.342339, 43.051171], [141.342389, 43.050821], [141.3424, 43.050754], [141.342439, 43.050471], [141.34245, 43.050421], [141.34255, 43.04953], [141.342614, 43.049113], [141.34265, 43.04888], [141.34265, 43.048805], [141.342675, 43.048663], [141.342664, 43.048471]]}, "properties": {"code": "115", "kind": "駐車禁止", "shape": "2", "route": "", "crossing": "", "speed": "", "n_lanes": "", "length": "1350", "in_cordon": true, "dir_kind": ""}}, {"type": "Feature", "geometry": {"type": "LineString", "coordinates": [[141.335189, 43.063536], [141.335064, 43.064061], [141.334914, 43.064644], [141.334775, 43.065202], [141.334639, 43.065777], [141.334488, 43.066361], [141.334338, 43.066919], [141.334188, 43.06751], [141.33405, 43.068052]]}, "properties": {"code": "115", "kind": "駐車禁止", "shape": "2", "route": "", "crossing": "", "speed": "", "n_lanes": "", "length": "500", "in_cordon": false, "dir_kind": ""}}, {"type": "Feature", "geometry": {"type": "LineString", "coordinates": [[141.351798, 43.062062], [141.353273, 43.06227], [141.354037, 43.06237], [141.354862, 43.062487], [141.356437, 43.062704], [141.356923, 43.06277], [141.357698, 43.062862], [141.358487, 43.062962], [141.359248, 43.06307], [141.360037, 43.063179], [141.360823, 43.063287], [141.361587, 43.063387], [141.361773, 43.063412], [141.363336, 43.063612], [141.364022, 43.063712], [141.364761, 43.063812], [141.364872, 43.063829], [141.364936, 43.063837], [141.366297, 43.064029], [141.367286, 43.064154], [141.368647, 43.064337], [141.368736, 43.064354], [141.368936, 43.064379], [141.369422, 43.064445], [141.369897, 43.064512], [141.370022, 43.064529], [141.370597, 43.064612], [141.370672, 43.06462], [141.370961, 43.064662], [141.371311, 43.064704], [141.371761, 43.064762], [141.372047, 43.064796], [141.372461, 43.064854], [141.372847, 43.064904], [141.37416, 43.065096], [141.374247, 43.065104], [141.376135, 43.065362], [141.376235, 43.065379], [141.377285, 43.065512], [141.378546, 43.065704], [141.379371, 43.065879], [141.379485, 43.065904], [141.379621, 43.065929]]}, "properties": {"code": "115", "kind": "駐車禁止", "shape": "2", "route": "", "crossing": "", "speed": "", "n_lanes": "", "length": "2300", "in_cordon": true, "dir_kind": ""}}, {"type": "Feature", "geometry": {"type": "LineString", "coordinates": [[141.353521, 43.05569], [141.360418, 43.056693], [141.361456, 43.056791], [141.361984, 43.056804], [141.362362, 43.056785], [141.362628, 43.056716], [141.36304, 43.056591], [141.363676, 43.056224], [141.364473, 43.055735]]}, "properties": {"code": "115", "kind": "駐車禁止", "shape": "2", "route": "", "crossing": "", "speed": "", "n_lanes": "", "length": "940", "in_cordon": true, "dir_kind": ""}}, {"type": "Feature", "geometry": {"type": "LineString", "coordinates": [[141.332213, 43.068977], [141.331425, 43.068877], [141.33065, 43.068769], [141.3291, 43.06856]]}, "properties": {"code": "115", "kind": "駐車禁止", "shape": "2", "route": "", "crossing": "", "speed": "", "n_lanes": "", "length": "250", "in_cordon": false, "dir_kind": ""}}, {"type": "Feature", "geometry": {"type": "LineString", "coordinates": [[141.340625, 43.054787], [141.340575, 43.055004], [141.340439, 43.055579], [141.340289, 43.056154], [141.34015, 43.056729], [141.34, 43.057295], [141.33985, 43.05787], [141.3397, 43.058462], [141.339525, 43.059195], [141.339238, 43.060353], [141.338963, 43.061486], [141.3388, 43.06207], [141.338663, 43.062603], [141.338638, 43.062728], [141.338488, 43.063278], [141.338363, 43.063794]]}, "properties": {"code": "115", "kind": "駐車禁止", "shape": "2", "route": "", "crossing": "", "speed": "", "n_lanes": "", "length": "1020", "in_cordon": false, "dir_kind": ""}}, {"type": "Feature", "geometry": {"type": "LineString", "coordinates": [[141.338313, 43.063961], [141.338188, 43.064494], [141.338038, 43.065061], [141.337899, 43.065628], [141.337763, 43.066194], [141.337613, 43.066777], [141.337488, 43.067286], [141.337313, 43.067902], [141.337249, 43.068236]]}, "properties": {"code": "115", "kind": "駐車禁止", "shape": "2", "route": "", "crossing": "", "speed": "", "n_lanes": "", "length": "480", "in_cordon": false, "dir_kind": ""}}, {"type": "Feature", "geometry": {"type": "LineString", "coordinates": [[141.361373, 43.054705], [141.361187, 43.055421], [141.361037, 43.056013], [141.360898, 43.056621]]}, "properties": {"code": "115", "kind": "駐車禁止", "shape": "2", "route": "", "crossing": "", "speed": "", "n_lanes": "", "length": "200", "in_cordon": false, "dir_kind": ""}}, {"type": "Feature", "geometry": {"type": "LineString", "coordinates": [[141.360848, 43.056779], [141.360623, 43.057729], [141.360537, 43.058054], [141.360312, 43.058879], [141.360023, 43.060021], [141.359723, 43.061162]]}, "properties": {"code": "115", "kind": "駐車禁止", "shape": "2", "route": "", "crossing": "", "speed": "", "n_lanes": "", "length": "480", "in_cordon": false, "dir_kind": ""}}, {"type": "Feature", "geometry": {"type": "LineString", "coordinates": [[141.359698, 43.061329], [141.359473, 43.062195], [141.359248, 43.06307], [141.358962, 43.06422], [141.358812, 43.064795], [141.358698, 43.06522], [141.358648, 43.065395], [141.358623, 43.065587], [141.358348, 43.066603], [141.358062, 43.06777]]}, "properties": {"code": "115", "kind": "駐車禁止", "shape": "2", "route": "", "crossing": "", "speed": "", "n_lanes": "", "length": "720", "in_cordon": false, "dir_kind": ""}}, {"type": "Feature", "geometry": {"type": "LineString", "coordinates": [[141.357765, 43.062765], [141.358156, 43.061195]]}, "properties": {"code": "115", "kind": "駐車禁止", "shape": "2", "route": "", "crossing": "", "speed": "", "n_lanes": "", "length": "180", "in_cordon": true, "dir_kind": ""}}, {"type": "Feature", "geometry": {"type": "LineString", "coordinates": [[141.358256, 43.060851], [141.35934, 43.056657]]}, "properties": {"code": "115", "kind": "駐車禁止", "shape": "2", "route": "", "crossing": "", "speed": "", "n_lanes": "", "length": "480", "in_cordon": true, "dir_kind": ""}}, {"type": "Feature", "geometry": {"type": "LineString", "coordinates": [[141.358937, 43.052705], [141.358748, 43.052696], [141.357387, 43.052505], [141.356249, 43.052355], [141.356163, 43.052371], [141.355788, 43.052338], [141.355024, 43.052238], [141.354224, 43.05213], [141.352663, 43.051905], [141.351049, 43.051688], [141.350138, 43.051571], [141.349513, 43.051488], [141.347963, 43.05128], [141.3464, 43.051046], [141.346175, 43.051021], [141.345739, 43.051005], [141.345664, 43.051013], [141.343964, 43.050913], [141.343914, 43.050921], [141.34385, 43.050921], [141.342389, 43.050821], [141.3424, 43.050754], [141.341825, 43.050729], [141.341783, 43.050727]]}, "properties": {"code": "115", "kind": "駐車禁止", "shape": "2", "route": "", "crossing": "", "speed": "", "n_lanes": "", "length": "1500", "in_cordon": true, "dir_kind": ""}}, {"type": "Feature", "geometry": {"type": "LineString", "coordinates": [[141.340914, 43.050546], [141.339064, 43.050413], [141.338939, 43.050404], [141.338839, 43.050396], [141.336939, 43.050254]]}, "properties": {"code": "115", "kind": "駐車禁止", "shape": "2", "route": "", "crossing": "", "speed": "", "n_lanes": "", "length": "320", "in_cordon": false, "dir_kind": ""}}, {"type": "Feature", "geometry": {"type": "LineString", "coordinates": [[141.345463, 43.054135], [141.343577, 43.054012]]}, "properties": {"code": "115", "kind": "駐車禁止", "shape": "2", "route": "", "crossing": "", "speed": "", "n_lanes": "", "length": "160", "in_cordon": true, "dir_kind": ""}}, {"type": "Feature", "geometry": {"type": "LineString", "coordinates": [[141.343469, 43.053996], [141.342422, 43.053918]]}, "properties": {"code": "115", "kind": "駐車禁止", "shape": "2", "route": "", "crossing": "", "speed": "", "n_lanes": "", "length": "50", "in_cordon": true, "dir_kind": ""}}, {"type": "Feature", "geometry": {"type": "LineString", "coordinates": [[141.338927, 43.067483], [141.336013, 43.067075]]}, "properties": {"code": "115", "kind": "駐車禁止", "shape": "2", "route": "", "crossing": "", "speed": "", "n_lanes": "", "length": "230", "in_cordon": false, "dir_kind": ""}}, {"type": "Feature", "geometry": {"type": "LineString", "coordinates": [[141.335913, 43.067102], [141.335738, 43.067102], [141.334338, 43.066919], [141.333564, 43.066819], [141.332789, 43.066702], [141.332014, 43.066602], [141.33125, 43.066494], [141.33045, 43.066385], [141.329675, 43.066285], [141.328875, 43.066177], [141.328125, 43.066069], [141.327575, 43.066002], [141.326564, 43.06586], [141.325, 43.065644], [141.323439, 43.065435]]}, "properties": {"code": "115", "kind": "駐車禁止", "shape": "2", "route": "", "crossing": "", "speed": "", "n_lanes": "", "length": "1050", "in_cordon": false, "dir_kind": ""}}, {"type": "Feature", "geometry": {"type": "LineString", "coordinates": [[141.335549, 43.06833], [141.336735, 43.068494], [141.338671, 43.067675], [141.338835, 43.067647], [141.338907, 43.0676]]}, "properties": {"code": "115", "kind": "駐車禁止", "shape": "2", "route": "", "crossing": "", "speed": "", "n_lanes": "", "length": "290", "in_cordon": false, "dir_kind": ""}}, {"type": "Feature", "geometry": {"type": "LineString", "coordinates": [[141.335424, 43.06826], [141.335149, 43.06821], [141.334738, 43.068152], [141.33405, 43.068052], [141.333263, 43.067952], [141.3325, 43.067844], [141.331714, 43.067744], [141.330925, 43.067635], [141.330164, 43.067535], [141.3294, 43.067427], [141.328589, 43.06731], [141.327825, 43.067202], [141.326275, 43.067002], [141.3247, 43.066777], [141.323314, 43.06661], [141.32315, 43.066568], [141.322964, 43.06651], [141.322026, 43.066385], [141.320726, 43.06621]]}, "properties": {"code": "115", "kind": "駐車禁止", "shape": "2", "route": "", "crossing": "", "speed": "", "n_lanes": "", "length": "1200", "in_cordon": false, "dir_kind": ""}}, {"type": "Feature", "geometry": {"type": "LineString", "coordinates": [[141.362412, 43.056838], [141.362412, 43.056904], [141.362398, 43.057029], [141.362162, 43.057954], [141.362062, 43.058346], [141.361887, 43.059096], [141.361587, 43.060237], [141.361312, 43.061379]]}, "properties": {"code": "115", "kind": "駐車禁止", "shape": "2", "route": "", "crossing": "", "speed": "", "n_lanes": "", "length": "500", "in_cordon": false, "dir_kind": ""}}, {"type": "Feature", "geometry": {"type": "LineString", "coordinates": [[141.361262, 43.061546], [141.361037, 43.062412], [141.360823, 43.063287], [141.360673, 43.063887], [141.360523, 43.064429], [141.360223, 43.065612], [141.359936, 43.066812]]}, "properties": {"code": "115", "kind": "駐車禁止", "shape": "2", "route": "", "crossing": "", "speed": "", "n_lanes": "", "length": "580", "in_cordon": false, "dir_kind": ""}}, {"type": "Feature", "geometry": {"type": "LineString", "coordinates": [[141.356348, 43.062815], [141.354787, 43.06895]]}, "properties": {"code": "115", "kind": "駐車禁止", "shape": "2", "route": "", "crossing": "", "speed": "", "n_lanes": "", "length": "660", "in_cordon": true, "dir_kind": ""}}, {"type": "Feature", "geometry": {"type": "LineString", "coordinates": [[141.357009, 43.062667], [141.359184, 43.054057], [141.359157, 43.053813], [141.359184, 43.053669], [141.359201, 43.053535], [141.359243, 43.05341], [141.359271, 43.053269]]}, "properties": {"code": "115", "kind": "駐車禁止", "shape": "2", "route": "", "crossing": "", "speed": "", "n_lanes": "", "length": "1150", "in_cordon": true, "dir_kind": ""}}, {"type": "Feature", "geometry": {"type": "LineString", "coordinates": [[141.357021, 43.049736], [141.357171, 43.050163]]}, "properties": {"code": "115", "kind": "駐車禁止", "shape": "2", "route": "", "crossing": "", "speed": "", "n_lanes": "", "length": "40", "in_cordon": false, "dir_kind": ""}}, {"type": "Feature", "geometry": {"type": "LineString", "coordinates": [[141.344754, 43.064836], [141.345963, 43.065006]]}, "properties": {"code": "115", "kind": "駐車禁止", "shape": "2", "route": "", "crossing": "", "speed": "", "n_lanes": "", "length": "100", "in_cordon": true, "dir_kind": ""}}, {"type": "Feature", "geometry": {"type": "LineString", "coordinates": [[141.358437, 43.055171], [141.356006, 43.064881]]}, "properties": {"code": "115", "kind": "駐車禁止", "shape": "2", "route": "", "crossing": "", "speed": "", "n_lanes": "", "length": "206", "in_cordon": true, "dir_kind": ""}}, {"type": "Feature", "geometry": {"type": "LineString", "coordinates": [[141.356342, 43.064912], [141.356548, 43.064037], [141.356909, 43.062443], [141.357318, 43.060843], [141.358748, 43.055202]]}, "properties": {"code": "115", "kind": "駐車禁止", "shape": "2", "route": "", "crossing": "", "speed": "", "n_lanes": "", "length": "213", "in_cordon": true, "dir_kind": ""}}, {"type": "Feature", "geometry": {"type": "LineString", "coordinates": [[141.336575, 43.058037], [141.335025, 43.057845], [141.333475, 43.057628], [141.332614, 43.057512], [141.331914, 43.05742], [141.330351, 43.05722], [141.32879, 43.056995], [141.327226, 43.056795]]}, "properties": {"code": "115", "kind": "駐車禁止", "shape": "2", "route": "", "crossing": "", "speed": "", "n_lanes": "", "length": "750", "in_cordon": false, "dir_kind": ""}}, {"type": "Feature", "geometry": {"type": "LineString", "coordinates": [[141.348463, 43.061803], [141.348263, 43.062598]]}, "properties": {"code": "115", "kind": "駐車禁止", "shape": "2", "route": "", "crossing": "", "speed": "", "n_lanes": "", "length": "100", "in_cordon": true, "dir_kind": ""}}, {"type": "Feature", "geometry": {"type": "LineString", "coordinates": [[141.358587, 43.053996], [141.356887, 43.060723]]}, "properties": {"code": "115", "kind": "駐車禁止", "shape": "2", "route": "", "crossing": "", "speed": "", "n_lanes": "", "length": "960", "in_cordon": true, "dir_kind": ""}}, {"type": "Feature", "geometry": {"type": "LineString", "coordinates": [[141.356645, 43.061656], [141.356418, 43.062537]]}, "properties": {"code": "115", "kind": "駐車禁止", "shape": "2", "route": "", "crossing": "", "speed": "", "n_lanes": "", "length": "110", "in_cordon": true, "dir_kind": ""}}, {"type": "Feature", "geometry": {"type": "LineString", "coordinates": [[141.346674, 43.056421], [141.345113, 43.056204], [141.343588, 43.056004], [141.343138, 43.055937], [141.341914, 43.055779]]}, "properties": {"code": "115", "kind": "駐車禁止", "shape": "2", "route": "", "crossing": "", "speed": "", "n_lanes": "", "length": "390", "in_cordon": true, "dir_kind": ""}}, {"type": "Feature", "geometry": {"type": "LineString", "coordinates": [[141.34916, 43.065281], [141.34631, 43.064892]]}, "properties": {"code": "115", "kind": "駐車禁止", "shape": "2", "route": "", "crossing": "", "speed": "", "n_lanes": "", "length": "200", "in_cordon": true, "dir_kind": ""}}, {"type": "Feature", "geometry": {"type": "LineString", "coordinates": [[141.349054, 43.066414], [141.350026, 43.062587], [141.350818, 43.059482], [141.351557, 43.056629], [141.35211, 43.054293], [141.352424, 43.053132]]}, "properties": {"code": "115", "kind": "駐車禁止", "shape": "2", "route": "", "crossing": "", "speed": "", "n_lanes": "", "length": "1470", "in_cordon": true, "dir_kind": ""}}, {"type": "Feature", "geometry": {"type": "LineString", "coordinates": [[141.348544, 43.055137], [141.348444, 43.055512], [141.348307, 43.056071], [141.348169, 43.056621], [141.348032, 43.057221], [141.347882, 43.057795], [141.347743, 43.05837], [141.347607, 43.058945], [141.347457, 43.059537], [141.347282, 43.060254], [141.346993, 43.061345], [141.346968, 43.06147], [141.346807, 43.062053], [141.346682, 43.06257], [141.346368, 43.063761], [141.346218, 43.064353], [141.346068, 43.064953], [141.345918, 43.065553], [141.345768, 43.066136], [141.345493, 43.067253]]}, "properties": {"code": "115", "kind": "駐車禁止", "shape": "2", "route": "", "crossing": "", "speed": "", "n_lanes": "", "length": "1320", "in_cordon": true, "dir_kind": ""}}, {"type": "Feature", "geometry": {"type": "LineString", "coordinates": [[141.352243, 43.057848], [141.352465, 43.057876]]}, "properties": {"code": "115", "kind": "駐車禁止", "shape": "2", "route": "", "crossing": "", "speed": "", "n_lanes": "", "length": "18", "in_cordon": true, "dir_kind": ""}}, {"type": "Feature", "geometry": {"type": "LineString", "coordinates": [[141.352749, 43.056601], [141.352577, 43.056574]]}, "properties": {"code": "115", "kind": "駐車禁止", "shape": "2", "route": "", "crossing": "", "speed": "", "n_lanes": "", "length": "19", "in_cordon": true, "dir_kind": ""}}, {"type": "Feature", "geometry": {"type": "LineString", "coordinates": [[141.361295, 43.057846], [141.35819, 43.057401], [141.35469, 43.056929], [141.350241, 43.056335], [141.345763, 43.055726], [141.342247, 43.055251]]}, "properties": {"code": "115", "kind": "駐車禁止", "shape": "2", "route": "", "crossing": "", "speed": "", "n_lanes": "", "length": "1600", "in_cordon": true, "dir_kind": ""}}, {"type": "Feature", "geometry": {"type": "LineString", "coordinates": [[141.350551, 43.066656], [141.352454, 43.059115]]}, "properties": {"code": "115", "kind": "駐車禁止", "shape": "2", "route": "", "crossing": "", "speed": "", "n_lanes": "", "length": "850", "in_cordon": true, "dir_kind": ""}}, {"type": "Feature", "geometry": {"type": "LineString", "coordinates": [[141.38399, 43.075145], [141.381659, 43.076106], [141.379248, 43.075064], [141.377251, 43.073939], [141.369494, 43.072917], [141.354631, 43.070844]]}, "properties": {"code": "115", "kind": "駐車禁止", "shape": "2", "route": "", "crossing": "", "speed": "", "n_lanes": "", "length": "2500", "in_cordon": false, "dir_kind": ""}}, {"type": "Feature", "geometry": {"type": "LineString", "coordinates": [[141.364369, 43.074483], [141.363969, 43.07425], [141.36388, 43.074172], [141.363477, 43.073669], [141.363344, 43.073519], [141.361786, 43.071994], [141.361717, 43.071922]]}, "properties": {"code": "115", "kind": "駐車禁止", "shape": "2", "route": "", "crossing": "", "speed": "", "n_lanes": "", "length": "350", "in_cordon": false, "dir_kind": ""}}, {"type": "Feature", "geometry": {"type": "LineString", "coordinates": [[141.361586, 43.072994], [141.361297, 43.074136]]}, "properties": {"code": "115", "kind": "駐車禁止", "shape": "2", "route": "", "crossing": "", "speed": "", "n_lanes": "", "length": "240", "in_cordon": false, "dir_kind": ""}}, {"type": "Feature", "geometry": {"type": "LineString", "coordinates": [[141.353122, 43.076577], [141.353172, 43.076469], [141.353311, 43.076194], [141.353598, 43.075535], [141.353623, 43.07546], [141.353661, 43.075369], [141.353748, 43.075127], [141.353848, 43.07481], [141.353936, 43.074452], [141.353973, 43.074327], [141.353998, 43.074227], [141.354273, 43.073169], [141.354573, 43.072027], [141.354698, 43.071511], [141.354837, 43.070911], [141.355123, 43.069736], [141.355298, 43.069019]]}, "properties": {"code": "115", "kind": "駐車禁止", "shape": "2", "route": "", "crossing": "", "speed": "", "n_lanes": "", "length": "900", "in_cordon": false, "dir_kind": ""}}, {"type": "Feature", "geometry": {"type": "LineString", "coordinates": [[141.378696, 43.075944], [141.378484, 43.075844], [141.377921, 43.075544], [141.377135, 43.075103], [141.37596, 43.074944], [141.375685, 43.074911], [141.37491, 43.074803], [141.374546, 43.074753], [141.373946, 43.074669], [141.373685, 43.074636], [141.373346, 43.074594], [141.372421, 43.074469], [141.371771, 43.074378], [141.37131, 43.074311], [141.370096, 43.074153], [141.369385, 43.074044], [141.368721, 43.073961], [141.368085, 43.073869], [141.367122, 43.073744], [141.366097, 43.073611], [141.365561, 43.073536], [141.364922, 43.073453], [141.363922, 43.073319], [141.363622, 43.073278], [141.363197, 43.073219], [141.362972, 43.073186], [141.362886, 43.073169], [141.362372, 43.073111], [141.361586, 43.072994], [141.360811, 43.072886], [141.360147, 43.072803], [141.360072, 43.072794], [141.359236, 43.072678], [141.357686, 43.072461], [141.356123, 43.072244], [141.354345, 43.072008]]}, "properties": {"code": "115", "kind": "駐車禁止", "shape": "2", "route": "", "crossing": "", "speed": "", "n_lanes": "", "length": "1920", "in_cordon": false, "dir_kind": ""}}, {"type": "Feature", "geometry": {"type": "LineString", "coordinates": [[141.355492, 43.069056], [141.358475, 43.069042], [141.365741, 43.070006]]}, "properties": {"code": "115", "kind": "駐車禁止", "shape": "2", "route": "", "crossing": "", "speed": "", "n_lanes": "", "length": "850", "in_cordon": false, "dir_kind": ""}}, {"type": "Feature", "geometry": {"type": "LineString", "coordinates": [[141.361631, 43.069614], [141.35813, 43.083204]]}, "properties": {"code": "115", "kind": "駐車禁止", "shape": "2", "route": "", "crossing": "", "speed": "", "n_lanes": "", "length": "1550", "in_cordon": false, "dir_kind": ""}}, {"type": "Feature", "geometry": {"type": "LineString", "coordinates": [[141.358247, 43.070194], [141.358122, 43.070161], [141.357786, 43.070111], [141.356686, 43.069969], [141.355123, 43.069736]]}, "properties": {"code": "115", "kind": "駐車禁止", "shape": "2", "route": "", "crossing": "", "speed": "", "n_lanes": "", "length": "240", "in_cordon": false, "dir_kind": ""}}, {"type": "Feature", "geometry": {"type": "LineString", "coordinates": [[141.362781, 43.068889], [141.362755, 43.069495]]}, "properties": {"code": "115", "kind": "駐車禁止", "shape": "2", "route": "", "crossing": "", "speed": "", "n_lanes": "", "length": "65", "in_cordon": false, "dir_kind": ""}}, {"type": "Feature", "geometry": {"type": "LineString", "coordinates": [[141.355323, 43.072064], [141.355442, 43.071614]]}, "properties": {"code": "115", "kind": "駐車禁止", "shape": "2", "route": "", "crossing": "", "speed": "", "n_lanes": "", "length": "50", "in_cordon": false, "dir_kind": ""}}, {"type": "Feature", "geometry": {"type": "LineString", "coordinates": [[141.354712, 43.071505], [141.356211, 43.071733]]}, "properties": {"code": "115", "kind": "駐車禁止", "shape": "2", "route": "", "crossing": "", "speed": "", "n_lanes": "", "length": "100", "in_cordon": false, "dir_kind": ""}}, {"type": "Feature", "geometry": {"type": "LineString", "coordinates": [[141.3601, 43.068845], [141.35571, 43.086531]]}, "properties": {"code": "115", "kind": "駐車禁止", "shape": "2", "route": "", "crossing": "", "speed": "", "n_lanes": "", "length": "2000", "in_cordon": false, "dir_kind": ""}}, {"type": "Feature", "geometry": {"type": "LineString", "coordinates": [[141.351899, 43.047988], [141.351899, 43.048047], [141.351763, 43.048638]]}, "properties": {"code": "115", "kind": "駐車禁止", "shape": "2", "route": "", "crossing": "", "speed": "", "n_lanes": "", "length": "70", "in_cordon": false, "dir_kind": ""}}, {"type": "Feature", "geometry": {"type": "LineString", "coordinates": [[141.351899, 43.047988], [141.351799, 43.047347], [141.351738, 43.046905]]}, "properties": {"code": "115", "kind": "駐車禁止", "shape": "2", "route": "", "crossing": "", "speed": "", "n_lanes": "", "length": "110", "in_cordon": false, "dir_kind": ""}}, {"type": "Feature", "geometry": {"type": "LineString", "coordinates": [[141.351799, 43.047347], [141.349938, 43.047397], [141.349113, 43.047413], [141.34865, 43.047422], [141.348214, 43.047413], [141.3482, 43.04748], [141.347364, 43.047422], [141.346814, 43.04738], [141.346214, 43.047347], [141.3452, 43.047288], [141.344239, 43.047222], [141.344061, 43.047202], [141.343711, 43.047194], [141.343403, 43.047172], [141.343028, 43.047144], [141.342789, 43.047122], [141.341864, 43.047063], [141.34135, 43.047021], [141.340439, 43.046963], [141.339375, 43.046896], [141.337376, 43.046755], [141.337365, 43.04693], [141.335651, 43.046805]]}, "properties": {"code": "115", "kind": "駐車禁止", "shape": "2", "route": "", "crossing": "", "speed": "", "n_lanes": "", "length": "1150", "in_cordon": false, "dir_kind": ""}}, {"type": "Feature", "geometry": {"type": "LineString", "coordinates": [[141.352349, 43.046897], [141.351738, 43.046905], [141.351613, 43.046897], [141.350724, 43.04688], [141.35035, 43.04688], [141.35, 43.04688], [141.349138, 43.046863], [141.348714, 43.046847], [141.348289, 43.04683], [141.34745, 43.046763], [141.3469, 43.046738], [141.3463, 43.046697], [141.344325, 43.046563], [141.344214, 43.046563], [141.342864, 43.046472], [141.342875, 43.046413], [141.3429, 43.046163], [141.342775, 43.046147], [141.341475, 43.046088], [141.341439, 43.046363], [141.339464, 43.046221], [141.339439, 43.046388], [141.337451, 43.046255], [141.33744, 43.046371], [141.335715, 43.046246]]}, "properties": {"code": "115", "kind": "駐車禁止", "shape": "2", "route": "", "crossing": "", "speed": "", "n_lanes": "", "length": "1150", "in_cordon": false, "dir_kind": ""}}, {"type": "Feature", "geometry": {"type": "LineString", "coordinates": [[141.358324, 43.048714], [141.358104, 43.048183], [141.357971, 43.047611], [141.357966, 43.046661], [141.358074, 43.045961], [141.358102, 43.045544], [141.35806, 43.044967], [141.358007, 43.044556], [141.357918, 43.043859], [141.357877, 43.043459], [141.357807, 43.043117], [141.357749, 43.042592], [141.357738, 43.042453], [141.357696, 43.042248], [141.357685, 43.042034]]}, "properties": {"code": "115", "kind": "駐車禁止", "shape": "2", "route": "", "crossing": "", "speed": "", "n_lanes": "", "length": "900", "in_cordon": false, "dir_kind": ""}}, {"type": "Feature", "geometry": {"type": "LineString", "coordinates": [[141.34674, 43.028182], [141.34664, 43.028865], [141.346576, 43.029357], [141.346551, 43.029549], [141.34654, 43.029607], [141.34649, 43.030015], [141.346465, 43.030198], [141.34644, 43.030398], [141.346376, 43.030882], [141.346315, 43.031298], [141.346276, 43.031565], [141.346226, 43.032023], [141.346215, 43.03214], [141.346201, 43.03224], [141.346165, 43.032457], [141.34614, 43.03269], [141.346115, 43.03289], [141.34609, 43.03304], [141.34604, 43.033448], [141.346001, 43.033715], [141.34594, 43.034223], [141.345851, 43.034898], [141.345801, 43.035281], [141.345764, 43.035581], [141.345739, 43.035698], [141.345676, 43.036231], [141.345589, 43.036898], [141.3455, 43.037581], [141.345414, 43.038248], [141.34535, 43.038631], [141.345325, 43.038923], [141.345314, 43.038997], [141.345239, 43.039606], [141.34515, 43.040247], [141.345064, 43.040931], [141.344939, 43.041897], [141.344875, 43.042355], [141.34485, 43.042564], [141.344789, 43.042997], [141.344764, 43.043222], [141.344739, 43.043347], [141.3447, 43.043755], [141.344689, 43.043864], [141.344664, 43.044055], [141.344639, 43.044205], [141.3446, 43.044547], [141.3445, 43.045213], [141.344339, 43.045205], [141.344214, 43.045197], [141.344125, 43.045905], [141.3441, 43.046105], [141.344364, 43.046113], [141.344375, 43.046155], [141.344325, 43.046563], [141.344275, 43.046905], [141.34425, 43.04703], [141.344239, 43.047222], [141.344214, 43.047347], [141.344189, 43.04753], [141.344164, 43.047721], [141.34415, 43.047896], [141.344125, 43.048038], [141.3441, 43.048238], [141.34405, 43.048563]]}, "properties": {"code": "115", "kind": "駐車禁止", "shape": "2", "route": "", "crossing": "", "speed": "", "n_lanes": "", "length": "2260", "in_cordon": false, "dir_kind": ""}}, {"type": "Feature", "geometry": {"type": "LineString", "coordinates": [[141.356716, 43.048458], [141.356599, 43.049033]]}, "properties": {"code": "115", "kind": "駐車禁止", "shape": "2", "route": "", "crossing": "", "speed": "", "n_lanes": "", "length": "80", "in_cordon": false, "dir_kind": ""}}, {"type": "Feature", "geometry": {"type": "LineString", "coordinates": [[141.342664, 43.048471], [141.342639, 43.048238], [141.3427, 43.047805], [141.342789, 43.047122], [141.342814, 43.046913], [141.342864, 43.046472], [141.342875, 43.046413], [141.3429, 43.046163], [141.342939, 43.045805], [141.343039, 43.045122], [141.343125, 43.044447], [141.343139, 43.044338], [141.343175, 43.044114], [141.343214, 43.043822], [141.343225, 43.043722], [141.343225, 43.043672], [141.343289, 43.043239], [141.343325, 43.042914], [141.343389, 43.042447], [141.343389, 43.042389], [141.343475, 43.04178], [141.3436, 43.040822], [141.343675, 43.040139], [141.343764, 43.039531], [141.343776, 43.039372], [141.343839, 43.038872], [141.343939, 43.038123], [141.344026, 43.037473], [141.344115, 43.036806], [141.34414, 43.036606], [141.344201, 43.036139], [141.344265, 43.035606], [141.34429, 43.035448], [141.344326, 43.035173], [141.344351, 43.034998], [141.344376, 43.034781], [141.344451, 43.034115], [141.344526, 43.033473], [141.344551, 43.033356], [141.344576, 43.033081], [141.344601, 43.032948], [141.344626, 43.032748], [141.344651, 43.032573], [141.344676, 43.032348], [141.34469, 43.032273], [141.344726, 43.031923], [141.34474, 43.031807], [141.344776, 43.031482], [141.344815, 43.03119], [141.344826, 43.031132], [141.344876, 43.030765], [141.344951, 43.030315], [141.344951, 43.03024], [141.345001, 43.029898], [141.34504, 43.029524], [141.345051, 43.029424], [141.345101, 43.029157], [141.34514, 43.028757], [141.345226, 43.02809], [141.345301, 43.02754], [141.345376, 43.026815], [141.34539, 43.026741], [141.345565, 43.025349], [141.345651, 43.024641], [141.345665, 43.024482], [141.345676, 43.024399], [141.345715, 43.024124], [141.345851, 43.022891], [141.345901, 43.022516], [141.34594, 43.022258], [141.34594, 43.022199], [141.34599, 43.021841], [141.34599, 43.021758], [141.346015, 43.021533], [141.346101, 43.020883], [141.346176, 43.020391], [141.346201, 43.02015], [141.346215, 43.02005], [141.346265, 43.019591], [141.346301, 43.019358], [141.346376, 43.01875], [141.34644, 43.018166], [141.346502, 43.017783], [141.346552, 43.01735], [141.346652, 43.016483], [141.346665, 43.016375], [141.346727, 43.015967], [141.346752, 43.015742], [141.346791, 43.015458], [141.346777, 43.015108], [141.346716, 43.014858], [141.346641, 43.014609], [141.346527, 43.0143], [141.346241, 43.013425], [141.345966, 43.012625], [141.345941, 43.01255], [141.345752, 43.011909], [141.345641, 43.0116], [141.345616, 43.011525], [141.345402, 43.010901], [141.345291, 43.010551], [141.345141, 43.010134], [141.344702, 43.008834], [141.344652, 43.008651], [141.344541, 43.008317], [141.344491, 43.008201], [141.344402, 43.007942], [141.344252, 43.007434], [141.344016, 43.006718], [141.343852, 43.006234], [141.343791, 43.006068], [141.343691, 43.005776], [141.343428, 43.004959], [141.343328, 43.004618], [141.343228, 43.004293], [141.343053, 43.003926], [141.342903, 43.003693], [141.342667, 43.003401], [141.342392, 43.003143], [141.342017, 43.002876], [141.341328, 43.002451]]}, "properties": {"code": "115", "kind": "駐車禁止", "shape": "2", "route": "", "crossing": "", "speed": "", "n_lanes": "", "length": "5300", "in_cordon": false, "dir_kind": ""}}, {"type": "Feature", "geometry": {"type": "LineString", "coordinates": [[141.347002, 43.009167], [141.347316, 43.009376], [141.347641, 43.009584], [141.347841, 43.009692], [141.348441, 43.010026], [141.349041, 43.010359], [141.349577, 43.010709], [141.34979, 43.010867], [141.350177, 43.011192], [141.350526, 43.011559], [141.350826, 43.011934], [141.351001, 43.012159], [141.351176, 43.012417], [141.351351, 43.012709], [141.351576, 43.013167], [141.351726, 43.013525], [141.351826, 43.013909], [141.352015, 43.015009], [141.35209, 43.0154], [141.35214, 43.01575], [141.352165, 43.015942], [141.352165, 43.016117], [141.352165, 43.016517], [141.352076, 43.017225], [141.352076, 43.01755], [141.352026, 43.018067], [141.351976, 43.018358], [141.351651, 43.019558], [141.351601, 43.019691], [141.35149, 43.019941], [141.351365, 43.020183], [141.35119, 43.020466], [141.35074, 43.021125], [141.350701, 43.021191], [141.350615, 43.021358], [141.35059, 43.021458], [141.350551, 43.02165], [141.350551, 43.021775], [141.350565, 43.021916], [141.350576, 43.022], [141.350626, 43.022124], [141.350715, 43.022283], [141.351151, 43.022991], [141.351315, 43.023283], [141.351465, 43.023674], [141.351565, 43.024033], [141.351601, 43.024283], [141.35164, 43.024699], [141.351626, 43.025091], [141.351589, 43.025316], [141.351539, 43.025607], [141.351351, 43.026332], [141.351314, 43.026591], [141.351326, 43.026824], [141.351389, 43.027074], [141.351514, 43.027357], [141.351675, 43.027624], [141.352489, 43.028607], [141.35325, 43.02954], [141.353875, 43.030307], [141.354, 43.030465], [141.354139, 43.030699], [141.354275, 43.030999], [141.354339, 43.031299], [141.354375, 43.031532], [141.354364, 43.031957], [141.354175, 43.032815], [141.353975, 43.033698], [141.353914, 43.034048], [141.3539, 43.034257], [141.3539, 43.034732], [141.353914, 43.034857], [141.354039, 43.035382], [141.3541, 43.035615], [141.354175, 43.03579], [141.3543, 43.036081], [141.354439, 43.036356], [141.354664, 43.036706], [141.35475, 43.036823], [141.355014, 43.037165], [141.355563, 43.037856], [141.355788, 43.038098], [141.356113, 43.038523], [141.356413, 43.038973], [141.356838, 43.039806], [141.357124, 43.040356], [141.357463, 43.040931], [141.357688, 43.041398], [141.357724, 43.041589], [141.357788, 43.041989], [141.357963, 43.043281], [141.357974, 43.043339], [141.358224, 43.045256], [141.358188, 43.04608], [141.358188, 43.04618], [141.358024, 43.047455], [141.358038, 43.047672], [141.358088, 43.047905], [141.358213, 43.048255], [141.358263, 43.048405], [141.358574, 43.048964]]}, "properties": {"code": "115", "kind": "駐車禁止", "shape": "2", "route": "", "crossing": "", "speed": "", "n_lanes": "", "length": "4850", "in_cordon": false, "dir_kind": ""}}, {"type": "Feature", "geometry": {"type": "LineString", "coordinates": [[141.341801, 43.02784], [141.341776, 43.027982], [141.341751, 43.028149], [141.341751, 43.02829], [141.341626, 43.029257], [141.341576, 43.029723], [141.341476, 43.03054], [141.34139, 43.031148], [141.341376, 43.031223], [141.34134, 43.031557], [141.341301, 43.03189], [141.341215, 43.032565], [141.341115, 43.033215], [141.341026, 43.03389], [141.340951, 43.034565], [141.340865, 43.035231], [141.340851, 43.035314], [141.340815, 43.035573], [141.340776, 43.035898], [141.340726, 43.036256], [141.34069, 43.036564], [141.340601, 43.037231], [141.340515, 43.037939], [141.34044, 43.038597], [141.340401, 43.038906], [141.340351, 43.039256], [141.340276, 43.039914], [141.34019, 43.040589], [141.34009, 43.041347], [141.34004, 43.04173], [141.339976, 43.04223], [141.339915, 43.042722], [141.33989, 43.042905], [141.339815, 43.043463], [141.339815, 43.043555], [141.339726, 43.044213], [141.339639, 43.044888], [141.339551, 43.045572], [141.339489, 43.046013], [141.339464, 43.046221], [141.339439, 43.046388], [141.339375, 43.046896], [141.339314, 43.047388], [141.339289, 43.047555], [141.339275, 43.047721], [141.33925, 43.047913], [141.339214, 43.04823]]}, "properties": {"code": "115", "kind": "駐車禁止", "shape": "2", "route": "", "crossing": "", "speed": "", "n_lanes": "", "length": "2250", "in_cordon": false, "dir_kind": ""}}, {"type": "Feature", "geometry": {"type": "LineString", "coordinates": [[141.349429, 43.022413], [141.34942, 43.022458], [141.349418, 43.022522], [141.349415, 43.022583], [141.349401, 43.022711], [141.34937, 43.022802], [141.349362, 43.022913], [141.349351, 43.022999], [141.349276, 43.023666], [141.349176, 43.024441], [141.349126, 43.024907], [141.349115, 43.025007], [141.34909, 43.025174], [141.34904, 43.025574], [141.34904, 43.025657], [141.349015, 43.025849], [141.348951, 43.026316], [141.348876, 43.026974], [141.34879, 43.027657], [141.348701, 43.028332], [141.348615, 43.029024], [141.348526, 43.029682], [141.348465, 43.030182], [141.34844, 43.030349], [141.348414, 43.030524], [141.348339, 43.031023], [141.348264, 43.031698], [141.348189, 43.032282], [141.348176, 43.032365], [141.348089, 43.033032], [141.348, 43.03369], [141.347975, 43.033848], [141.347914, 43.034356], [141.347825, 43.035048], [141.347739, 43.035706], [141.34765, 43.036373], [141.347564, 43.037039], [141.347475, 43.037714], [141.347375, 43.038406], [141.3473, 43.039064], [141.347214, 43.039739], [141.347125, 43.040389], [141.347039, 43.041064], [141.34695, 43.041647], [141.3469, 43.042031], [141.346889, 43.042114], [141.346825, 43.042705], [141.346739, 43.043364], [141.346639, 43.044014], [141.346614, 43.04418], [141.346589, 43.044347], [141.34655, 43.04468], [141.346464, 43.045355], [141.346414, 43.045722], [141.346375, 43.04603], [141.3463, 43.046697], [141.346214, 43.047347], [141.34615, 43.047847], [141.3461, 43.048172], [141.346039, 43.048696]]}, "properties": {"code": "115", "kind": "駐車禁止", "shape": "2", "route": "", "crossing": "", "speed": "", "n_lanes": "", "length": "2920", "in_cordon": false, "dir_kind": ""}}, {"type": "Feature", "geometry": {"type": "LineString", "coordinates": [[141.352239, 43.028582], [141.352389, 43.028766], [141.35235, 43.029099], [141.352325, 43.029282], [141.352114, 43.03079], [141.352064, 43.031232], [141.351875, 43.032615], [141.35185, 43.032873], [141.351814, 43.033123], [141.3518, 43.03324], [141.35175, 43.033565], [141.35175, 43.033615], [141.3517, 43.033973], [141.351614, 43.034615], [141.35155, 43.035106], [141.351489, 43.035565], [141.351414, 43.036056], [141.351339, 43.036631], [141.3513, 43.036965], [141.351289, 43.037031], [141.35125, 43.03739], [141.351239, 43.037515], [141.351175, 43.037981], [141.351075, 43.038639], [141.351, 43.039331], [141.350914, 43.039989], [141.350839, 43.040648], [141.350789, 43.040939], [141.350739, 43.041314], [141.350675, 43.041731], [141.350614, 43.042281], [141.350525, 43.042964], [141.350439, 43.043522], [141.350439, 43.043606], [141.350414, 43.043772], [141.350364, 43.044122], [141.350314, 43.044564], [141.350289, 43.044797], [141.350264, 43.044914], [141.350188, 43.045589], [141.350088, 43.046255], [141.35005, 43.046488], [141.35, 43.04688], [141.349988, 43.046947], [141.349938, 43.047397], [141.349849, 43.047997], [141.349774, 43.048655]]}, "properties": {"code": "115", "kind": "駐車禁止", "shape": "2", "route": "", "crossing": "", "speed": "", "n_lanes": "", "length": "2230", "in_cordon": false, "dir_kind": ""}}, {"type": "Feature", "geometry": {"type": "LineString", "coordinates": [[141.358574, 43.048964], [141.357288, 43.049097], [141.357099, 43.049097], [141.356613, 43.049063], [141.355613, 43.04893], [141.355038, 43.048863], [141.354124, 43.048738], [141.353588, 43.048663], [141.353363, 43.048638], [141.353249, 43.04863], [141.352738, 43.048638], [141.351763, 43.048638], [141.350538, 43.048655], [141.349774, 43.048655], [141.34805, 43.04868], [141.346039, 43.048696], [141.34405, 43.048563], [141.343325, 43.048513], [141.342664, 43.048471], [141.341189, 43.048371], [141.339214, 43.04823], [141.337214, 43.048096], [141.33549, 43.047971], [141.333801, 43.047854], [141.332101, 43.047738], [141.330401, 43.047621], [141.328701, 43.047504]]}, "properties": {"code": "115", "kind": "駐車禁止", "shape": "2", "route": "", "crossing": "", "speed": "", "n_lanes": "", "length": "2550", "in_cordon": false, "dir_kind": ""}}, {"type": "Feature", "geometry": {"type": "LineString", "coordinates": [[141.352624, 43.047763], [141.352663, 43.048172], [141.352699, 43.048505], [141.352738, 43.048638]]}, "properties": {"code": "115", "kind": "駐車禁止", "shape": "2", "route": "", "crossing": "", "speed": "", "n_lanes": "", "length": "70", "in_cordon": false, "dir_kind": ""}}, {"type": "Feature", "geometry": {"type": "LineString", "coordinates": [[141.358321, 43.048711], [141.357265, 43.048988]]}, "properties": {"code": "115", "kind": "駐車禁止", "shape": "2", "route": "", "crossing": "", "speed": "", "n_lanes": "", "length": "100", "in_cordon": false, "dir_kind": ""}}, {"type": "Feature", "geometry": {"type": "LineString", "coordinates": [[141.344125, 43.048038], [141.346025, 43.048172], [141.3461, 43.048172]]}, "properties": {"code": "115", "kind": "駐車禁止", "shape": "2", "route": "", "crossing": "", "speed": "", "n_lanes": "", "length": "145", "in_cordon": false, "dir_kind": ""}}, {"type": "Feature", "geometry": {"type": "LineString", "coordinates": [[141.343951, 43.02664], [141.343865, 43.02744], [141.34379, 43.027982], [141.343701, 43.028707], [141.343651, 43.029074], [141.343601, 43.029448], [141.343551, 43.029865], [141.343451, 43.030682], [141.343401, 43.031032], [141.343365, 43.031282], [141.343351, 43.031382], [141.343315, 43.031698], [141.343276, 43.032032], [141.343251, 43.032182], [141.343201, 43.032581], [141.343176, 43.032698], [141.343151, 43.032981], [141.343101, 43.033381], [141.343015, 43.034015], [141.342926, 43.034715], [141.342915, 43.034873], [141.342851, 43.035373], [141.342765, 43.036039], [141.342701, 43.036514], [141.342665, 43.036706], [141.34259, 43.037373], [141.34249, 43.038089], [141.342451, 43.038431], [141.342415, 43.038739], [141.342401, 43.038781], [141.342365, 43.039039], [141.342326, 43.039389], [141.342251, 43.040056], [141.342164, 43.040722], [141.342051, 43.041672], [141.341951, 43.042355], [141.3419, 43.042814], [141.341889, 43.042855], [141.341864, 43.043055], [141.341864, 43.043122], [141.341775, 43.043705], [141.341714, 43.044238], [141.341689, 43.044355], [141.341614, 43.045022], [141.341525, 43.045705], [141.341475, 43.046088], [141.341439, 43.046363], [141.34135, 43.047021], [141.341275, 43.047688], [141.341189, 43.048371]]}, "properties": {"code": "115", "kind": "駐車禁止", "shape": "2", "route": "", "crossing": "", "speed": "", "n_lanes": "", "length": "2400", "in_cordon": false, "dir_kind": ""}}, {"type": "Feature", "geometry": {"type": "LineString", "coordinates": [[141.339815, 43.027765], [141.339777, 43.028115], [141.339765, 43.028157], [141.339702, 43.028607], [141.339665, 43.02904], [141.339652, 43.029123], [141.33964, 43.02924], [141.339576, 43.029665], [141.339501, 43.030173], [141.339476, 43.030415], [141.339376, 43.031081], [141.339351, 43.031306], [141.339301, 43.031748], [141.339251, 43.032173], [141.339226, 43.032415], [141.33914, 43.033073], [141.339051, 43.033756], [141.338965, 43.034423], [141.338901, 43.034848], [141.338865, 43.035106], [141.33879, 43.035764], [141.338726, 43.036306], [141.338701, 43.036439], [141.338615, 43.037097], [141.338526, 43.037789], [141.338451, 43.038447], [141.338415, 43.038681], [141.338351, 43.039106], [141.338276, 43.039756], [141.33819, 43.040447], [141.33814, 43.040897], [141.33809, 43.041205], [141.338065, 43.041447], [141.338051, 43.041597], [141.337976, 43.042097], [141.337926, 43.042522], [141.337901, 43.042755], [141.337815, 43.043413], [141.337765, 43.043763], [141.337726, 43.04408], [141.337626, 43.044747], [141.337551, 43.04543], [141.337501, 43.04588], [141.337451, 43.046255], [141.33744, 43.046371], [141.337376, 43.046755], [141.337365, 43.04693], [141.337315, 43.047255], [141.337301, 43.04743], [141.337276, 43.047588], [141.337214, 43.048096]]}, "properties": {"code": "115", "kind": "駐車禁止", "shape": "2", "route": "", "crossing": "", "speed": "", "n_lanes": "", "length": "2250", "in_cordon": false, "dir_kind": ""}}, {"type": "Feature", "geometry": {"type": "LineString", "coordinates": [[141.339439, 43.046388], [141.337451, 43.046255]]}, "properties": {"code": "115", "kind": "駐車禁止", "shape": "2", "route": "", "crossing": "", "speed": "", "n_lanes": "", "length": "140", "in_cordon": false, "dir_kind": ""}}, {"type": "Feature", "geometry": {"type": "LineString", "coordinates": [[141.339489, 43.046013], [141.337501, 43.04588]]}, "properties": {"code": "115", "kind": "駐車禁止", "shape": "2", "route": "", "crossing": "", "speed": "", "n_lanes": "", "length": "140", "in_cordon": false, "dir_kind": ""}}, {"type": "Feature", "geometry": {"type": "LineString", "coordinates": [[141.351251, 43.024008], [141.35119, 43.024591], [141.351115, 43.025133], [141.35109, 43.025324], [141.351026, 43.025799], [141.35099, 43.026107], [141.350951, 43.026466], [141.350901, 43.026916], [141.350889, 43.027041], [141.350876, 43.027132], [141.350826, 43.027449], [141.350814, 43.027632], [141.350789, 43.027782], [141.350764, 43.027957], [141.350701, 43.028474], [141.350639, 43.028974], [141.350614, 43.029157], [141.350525, 43.029832], [141.350464, 43.030324], [141.350414, 43.030665], [141.350339, 43.031165], [141.350264, 43.03184], [141.350189, 43.032415], [141.350175, 43.03249], [141.350114, 43.033007], [141.350089, 43.033165], [141.350039, 43.033498], [141.35, 43.033823], [141.349914, 43.034498], [141.349839, 43.034998], [141.349814, 43.035181], [141.349789, 43.035456], [141.349725, 43.035848], [141.349725, 43.035948], [141.349689, 43.036148], [141.349639, 43.036515], [141.34955, 43.037181], [141.349464, 43.037856], [141.349375, 43.038531], [141.349289, 43.039206], [141.3492, 43.039873], [141.349125, 43.040522], [141.349039, 43.041189], [141.348989, 43.041589], [141.348964, 43.041731], [141.3489, 43.042164], [141.348814, 43.042839], [141.348739, 43.043505], [141.348639, 43.044164], [141.3486, 43.044472], [141.348564, 43.044814], [141.348464, 43.045497], [141.348375, 43.046147], [141.348289, 43.04683], [141.348214, 43.047413], [141.3482, 43.04748], [141.348175, 43.047697], [141.348139, 43.047972], [141.34805, 43.04868]]}, "properties": {"code": "115", "kind": "駐車禁止", "shape": "2", "route": "", "crossing": "", "speed": "", "n_lanes": "", "length": "2640", "in_cordon": false, "dir_kind": ""}}, {"type": "Feature", "geometry": {"type": "LineString", "coordinates": [[141.34425, 43.04703], [141.343575, 43.046988], [141.34335, 43.046938], [141.342814, 43.046913]]}, "properties": {"code": "115", "kind": "駐車禁止", "shape": "2", "route": "", "crossing": "", "speed": "", "n_lanes": "", "length": "100", "in_cordon": false, "dir_kind": ""}}, {"type": "Feature", "geometry": {"type": "LineString", "coordinates": [[141.3556, 43.038206], [141.355788, 43.039248], [141.355786, 43.039337], [141.355824, 43.039489], [141.355899, 43.039614], [141.356074, 43.040214], [141.356363, 43.041139], [141.356438, 43.041406], [141.356488, 43.041756], [141.356499, 43.042023], [141.356499, 43.042106], [141.356524, 43.042722], [141.356524, 43.042831], [141.356538, 43.044081], [141.356563, 43.044414], [141.356613, 43.044989], [141.356638, 43.045106], [141.356649, 43.045414], [141.356574, 43.045664], [141.356399, 43.046164], [141.356363, 43.046405], [141.356349, 43.046547], [141.356374, 43.046755], [141.356438, 43.047022], [141.356763, 43.048397], [141.357099, 43.049097]]}, "properties": {"code": "115", "kind": "駐車禁止", "shape": "2", "route": "", "crossing": "", "speed": "", "n_lanes": "", "length": "1250", "in_cordon": false, "dir_kind": ""}}, {"type": "Feature", "geometry": {"type": "LineString", "coordinates": [[141.353363, 43.048638], [141.353363, 43.048097], [141.353338, 43.047997], [141.352999, 43.047455], [141.352888, 43.047305], [141.352563, 43.047097], [141.352349, 43.046897], [141.352274, 43.046822], [141.352163, 43.046655], [141.352024, 43.046364], [141.351949, 43.046247], [141.351524, 43.045672], [141.351474, 43.045605], [141.351363, 43.044855], [141.351388, 43.044714], [141.351688, 43.04408], [141.351788, 43.043814], [141.351913, 43.043597], [141.352113, 43.043339], [141.35215, 43.043206], [141.35215, 43.043089], [141.352075, 43.042881], [141.352125, 43.042389], [141.352175, 43.041864], [141.3522, 43.041756], [141.352214, 43.041581], [141.352214, 43.041431]]}, "properties": {"code": "115", "kind": "駐車禁止", "shape": "2", "route": "", "crossing": "", "speed": "", "n_lanes": "", "length": "800", "in_cordon": false, "dir_kind": ""}}, {"type": "Feature", "geometry": {"type": "LineString", "coordinates": [[141.353188, 43.047339], [141.352999, 43.047455], [141.352624, 43.047763], [141.352499, 43.047847], [141.351899, 43.047988], [141.351838, 43.047997], [141.349849, 43.047997], [141.348139, 43.047972], [141.348064, 43.04798], [141.34615, 43.047847], [141.344164, 43.047721]]}, "properties": {"code": "115", "kind": "駐車禁止", "shape": "2", "route": "", "crossing": "", "speed": "", "n_lanes": "", "length": "760", "in_cordon": false, "dir_kind": ""}}, {"type": "Feature", "geometry": {"type": "LineString", "coordinates": [[141.3427, 43.047805], [141.341775, 43.047721], [141.341275, 43.047688], [141.34085, 43.047663], [141.339289, 43.047555]]}, "properties": {"code": "115", "kind": "駐車禁止", "shape": "2", "route": "", "crossing": "", "speed": "", "n_lanes": "", "length": "260", "in_cordon": false, "dir_kind": ""}}, {"type": "Feature", "geometry": {"type": "LineString", "coordinates": [[141.337301, 43.04743], [141.335576, 43.047305], [141.33389, 43.04718]]}, "properties": {"code": "115", "kind": "駐車禁止", "shape": "2", "route": "", "crossing": "", "speed": "", "n_lanes": "", "length": "240", "in_cordon": false, "dir_kind": ""}}, {"type": "Feature", "geometry": {"type": "LineString", "coordinates": [[141.348637, 43.067803], [141.348623, 43.067844], [141.348473, 43.068461], [141.348373, 43.068836], [141.348237, 43.069419], [141.348073, 43.069977], [141.347937, 43.070552], [141.347787, 43.071136], [141.347648, 43.071694], [141.347498, 43.07226], [141.347362, 43.072819], [141.347237, 43.073319], [141.347223, 43.07341], [141.347073, 43.073977], [141.346937, 43.074544], [141.346787, 43.075118], [141.346637, 43.075718], [141.346512, 43.076268], [141.346362, 43.076852], [141.346212, 43.077402], [141.346062, 43.077976], [141.345912, 43.078585], [141.345773, 43.079126], [141.345623, 43.079693], [141.345487, 43.080268], [141.345337, 43.080843], [141.345187, 43.081443], [141.345012, 43.082134], [141.344837, 43.082826], [141.344662, 43.083534], [141.344473, 43.084242], [141.344287, 43.084992], [141.344111, 43.0857], [141.344098, 43.085775], [141.343936, 43.086417], [141.343748, 43.087134], [141.343573, 43.087842], [141.343397, 43.088542], [141.343222, 43.08925], [141.342986, 43.090167], [141.342811, 43.090858], [141.342711, 43.091241], [141.342636, 43.091525], [141.342486, 43.092141], [141.342372, 43.092541], [141.342136, 43.093466], [141.342036, 43.093883], [141.341997, 43.094041], [141.341886, 43.094524], [141.341822, 43.094766], [141.341786, 43.094908], [141.341736, 43.095099], [141.341672, 43.095324], [141.341636, 43.095466], [141.341497, 43.095999], [141.341397, 43.096407], [141.341372, 43.096491], [141.341286, 43.096807], [141.341272, 43.096882], [141.341161, 43.097341], [141.340972, 43.098032], [141.340897, 43.098349], [141.340872, 43.098432], [141.340786, 43.098774], [141.340772, 43.098865], [141.340697, 43.09914], [141.340672, 43.09924], [141.340597, 43.099549], [141.340472, 43.099999], [141.340336, 43.100548], [141.340322, 43.100598], [141.340286, 43.100765], [141.340272, 43.100798], [141.340236, 43.100957], [141.340186, 43.101182], [141.340072, 43.101607], [141.339911, 43.10224], [141.339811, 43.102665], [141.339611, 43.103448], [141.339461, 43.104031], [141.339347, 43.104465], [141.339261, 43.104848], [141.339211, 43.105073], [141.339161, 43.105281], [141.338986, 43.105923], [141.338897, 43.106239], [141.338847, 43.106414], [141.338672, 43.107098], [141.338636, 43.107264], [141.338572, 43.107497], [141.338436, 43.108089], [141.338236, 43.108931], [141.338197, 43.109289], [141.338247, 43.109564], [141.338335, 43.109914], [141.33846, 43.110389], [141.338497, 43.110547], [141.338522, 43.110805], [141.338535, 43.110955], [141.338496, 43.111522], [141.338471, 43.111655], [141.338385, 43.111789], [141.338235, 43.111897], [141.33801, 43.112005], [141.337296, 43.11233]]}, "properties": {"code": "115", "kind": "駐車禁止", "shape": "2", "route": "", "crossing": "", "speed": "", "n_lanes": "", "length": "4840", "in_cordon": false, "dir_kind": ""}}, {"type": "Feature", "geometry": {"type": "LineString", "coordinates": [[141.354973, 43.068661], [141.354962, 43.068695], [141.354887, 43.069011], [141.354723, 43.069694], [141.354573, 43.070269], [141.354423, 43.070861], [141.354287, 43.071361], [141.354112, 43.071969], [141.353787, 43.073111], [141.353698, 43.073402], [141.353623, 43.073677], [141.353498, 43.074136], [141.353106, 43.075477], [141.352817, 43.076463]]}, "properties": {"code": "115", "kind": "駐車禁止", "shape": "2", "route": "", "crossing": "", "speed": "", "n_lanes": "", "length": "750", "in_cordon": false, "dir_kind": ""}}, {"type": "Feature", "geometry": {"type": "LineString", "coordinates": [[141.351006, 43.071433], [141.351079, 43.071164]]}, "properties": {"code": "115", "kind": "駐車禁止", "shape": "2", "route": "", "crossing": "", "speed": "", "n_lanes": "", "length": "25", "in_cordon": false, "dir_kind": ""}}, {"type": "Feature", "geometry": {"type": "LineString", "coordinates": [[141.344274, 43.067919], [141.344924, 43.068011], [141.345163, 43.068403], [141.345263, 43.068411]]}, "properties": {"code": "115", "kind": "駐車禁止", "shape": "2", "route": "", "crossing": "", "speed": "", "n_lanes": "", "length": "80", "in_cordon": false, "dir_kind": ""}}, {"type": "Feature", "geometry": {"type": "LineString", "coordinates": [[141.346298, 43.070711], [141.346373, 43.070319], [141.346523, 43.069761]]}, "properties": {"code": "115", "kind": "駐車禁止", "shape": "2", "route": "", "crossing": "", "speed": "", "n_lanes": "", "length": "110", "in_cordon": false, "dir_kind": ""}}, {"type": "Feature", "geometry": {"type": "LineString", "coordinates": [[141.354723, 43.069694], [141.353087, 43.069478], [141.351823, 43.069294], [141.351748, 43.069294], [141.351662, 43.069303]]}, "properties": {"code": "115", "kind": "駐車禁止", "shape": "2", "route": "", "crossing": "", "speed": "", "n_lanes": "", "length": "240", "in_cordon": false, "dir_kind": ""}}, {"type": "Feature", "geometry": {"type": "LineString", "coordinates": [[141.351423, 43.069453], [141.351337, 43.069836], [141.351298, 43.069994], [141.351212, 43.070403], [141.351073, 43.070977], [141.350923, 43.071544], [141.350798, 43.072102], [141.350648, 43.072686], [141.350498, 43.07326], [141.350362, 43.073827], [141.350212, 43.074394], [141.350073, 43.074977], [141.349923, 43.075535], [141.349773, 43.076118], [141.349623, 43.076685], [141.349473, 43.077268], [141.349337, 43.077827], [141.349212, 43.078327], [141.349162, 43.078477], [141.349048, 43.078976], [141.348898, 43.079543], [141.348761, 43.080118], [141.348623, 43.080685], [141.348461, 43.081276], [141.348323, 43.081834], [141.348147, 43.082543], [141.347961, 43.083268], [141.347786, 43.083976], [141.347611, 43.084676], [141.347411, 43.085426], [141.347322, 43.085776], [141.347236, 43.086142], [141.347072, 43.086842], [141.346886, 43.087559], [141.346697, 43.088267], [141.346522, 43.088967], [141.346336, 43.089683], [141.346097, 43.090592], [141.346036, 43.090875], [141.346022, 43.090958], [141.345936, 43.091283], [141.345836, 43.091683], [141.345761, 43.091958], [141.345497, 43.092958], [141.345261, 43.093924], [141.345161, 43.094333], [141.345072, 43.094641], [141.345011, 43.094949], [141.344922, 43.095249], [141.344861, 43.095524], [141.344772, 43.095858]]}, "properties": {"code": "115", "kind": "駐車禁止", "shape": "2", "route": "", "crossing": "", "speed": "", "n_lanes": "", "length": "3000", "in_cordon": false, "dir_kind": ""}}, {"type": "Feature", "geometry": {"type": "LineString", "coordinates": [[141.349762, 43.069044], [141.349837, 43.069119], [141.349898, 43.069219], [141.349898, 43.069319], [141.349798, 43.069636], [141.349762, 43.069811], [141.349648, 43.070194], [141.349523, 43.070761], [141.349362, 43.071336], [141.349223, 43.071894], [141.349087, 43.072477], [141.348937, 43.073044], [141.348798, 43.073619], [141.348648, 43.074177], [141.348498, 43.07476], [141.348362, 43.075327], [141.348198, 43.075902], [141.348062, 43.076468], [141.347912, 43.077052], [141.347773, 43.077618], [141.347648, 43.07811], [141.347612, 43.078268], [141.347487, 43.078776], [141.347337, 43.079335], [141.347187, 43.079901], [141.347037, 43.080476], [141.346898, 43.081059], [141.346748, 43.081643], [141.346573, 43.082334], [141.346386, 43.083051], [141.346223, 43.083759], [141.346048, 43.084467], [141.345847, 43.085201], [141.345697, 43.085775], [141.345661, 43.085925], [141.345486, 43.086634], [141.345311, 43.087342], [141.345122, 43.088042], [141.344947, 43.088758], [141.344772, 43.089467], [141.344522, 43.090383], [141.344447, 43.090675], [141.344361, 43.091075], [141.344286, 43.0914], [141.344197, 43.091741], [141.343936, 43.09275], [141.343697, 43.093691], [141.343647, 43.093883], [141.343586, 43.094116], [141.343511, 43.094424], [141.343447, 43.094733], [141.343372, 43.094974], [141.343361, 43.095016], [141.343297, 43.095308], [141.343211, 43.095641], [141.342822, 43.097107], [141.342711, 43.097566], [141.342586, 43.098132], [141.342511, 43.09839], [141.342447, 43.098657], [141.342336, 43.099099], [141.342247, 43.099474], [141.342161, 43.099799], [141.342036, 43.100224], [141.341897, 43.100707], [141.341886, 43.100757], [141.341836, 43.10099], [141.341836, 43.101032], [141.341786, 43.10124], [141.341736, 43.101407], [141.341711, 43.101523], [141.341636, 43.101823], [141.341572, 43.102057], [141.341472, 43.10244], [141.341347, 43.102915], [141.341111, 43.103865], [141.340986, 43.104298], [141.340886, 43.104715], [141.340797, 43.105131], [141.340697, 43.105481], [141.340586, 43.105981], [141.340461, 43.106473], [141.340272, 43.107239], [141.34016, 43.107664]]}, "properties": {"code": "115", "kind": "駐車禁止", "shape": "2", "route": "", "crossing": "", "speed": "", "n_lanes": "", "length": "4350", "in_cordon": false, "dir_kind": ""}}, {"type": "Feature", "geometry": {"type": "LineString", "coordinates": [[141.344438, 43.067372], [141.344024, 43.067294], [141.343874, 43.067269], [141.343624, 43.067244], [141.343313, 43.067236], [141.342763, 43.067211], [141.342363, 43.067219], [141.342099, 43.067236]]}, "properties": {"code": "115", "kind": "駐車禁止", "shape": "2", "route": "", "crossing": "", "speed": "", "n_lanes": "", "length": "180", "in_cordon": false, "dir_kind": ""}}, {"type": "Feature", "geometry": {"type": "LineString", "coordinates": [[141.342099, 43.0673], [141.341999, 43.067597], [141.341788, 43.068186], [141.341674, 43.068202]]}, "properties": {"code": "115", "kind": "駐車禁止", "shape": "2", "route": "", "crossing": "", "speed": "", "n_lanes": "", "length": "100", "in_cordon": false, "dir_kind": ""}}, {"type": "Feature", "geometry": {"type": "LineString", "coordinates": [[141.346949, 43.068044], [141.345413, 43.067803]]}, "properties": {"code": "115", "kind": "駐車禁止", "shape": "2", "route": "", "crossing": "", "speed": "", "n_lanes": "", "length": "110", "in_cordon": false, "dir_kind": ""}}, {"type": "Feature", "geometry": {"type": "LineString", "coordinates": [[141.344474, 43.067353], [141.344324, 43.067786], [141.344274, 43.067919], [141.344138, 43.068161], [141.343863, 43.068519]]}, "properties": {"code": "115", "kind": "駐車禁止", "shape": "2", "route": "", "crossing": "", "speed": "", "n_lanes": "", "length": "130", "in_cordon": false, "dir_kind": ""}}, {"type": "Feature", "geometry": {"type": "LineString", "coordinates": [[141.33938, 43.067786], [141.340668, 43.067433], [141.341674, 43.067277], [141.342257, 43.067236], [141.343252, 43.067225], [141.343963, 43.067283], [141.345346, 43.067508]]}, "properties": {"code": "115", "kind": "駐車禁止", "shape": "2", "route": "", "crossing": "", "speed": "", "n_lanes": "", "length": "500", "in_cordon": false, "dir_kind": ""}}, {"type": "Feature", "geometry": {"type": "LineString", "coordinates": [[141.349523, 43.070761], [141.347937, 43.070552], [141.346373, 43.070319], [141.344924, 43.070127]]}, "properties": {"code": "115", "kind": "駐車禁止", "shape": "2", "route": "", "crossing": "", "speed": "", "n_lanes": "", "length": "370", "in_cordon": false, "dir_kind": ""}}, {"type": "Feature", "geometry": {"type": "LineString", "coordinates": [[141.354423, 43.070861], [141.353598, 43.070736], [141.352773, 43.070628], [141.351212, 43.070403], [141.349648, 43.070194], [141.348073, 43.069977], [141.346523, 43.069761], [141.345049, 43.069561], [141.344974, 43.069552], [141.344762, 43.069502], [141.344238, 43.069236], [141.344124, 43.069194], [141.343888, 43.069111], [141.342224, 43.068711], [141.341324, 43.068611], [141.341074, 43.068611], [141.340699, 43.068577], [141.340513, 43.068519], [141.339413, 43.068427]]}, "properties": {"code": "115", "kind": "駐車禁止", "shape": "2", "route": "", "crossing": "", "speed": "", "n_lanes": "", "length": "1260", "in_cordon": false, "dir_kind": ""}}, {"type": "Feature", "geometry": {"type": "LineString", "coordinates": [[141.34977, 43.069022], [141.345371, 43.068444]]}, "properties": {"code": "115", "kind": "駐車禁止", "shape": "2", "route": "", "crossing": "", "speed": "", "n_lanes": "", "length": "390", "in_cordon": false, "dir_kind": ""}}, {"type": "Feature", "geometry": {"type": "LineString", "coordinates": [[141.347787, 43.071136], [141.349362, 43.071336], [141.350073, 43.071427], [141.350923, 43.071544], [141.352498, 43.071752], [141.353312, 43.071869], [141.354112, 43.071969]]}, "properties": {"code": "115", "kind": "駐車禁止", "shape": "2", "route": "", "crossing": "", "speed": "", "n_lanes": "", "length": "500", "in_cordon": false, "dir_kind": ""}}, {"type": "Feature", "geometry": {"type": "LineString", "coordinates": [[141.350511, 43.07976], [141.350647, 43.079193], [141.350773, 43.078693], [141.350798, 43.078543], [141.350823, 43.078385], [141.350898, 43.078035], [141.351036, 43.077477], [141.351186, 43.076902], [141.351337, 43.076327], [141.351487, 43.075752], [141.351623, 43.075194], [141.351773, 43.07461], [141.351912, 43.074044], [141.352062, 43.073469], [141.352212, 43.072902], [141.352362, 43.072336], [141.352498, 43.071752], [141.352648, 43.071152], [141.352773, 43.070628], [141.352937, 43.070044], [141.353087, 43.069478], [141.353173, 43.069178], [141.353337, 43.068536], [141.353362, 43.068453]]}, "properties": {"code": "115", "kind": "駐車禁止", "shape": "2", "route": "", "crossing": "", "speed": "", "n_lanes": "", "length": "1270", "in_cordon": false, "dir_kind": ""}}, {"type": "Feature", "geometry": {"type": "LineString", "coordinates": [[141.367786, 43.056913], [141.367686, 43.056863], [141.367398, 43.056796], [141.367286, 43.056755], [141.367161, 43.056688], [141.366898, 43.056496], [141.366312, 43.056055], [141.365612, 43.055555], [141.365223, 43.05523]]}, "properties": {"code": "115", "kind": "駐車禁止", "shape": "2", "route": "", "crossing": "", "speed": "", "n_lanes": "", "length": "280", "in_cordon": false, "dir_kind": ""}}, {"type": "Feature", "geometry": {"type": "LineString", "coordinates": [[141.370492, 43.055208], [141.364942, 43.050336]]}, "properties": {"code": "115", "kind": "駐車禁止", "shape": "2", "route": "", "crossing": "", "speed": "", "n_lanes": "", "length": "700", "in_cordon": false, "dir_kind": ""}}, {"type": "Feature", "geometry": {"type": "LineString", "coordinates": [[141.36529, 43.05378], [141.36484, 43.053383], [141.365181, 43.052494], [141.365167, 43.052144], [141.365034, 43.0513], [141.36502, 43.050925], [141.364948, 43.05053], [141.364854, 43.049983], [141.364637, 43.048711], [141.364082, 43.045808], [141.363943, 43.044564], [141.363801, 43.042384]]}, "properties": {"code": "115", "kind": "駐車禁止", "shape": "2", "route": "", "crossing": "", "speed": "", "n_lanes": "", "length": "1250", "in_cordon": false, "dir_kind": ""}}, {"type": "Feature", "geometry": {"type": "LineString", "coordinates": [[141.36086, 43.048716], [141.362454, 43.048525], [141.362987, 43.048508], [141.363768, 43.048547], [141.365195, 43.048886], [141.366326, 43.049208], [141.367067, 43.0493], [141.368453, 43.04945]]}, "properties": {"code": "115", "kind": "駐車禁止", "shape": "2", "route": "", "crossing": "", "speed": "", "n_lanes": "", "length": "650", "in_cordon": false, "dir_kind": ""}}, {"type": "Feature", "geometry": {"type": "LineString", "coordinates": [[141.367498, 43.053674], [141.366851, 43.053097]]}, "properties": {"code": "115", "kind": "駐車禁止", "shape": "2", "route": "", "crossing": "", "speed": "", "n_lanes": "", "length": "85", "in_cordon": false, "dir_kind": ""}}, {"type": "Feature", "geometry": {"type": "LineString", "coordinates": [[141.365409, 43.050622], [141.366131, 43.050194]]}, "properties": {"code": "115", "kind": "駐車禁止", "shape": "2", "route": "", "crossing": "", "speed": "", "n_lanes": "", "length": "85", "in_cordon": false, "dir_kind": ""}}, {"type": "Feature", "geometry": {"type": "LineString", "coordinates": [[141.367878, 43.050458], [141.367628, 43.050225], [141.367759, 43.049508]]}, "properties": {"code": "115", "kind": "駐車禁止", "shape": "2", "route": "", "crossing": "", "speed": "", "n_lanes": "", "length": "110", "in_cordon": false, "dir_kind": ""}}, {"type": "Feature", "geometry": {"type": "LineString", "coordinates": [[141.366765, 43.04973], [141.366826, 43.049389]]}, "properties": {"code": "115", "kind": "駐車禁止", "shape": "2", "route": "", "crossing": "", "speed": "", "n_lanes": "", "length": "40", "in_cordon": false, "dir_kind": ""}}, {"type": "Feature", "geometry": {"type": "LineString", "coordinates": [[141.364523, 43.055707], [141.366223, 43.054605], [141.366473, 43.054455], [141.366862, 43.054222], [141.367598, 43.053755], [141.367987, 43.053513], [141.368311, 43.053305], [141.369561, 43.052538], [141.369698, 43.052455], [141.371047, 43.051597], [141.371311, 43.051447], [141.371622, 43.051255], [141.372061, 43.050989], [141.373197, 43.050272], [141.374547, 43.049439], [141.375286, 43.048981], [141.375472, 43.048856], [141.375661, 43.048747], [141.376086, 43.048497], [141.376597, 43.048172], [141.376711, 43.048089], [141.377297, 43.047731], [141.377386, 43.047681], [141.377572, 43.047581], [141.378486, 43.047006], [141.378861, 43.046773], [141.379322, 43.046489], [141.380011, 43.046056], [141.380097, 43.045998], [141.380922, 43.045481], [141.381011, 43.045423], [141.382097, 43.044756], [141.382697, 43.044415], [141.383297, 43.04404], [141.383397, 43.043981], [141.384572, 43.043257], [141.384647, 43.043207], [141.38601, 43.042382], [141.38671, 43.041957], [141.387072, 43.041748], [141.38771, 43.041357], [141.388321, 43.04099], [141.388921, 43.040607], [141.38921, 43.040424], [141.389385, 43.040307], [141.38966, 43.040074], [141.389796, 43.039949], [141.390096, 43.039649], [141.390246, 43.039507], [141.390421, 43.039332], [141.390596, 43.039166], [141.39076, 43.038982], [141.390835, 43.038874], [141.39101, 43.038632], [141.391271, 43.038249], [141.391421, 43.038007], [141.391635, 43.037691], [141.391896, 43.037291], [141.392246, 43.036757], [141.392471, 43.036416], [141.39276, 43.035974], [141.393285, 43.035166], [141.39336, 43.035049], [141.393496, 43.034833], [141.393571, 43.034708], [141.393771, 43.034391], [141.394035, 43.033983], [141.394296, 43.033583], [141.394371, 43.033483], [141.394621, 43.033083], [141.394785, 43.032825], [141.394846, 43.032725], [141.395035, 43.032441], [141.395446, 43.031833], [141.39556, 43.03165], [141.395685, 43.031466], [141.395935, 43.031092], [141.396035, 43.030933], [141.39621, 43.030658], [141.39641, 43.030342], [141.396696, 43.0299], [141.397146, 43.029225], [141.397196, 43.029133], [141.397485, 43.028683], [141.39766, 43.0284], [141.39771, 43.028334], [141.39776, 43.02825], [141.39801, 43.027842], [141.39831, 43.027184], [141.398796, 43.026167], [141.39901, 43.025717], [141.399296, 43.025226], [141.400046, 43.024476], [141.400196, 43.024342], [141.400921, 43.023667], [141.40131, 43.023292], [141.401471, 43.023151], [141.401646, 43.022976], [141.401685, 43.022951], [141.402346, 43.022334], [141.402671, 43.022026], [141.40321, 43.021526], [141.403671, 43.021093], [141.404571, 43.02026], [141.404696, 43.020168], [141.405096, 43.01986], [141.40586, 43.01931], [141.406296, 43.019043], [141.40681, 43.01876], [141.40796, 43.018202], [141.408746, 43.017793], [141.409935, 43.017235], [141.410596, 43.016927], [141.411935, 43.016252], [141.412021, 43.01621], [141.412621, 43.015894], [141.413221, 43.015577], [141.414546, 43.014852], [141.41541, 43.014377], [141.416034, 43.014052], [141.416509, 43.013786], [141.416996, 43.013527], [141.418345, 43.012777], [141.418445, 43.012727], [141.41857, 43.012652], [141.41937, 43.012227], [141.420134, 43.011802], [141.420534, 43.011578], [141.42087, 43.011386], [141.421459, 43.011069], [141.422745, 43.010319], [141.424395, 43.009345], [141.42487, 43.009053], [141.427184, 43.007687], [141.428584, 43.006862], [141.429059, 43.006587], [141.430145, 43.005937], [141.431234, 43.005295], [141.432545, 43.004521], [141.433084, 43.004212], [141.433545, 43.003929], [141.43527, 43.002796], [141.435719, 43.002454], [141.435919, 43.002321], [141.436858, 43.001613], [141.437919, 43.000721], [141.438194, 43.000496], [141.438708, 43.000071], [141.438744, 43.000038], [141.438958, 42.999871], [141.439308, 42.99958], [141.439583, 42.999338], [141.440208, 42.998821], [141.441069, 42.998105], [141.441219, 42.997972], [141.441683, 42.997588], [141.441769, 42.997513], [141.442408, 42.99698], [141.443544, 42.996022], [141.443683, 42.995913], [141.444019, 42.99563], [141.444158, 42.995514], [141.445658, 42.994264], [141.446008, 42.993972], [141.446083, 42.993905], [141.446533, 42.99353], [141.447283, 42.992906], [141.448358, 42.991997], [141.448608, 42.991797], [141.449444, 42.991064], [141.449844, 42.990748], [141.449919, 42.990681], [141.450844, 42.989923], [141.450933, 42.989848], [141.452219, 42.988773], [141.453344, 42.987823], [141.454943, 42.98649], [141.456268, 42.985407], [141.457582, 42.984515], [141.458332, 42.984057], [141.458743, 42.983807], [141.460282, 42.983015], [141.460843, 42.982757], [141.461732, 42.982365], [141.461868, 42.982307], [141.462207, 42.982165], [141.462618, 42.981982], [141.463907, 42.981432], [141.464518, 42.981174], [141.465332, 42.980766], [141.465557, 42.980632], [141.466232, 42.980199], [141.466818, 42.979774], [141.467368, 42.979333], [141.467557, 42.979183], [141.467732, 42.979041], [141.467857, 42.978941], [141.468343, 42.978541], [141.468418, 42.978483], [141.468907, 42.978149], [141.469268, 42.977908], [141.469618, 42.977658], [141.470107, 42.977308]]}, "properties": {"code": "115", "kind": "駐車禁止", "shape": "2", "route": "", "crossing": "", "speed": "", "n_lanes": "", "length": "12500", "in_cordon": false, "dir_kind": ""}}, {"type": "Feature", "geometry": {"type": "LineString", "coordinates": [[141.365223, 43.05523], [141.364812, 43.05488], [141.364648, 43.054705], [141.364498, 43.054455], [141.364437, 43.054313], [141.364062, 43.053313], [141.363723, 43.052347], [141.363673, 43.052122], [141.363612, 43.051922], [141.363312, 43.051155], [141.362173, 43.048564], [141.361823, 43.047697], [141.361723, 43.047455], [141.361587, 43.046956], [141.361362, 43.045989], [141.360763, 43.042073], [141.360663, 43.041773], [141.360524, 43.041414], [141.360424, 43.041239], [141.360313, 43.041056], [141.360149, 43.040773], [141.359974, 43.040548], [141.359738, 43.040231], [141.358663, 43.038873], [141.358188, 43.038181], [141.357888, 43.037698], [141.357649, 43.037248], [141.357474, 43.036831], [141.357338, 43.036448], [141.357199, 43.036015], [141.357113, 43.035623], [141.357013, 43.035082], [141.357, 43.034948], [141.356975, 43.034223], [141.357, 43.033773], [141.357089, 43.033015], [141.357225, 43.031799], [141.357225, 43.031249], [141.357175, 43.03084], [141.357139, 43.030624], [141.357114, 43.030515], [141.357075, 43.030391], [141.356939, 43.029982], [141.356739, 43.029574], [141.356539, 43.029241], [141.35635, 43.028966], [141.355825, 43.028274], [141.35565, 43.028024], [141.355375, 43.027549], [141.355189, 43.027224], [141.355064, 43.026957], [141.354889, 43.026533], [141.354725, 43.026083], [141.354639, 43.025774], [141.353814, 43.022166], [141.353715, 43.021566], [141.35369, 43.021158], [141.353701, 43.0206], [141.353751, 43.020166], [141.353951, 43.019408], [141.35424, 43.0186], [141.354276, 43.018483], [141.354415, 43.018092], [141.354551, 43.017733], [141.354601, 43.017442], [141.35459, 43.01715], [141.354526, 43.016784], [141.354451, 43.016459], [141.354215, 43.015675], [141.354176, 43.015492], [141.354176, 43.015309], [141.354176, 43.015167], [141.35419, 43.0148], [141.354215, 43.01465], [141.354251, 43.014425], [141.354326, 43.013784], [141.354326, 43.013459], [141.354301, 43.013192], [141.35424, 43.012926], [141.354204, 43.012792], [141.354171, 43.012695], [141.354079, 43.012451], [141.353973, 43.012245], [141.35389, 43.012103], [141.35371, 43.011862]]}, "properties": {"code": "115", "kind": "駐車禁止", "shape": "2", "route": "", "crossing": "", "speed": "", "n_lanes": "", "length": "5000", "in_cordon": false, "dir_kind": ""}}, {"type": "Feature", "geometry": {"type": "LineString", "coordinates": [[141.366128, 43.054519], [141.365434, 43.053883]]}, "properties": {"code": "115", "kind": "駐車禁止", "shape": "2", "route": "", "crossing": "", "speed": "", "n_lanes": "", "length": "100", "in_cordon": false, "dir_kind": ""}}, {"type": "Feature", "geometry": {"type": "LineString", "coordinates": [[141.363715, 43.048469], [141.363209, 43.048442], [141.362829, 43.048436], [141.362318, 43.048455]]}, "properties": {"code": "115", "kind": "駐車禁止", "shape": "2", "route": "", "crossing": "", "speed": "", "n_lanes": "", "length": "180", "in_cordon": false, "dir_kind": ""}}, {"type": "Feature", "geometry": {"type": "LineString", "coordinates": [[141.363259, 43.049966], [141.363009, 43.049139], [141.362971, 43.048678]]}, "properties": {"code": "115", "kind": "駐車禁止", "shape": "2", "route": "", "crossing": "", "speed": "", "n_lanes": "", "length": "150", "in_cordon": false, "dir_kind": ""}}, {"type": "Feature", "geometry": {"type": "LineString", "coordinates": [[141.362965, 43.050005], [141.364676, 43.049944]]}, "properties": {"code": "115", "kind": "駐車禁止", "shape": "2", "route": "", "crossing": "", "speed": "", "n_lanes": "", "length": "120", "in_cordon": false, "dir_kind": ""}}, {"type": "Feature", "geometry": {"type": "LineString", "coordinates": [[141.366839, 43.052911], [141.365826, 43.052055], [141.365287, 43.052224]]}, "properties": {"code": "115", "kind": "駐車禁止", "shape": "2", "route": "", "crossing": "", "speed": "", "n_lanes": "", "length": "180", "in_cordon": false, "dir_kind": ""}}, {"type": "Feature", "geometry": {"type": "LineString", "coordinates": [[141.36457, 43.04908], [141.363095, 43.04913]]}, "properties": {"code": "115", "kind": "駐車禁止", "shape": "2", "route": "", "crossing": "", "speed": "", "n_lanes": "", "length": "130", "in_cordon": false, "dir_kind": ""}}, {"type": "Feature", "geometry": {"type": "LineString", "coordinates": [[141.366576, 43.053074], [141.365973, 43.052558], [141.366209, 43.052397]]}, "properties": {"code": "115", "kind": "駐車禁止", "shape": "2", "route": "", "crossing": "", "speed": "", "n_lanes": "", "length": "100", "in_cordon": false, "dir_kind": ""}}, {"type": "Feature", "geometry": {"type": "LineString", "coordinates": [[141.36609, 43.0522], [141.366578, 43.05193]]}, "properties": {"code": "115", "kind": "駐車禁止", "shape": "2", "route": "", "crossing": "", "speed": "", "n_lanes": "", "length": "80", "in_cordon": false, "dir_kind": ""}}, {"type": "Feature", "geometry": {"type": "LineString", "coordinates": [[141.366931, 43.05108], [141.366206, 43.05043], [141.366256, 43.049733], [141.367603, 43.049847]]}, "properties": {"code": "115", "kind": "駐車禁止", "shape": "2", "route": "", "crossing": "", "speed": "", "n_lanes": "", "length": "250", "in_cordon": false, "dir_kind": ""}}, {"type": "Feature", "geometry": {"type": "LineString", "coordinates": [[141.364562, 43.054249], [141.367398, 43.052688]]}, "properties": {"code": "115", "kind": "駐車禁止", "shape": "2", "route": "", "crossing": "", "speed": "", "n_lanes": "", "length": "300", "in_cordon": false, "dir_kind": ""}}, {"type": "Feature", "geometry": {"type": "LineString", "coordinates": [[141.36499, 43.050108], [141.366195, 43.049389]]}, "properties": {"code": "115", "kind": "駐車禁止", "shape": "2", "route": "", "crossing": "", "speed": "", "n_lanes": "", "length": "140", "in_cordon": false, "dir_kind": ""}}, {"type": "Feature", "geometry": {"type": "LineString", "coordinates": [[141.362312, 43.052449], [141.366326, 43.051513], [141.371217, 43.048525], [141.373545, 43.047053]]}, "properties": {"code": "115", "kind": "駐車禁止", "shape": "2", "route": "", "crossing": "", "speed": "", "n_lanes": "", "length": "1100", "in_cordon": false, "dir_kind": ""}}, {"type": "Feature", "geometry": {"type": "LineString", "coordinates": [[141.364981, 43.051688], [141.364373, 43.051586]]}, "properties": {"code": "115", "kind": "駐車禁止", "shape": "2", "route": "", "crossing": "", "speed": "", "n_lanes": "", "length": "60", "in_cordon": false, "dir_kind": ""}}, {"type": "Feature", "geometry": {"type": "LineString", "coordinates": [[141.366389, 43.056005], [141.383191, 43.045587], [141.389349, 43.041874], [141.395604, 43.038057], [141.395849, 43.037882], [141.396124, 43.037624], [141.402749, 43.02755], [141.404676, 43.025753], [141.406096, 43.024526], [141.406949, 43.023873], [141.40891, 43.021934], [141.409082, 43.02174], [141.409201, 43.021518], [141.409265, 43.021218], [141.409321, 43.020848]]}, "properties": {"code": "115", "kind": "駐車禁止", "shape": "2", "route": "", "crossing": "", "speed": "", "n_lanes": "", "length": "5400", "in_cordon": false, "dir_kind": ""}}, {"type": "Feature", "geometry": {"type": "LineString", "coordinates": [[141.365923, 43.053413], [141.365167, 43.052761]]}, "properties": {"code": "115", "kind": "駐車禁止", "shape": "2", "route": "", "crossing": "", "speed": "", "n_lanes": "", "length": "100", "in_cordon": false, "dir_kind": ""}}, {"type": "Feature", "geometry": {"type": "LineString", "coordinates": [[141.351835, 43.061126], [141.351712, 43.061587]]}, "properties": {"code": "115", "kind": "駐車禁止", "shape": "2", "route": "", "crossing": "", "speed": "", "n_lanes": "", "length": "49", "in_cordon": true, "dir_kind": ""}}, {"type": "Feature", "geometry": {"type": "LineString", "coordinates": [[141.351957, 43.06164], [141.352071, 43.061181]]}, "properties": {"code": "115", "kind": "駐車禁止", "shape": "2", "route": "", "crossing": "", "speed": "", "n_lanes": "", "length": "51", "in_cordon": true, "dir_kind": ""}}, {"type": "Feature", "geometry": {"type": "LineString", "coordinates": [[141.351643, 43.062901], [141.35169, 43.06272]]}, "properties": {"code": "115", "kind": "駐車禁止", "shape": "2", "route": "", "crossing": "", "speed": "", "n_lanes": "", "length": "13", "in_cordon": true, "dir_kind": ""}}, {"type": "Feature", "geometry": {"type": "LineString", "coordinates": [[141.35134, 43.064059], [141.351465, 43.063573]]}, "properties": {"code": "115", "kind": "駐車禁止", "shape": "2", "route": "", "crossing": "", "speed": "", "n_lanes": "", "length": "70", "in_cordon": true, "dir_kind": ""}}, {"type": "Feature", "geometry": {"type": "LineString", "coordinates": [[141.351023, 43.06537], [141.351184, 43.064795]]}, "properties": {"code": "115", "kind": "駐車禁止", "shape": "2", "route": "", "crossing": "", "speed": "", "n_lanes": "", "length": "69", "in_cordon": true, "dir_kind": ""}}, {"type": "Feature", "geometry": {"type": "LineString", "coordinates": [[141.351407, 43.057718], [141.351632, 43.057754]]}, "properties": {"code": "115", "kind": "駐車禁止", "shape": "2", "route": "", "crossing": "", "speed": "", "n_lanes": "", "length": "16", "in_cordon": true, "dir_kind": ""}}, {"type": "Feature", "geometry": {"type": "LineString", "coordinates": [[141.352024, 43.056507], [141.351752, 43.056471]]}, "properties": {"code": "115", "kind": "駐車禁止", "shape": "2", "route": "", "crossing": "", "speed": "", "n_lanes": "", "length": "21", "in_cordon": true, "dir_kind": ""}}, {"type": "Feature", "geometry": {"type": "LineString", "coordinates": [[141.35446, 43.05684], [141.353713, 43.056737]]}, "properties": {"code": "115", "kind": "駐車禁止", "shape": "2", "route": "", "crossing": "", "speed": "", "n_lanes": "", "length": "63", "in_cordon": true, "dir_kind": ""}}, {"type": "Feature", "geometry": {"type": "LineString", "coordinates": [[141.353101, 43.057957], [141.353532, 43.058026]]}, "properties": {"code": "115", "kind": "駐車禁止", "shape": "2", "route": "", "crossing": "", "speed": "", "n_lanes": "", "length": "16", "in_cordon": true, "dir_kind": ""}}, {"type": "Feature", "geometry": {"type": "LineString", "coordinates": [[141.347749, 43.059001], [141.350602, 43.059379]]}, "properties": {"code": "115", "kind": "駐車禁止", "shape": "2", "route": "", "crossing": "", "speed": "", "n_lanes": "", "length": "240", "in_cordon": true, "dir_kind": ""}}, {"type": "Feature", "geometry": {"type": "LineString", "coordinates": [[141.350904, 43.059415], [141.35209, 43.059584]]}, "properties": {"code": "115", "kind": "駐車禁止", "shape": "2", "route": "", "crossing": "", "speed": "", "n_lanes": "", "length": "110", "in_cordon": true, "dir_kind": ""}}, {"type": "Feature", "geometry": {"type": "LineString", "coordinates": [[141.350974, 43.058159], [141.349649, 43.057987]]}, "properties": {"code": "115", "kind": "駐車禁止", "shape": "2", "route": "", "crossing": "", "speed": "", "n_lanes": "", "length": "110", "in_cordon": true, "dir_kind": ""}}, {"type": "Feature", "geometry": {"type": "LineString", "coordinates": [[141.355665, 43.058785], [141.35119, 43.058215], [141.35119, 43.058212]]}, "properties": {"code": "115", "kind": "駐車禁止", "shape": "2", "route": "", "crossing": "", "speed": "", "n_lanes": "", "length": "330", "in_cordon": true, "dir_kind": ""}}, {"type": "Feature", "geometry": {"type": "LineString", "coordinates": [[141.349379, 43.057937], [141.348088, 43.05777]]}, "properties": {"code": "115", "kind": "駐車禁止", "shape": "2", "route": "", "crossing": "", "speed": "", "n_lanes": "", "length": "110", "in_cordon": true, "dir_kind": ""}}, {"type": "Feature", "geometry": {"type": "LineString", "coordinates": [[141.353032, 43.056071], [141.348616, 43.055482], [141.348613, 43.05549]]}, "properties": {"code": "115", "kind": "駐車禁止", "shape": "2", "route": "", "crossing": "", "speed": "", "n_lanes": "", "length": "370", "in_cordon": true, "dir_kind": ""}}, {"type": "Feature", "geometry": {"type": "LineString", "coordinates": [[141.353426, 43.056182], [141.356223, 43.056571]]}, "properties": {"code": "115", "kind": "駐車禁止", "shape": "2", "route": "", "crossing": "", "speed": "", "n_lanes": "", "length": "240", "in_cordon": true, "dir_kind": ""}}, {"type": "Feature", "geometry": {"type": "LineString", "coordinates": [[141.353635, 43.05499], [141.354885, 43.055157]]}, "properties": {"code": "115", "kind": "駐車禁止", "shape": "2", "route": "", "crossing": "", "speed": "", "n_lanes": "", "length": "110", "in_cordon": true, "dir_kind": ""}}, {"type": "Feature", "geometry": {"type": "LineString", "coordinates": [[141.355187, 43.05526], [141.356479, 43.055432]]}, "properties": {"code": "115", "kind": "駐車禁止", "shape": "2", "route": "", "crossing": "", "speed": "", "n_lanes": "", "length": "110", "in_cordon": true, "dir_kind": ""}}, {"type": "Feature", "geometry": {"type": "LineString", "coordinates": [[141.353321, 43.054874], [141.352063, 43.054704]]}, "properties": {"code": "115", "kind": "駐車禁止", "shape": "2", "route": "", "crossing": "", "speed": "", "n_lanes": "", "length": "110", "in_cordon": true, "dir_kind": ""}}, {"type": "Feature", "geometry": {"type": "LineString", "coordinates": [[141.351824, 43.054707], [141.348985, 43.054338]]}, "properties": {"code": "115", "kind": "駐車禁止", "shape": "2", "route": "", "crossing": "", "speed": "", "n_lanes": "", "length": "250", "in_cordon": true, "dir_kind": ""}}, {"type": "Feature", "geometry": {"type": "LineString", "coordinates": [[141.350635, 43.054077], [141.356615, 43.054885]]}, "properties": {"code": "115", "kind": "駐車禁止", "shape": "2", "route": "", "crossing": "", "speed": "", "n_lanes": "", "length": "510", "in_cordon": true, "dir_kind": ""}}, {"type": "Feature", "geometry": {"type": "LineString", "coordinates": [[141.35536, 43.053582], [141.354996, 43.055052]]}, "properties": {"code": "115", "kind": "駐車禁止", "shape": "2", "route": "", "crossing": "", "speed": "", "n_lanes": "", "length": "180", "in_cordon": true, "dir_kind": ""}}, {"type": "Feature", "geometry": {"type": "LineString", "coordinates": [[141.354974, 43.055168], [141.354851, 43.055624]]}, "properties": {"code": "115", "kind": "駐車禁止", "shape": "2", "route": "", "crossing": "", "speed": "", "n_lanes": "", "length": "60", "in_cordon": true, "dir_kind": ""}}, {"type": "Feature", "geometry": {"type": "LineString", "coordinates": [[141.353629, 43.053843], [141.352346, 43.053674]]}, "properties": {"code": "115", "kind": "駐車禁止", "shape": "2", "route": "", "crossing": "", "speed": "", "n_lanes": "", "length": "110", "in_cordon": true, "dir_kind": ""}}, {"type": "Feature", "geometry": {"type": "LineString", "coordinates": [[141.352177, 43.053577], [141.349305, 43.053188], [141.349283, 43.053199]]}, "properties": {"code": "115", "kind": "駐車禁止", "shape": "2", "route": "", "crossing": "", "speed": "", "n_lanes": "", "length": "250", "in_cordon": true, "dir_kind": ""}}, {"type": "Feature", "geometry": {"type": "LineString", "coordinates": [[141.353904, 43.053966], [141.355093, 43.054135]]}, "properties": {"code": "115", "kind": "駐車禁止", "shape": "2", "route": "", "crossing": "", "speed": "", "n_lanes": "", "length": "110", "in_cordon": true, "dir_kind": ""}}, {"type": "Feature", "geometry": {"type": "LineString", "coordinates": [[141.355457, 43.054105], [141.356749, 43.054293]]}, "properties": {"code": "115", "kind": "駐車禁止", "shape": "2", "route": "", "crossing": "", "speed": "", "n_lanes": "", "length": "110", "in_cordon": true, "dir_kind": ""}}, {"type": "Feature", "geometry": {"type": "LineString", "coordinates": [[141.356921, 43.053621], [141.350963, 43.05281]]}, "properties": {"code": "115", "kind": "駐車禁止", "shape": "2", "route": "", "crossing": "", "speed": "", "n_lanes": "", "length": "500", "in_cordon": true, "dir_kind": ""}}, {"type": "Feature", "geometry": {"type": "LineString", "coordinates": [[141.353918, 43.052641], [141.352671, 43.052468]]}, "properties": {"code": "115", "kind": "駐車禁止", "shape": "2", "route": "", "crossing": "", "speed": "", "n_lanes": "", "length": "110", "in_cordon": true, "dir_kind": ""}}, {"type": "Feature", "geometry": {"type": "LineString", "coordinates": [[141.352449, 43.052446], [141.349552, 43.052057], [141.349552, 43.052052]]}, "properties": {"code": "115", "kind": "駐車禁止", "shape": "2", "route": "", "crossing": "", "speed": "", "n_lanes": "", "length": "250", "in_cordon": true, "dir_kind": ""}}, {"type": "Feature", "geometry": {"type": "LineString", "coordinates": [[141.350432, 43.06612], [141.34924, 43.065961]]}, "properties": {"code": "115", "kind": "駐車禁止", "shape": "2", "route": "", "crossing": "", "speed": "", "n_lanes": "", "length": "110", "in_cordon": true, "dir_kind": ""}}, {"type": "Feature", "geometry": {"type": "LineString", "coordinates": [[141.366272, 43.06767], [141.364986, 43.067487], [141.364097, 43.06737], [141.362986, 43.067228], [141.361772, 43.067062], [141.361597, 43.067045], [141.361386, 43.06702], [141.360647, 43.06692], [141.359936, 43.066812], [141.359148, 43.066712], [141.358348, 43.066603], [141.357573, 43.066495], [141.355987, 43.066278], [141.355573, 43.066228], [141.354762, 43.06612], [141.353962, 43.066011], [141.353148, 43.065895], [141.352387, 43.065786], [141.351648, 43.065695], [141.350898, 43.065578], [141.350737, 43.06557], [141.349262, 43.065361]]}, "properties": {"code": "115", "kind": "駐車禁止", "shape": "2", "route": "", "crossing": "", "speed": "", "n_lanes": "", "length": "1400", "in_cordon": true, "dir_kind": ""}}, {"type": "Feature", "geometry": {"type": "LineString", "coordinates": [[141.336861, 43.056984], [141.336739, 43.057445], [141.336575, 43.058037], [141.336489, 43.058395], [141.336389, 43.058787], [141.3361, 43.059928], [141.335814, 43.06107], [141.335241, 43.063333]]}, "properties": {"code": "115", "kind": "駐車禁止", "shape": "2", "route": "", "crossing": "", "speed": "", "n_lanes": "", "length": "720", "in_cordon": false, "dir_kind": ""}}, {"type": "Feature", "geometry": {"type": "LineString", "coordinates": [[141.338494, 43.062661], [141.332467, 43.061833], [141.326292, 43.061]]}, "properties": {"code": "115", "kind": "駐車禁止", "shape": "2", "route": "", "crossing": "", "speed": "", "n_lanes": "", "length": "1010", "in_cordon": false, "dir_kind": ""}}, {"type": "Feature", "geometry": {"type": "LineString", "coordinates": [[141.362933, 43.068981], [141.362925, 43.068986], [141.363775, 43.068914], [141.365797, 43.068875], [141.366, 43.068937], [141.369111, 43.068901], [141.369288, 43.068984], [141.369466, 43.069114]]}, "properties": {"code": "115", "kind": "駐車禁止", "shape": "2", "route": "", "crossing": "", "speed": "", "n_lanes": "", "length": "540", "in_cordon": false, "dir_kind": ""}}, {"type": "Feature", "geometry": {"type": "LineString", "coordinates": [[141.358539, 43.068575], [141.357495, 43.068592], [141.357195, 43.068592]]}, "properties": {"code": "115", "kind": "駐車禁止", "shape": "2", "route": "", "crossing": "", "speed": "", "n_lanes": "", "length": "110", "in_cordon": false, "dir_kind": ""}}, {"type": "Feature", "geometry": {"type": "LineString", "coordinates": [[141.347933, 43.051366], [141.347816, 43.051843], [141.34768, 43.052404], [141.347524, 43.052996], [141.347388, 43.053563], [141.347249, 43.054138], [141.347088, 43.054721], [141.347038, 43.054912], [141.346938, 43.055279], [141.346813, 43.055854], [141.346674, 43.056421], [141.346524, 43.056996], [141.346374, 43.057579], [141.346249, 43.058145], [141.346088, 43.05872], [141.345949, 43.059304], [141.345763, 43.060028], [141.345619, 43.060601], [141.345513, 43.061012], [141.345513, 43.061212], [141.345488, 43.06142], [141.345399, 43.061845], [141.345288, 43.06227], [141.345024, 43.063536], [141.344949, 43.063661], [141.344749, 43.06412], [141.344624, 43.064511], [141.344663, 43.064736], [141.344513, 43.065353], [141.344399, 43.065778], [141.344388, 43.065911], [141.344354, 43.066047], [141.344124, 43.066886]]}, "properties": {"code": "115", "kind": "駐車禁止", "shape": "2", "route": "", "crossing": "", "speed": "", "n_lanes": "", "length": "1750", "in_cordon": true, "dir_kind": ""}}, {"type": "Feature", "geometry": {"type": "LineString", "coordinates": [[141.342588, 43.065758], [141.342463, 43.066261], [141.342366, 43.066555], [141.342299, 43.066766]]}, "properties": {"code": "115", "kind": "駐車禁止", "shape": "2", "route": "", "crossing": "", "speed": "", "n_lanes": "", "length": "120", "in_cordon": true, "dir_kind": ""}}, {"type": "Feature", "geometry": {"type": "LineString", "coordinates": [[141.351201, 43.063534], [141.351201, 43.063531], [141.351148, 43.063753], [141.351148, 43.06375], [141.351101, 43.063925]]}, "properties": {"code": "115", "kind": "駐車禁止", "shape": "2", "route": "", "crossing": "", "speed": "", "n_lanes": "", "length": "55", "in_cordon": true, "dir_kind": ""}}, {"type": "Feature", "geometry": {"type": "LineString", "coordinates": [[141.355423, 43.068978], [141.35699, 43.062851]]}, "properties": {"code": "115", "kind": "駐車禁止", "shape": "2", "route": "", "crossing": "", "speed": "", "n_lanes": "", "length": "700", "in_cordon": true, "dir_kind": ""}}, {"type": "Feature", "geometry": {"type": "LineString", "coordinates": [[141.358625, 43.068981], [141.359606, 43.065206], [141.360792, 43.060479], [141.36162, 43.057157], [141.361692, 43.056954]]}, "properties": {"code": "115", "kind": "駐車禁止", "shape": "2", "route": "", "crossing": "", "speed": "", "n_lanes": "", "length": "1350", "in_cordon": false, "dir_kind": ""}}, {"type": "Feature", "geometry": {"type": "LineString", "coordinates": [[141.363187, 43.056777], [141.36322, 43.056966], [141.363178, 43.057193], [141.362937, 43.058063], [141.362648, 43.059204], [141.362362, 43.060346], [141.362062, 43.061479], [141.362023, 43.061654], [141.361787, 43.062537], [141.361587, 43.063387], [141.361736, 43.063565], [141.361648, 43.063856], [141.3615, 43.064445], [141.361273, 43.064554], [141.361061, 43.065553], [141.360973, 43.065712], [141.360898, 43.065912], [141.360647, 43.06692], [141.360336, 43.068095], [141.360295, 43.068264], [141.360247, 43.068442], [141.360111, 43.068959]]}, "properties": {"code": "115", "kind": "駐車禁止", "shape": "2", "route": "", "crossing": "", "speed": "", "n_lanes": "", "length": "1390", "in_cordon": false, "dir_kind": ""}}, {"type": "Feature", "geometry": {"type": "LineString", "coordinates": [[141.363275, 43.066128], [141.363097, 43.066803], [141.363045, 43.067045], [141.362975, 43.067303], [141.362839, 43.067956], [141.362794, 43.068137], [141.362775, 43.068864]]}, "properties": {"code": "115", "kind": "駐車禁止", "shape": "2", "route": "", "crossing": "", "speed": "", "n_lanes": "", "length": "300", "in_cordon": false, "dir_kind": ""}}, {"type": "Feature", "geometry": {"type": "LineString", "coordinates": [[141.35997, 43.056785], [141.358465, 43.062856], [141.357531, 43.066403], [141.356895, 43.068961]]}, "properties": {"code": "115", "kind": "駐車禁止", "shape": "2", "route": "", "crossing": "", "speed": "", "n_lanes": "", "length": "1370", "in_cordon": true, "dir_kind": ""}}, {"type": "Feature", "geometry": {"type": "LineString", "coordinates": [[141.345479, 43.067242], [141.345207, 43.068322], [141.345171, 43.068586], [141.344943, 43.069455]]}, "properties": {"code": "115", "kind": "駐車禁止", "shape": "2", "route": "", "crossing": "", "speed": "", "n_lanes": "", "length": "250", "in_cordon": false, "dir_kind": ""}}, {"type": "Feature", "geometry": {"type": "LineString", "coordinates": [[141.34661, 43.069708], [141.347162, 43.067505]]}, "properties": {"code": "115", "kind": "駐車禁止", "shape": "2", "route": "", "crossing": "", "speed": "", "n_lanes": "", "length": "250", "in_cordon": false, "dir_kind": ""}}, {"type": "Feature", "geometry": {"type": "LineString", "coordinates": [[141.35687, 43.068992], [141.348854, 43.101588]]}, "properties": {"code": "115", "kind": "駐車禁止", "shape": "2", "route": "", "crossing": "", "speed": "", "n_lanes": "", "length": "3680", "in_cordon": false, "dir_kind": ""}}, {"type": "Feature", "geometry": {"type": "LineString", "coordinates": [[141.350657, 43.101888], [141.350924, 43.10081], [141.350918, 43.100652], [141.350763, 43.100557], [141.351541, 43.097258], [141.352374, 43.093847], [141.354483, 43.085523], [141.358625, 43.068981]]}, "properties": {"code": "115", "kind": "駐車禁止", "shape": "2", "route": "", "crossing": "", "speed": "", "n_lanes": "", "length": "3720", "in_cordon": false, "dir_kind": ""}}, {"type": "Feature", "geometry": {"type": "LineString", "coordinates": [[141.360975, 43.071589], [141.358339, 43.070397]]}, "properties": {"code": "115", "kind": "駐車禁止", "shape": "2", "route": "", "crossing": "", "speed": "", "n_lanes": "", "length": "250", "in_cordon": false, "dir_kind": ""}}, {"type": "Feature", "geometry": {"type": "LineString", "coordinates": [[141.34962, 43.069625], [141.348243, 43.069428], [141.346862, 43.069236], [141.346662, 43.069202], [141.346512, 43.069169], [141.345124, 43.068986], [141.344129, 43.068786], [141.343946, 43.068625], [141.343774, 43.068569], [141.343438, 43.068622], [141.342424, 43.068352], [141.341838, 43.068194], [141.341788, 43.068186], [141.341649, 43.068211], [141.341485, 43.068277], [141.341257, 43.068286], [141.341099, 43.068286], [141.341082, 43.068502]]}, "properties": {"code": "115", "kind": "駐車禁止", "shape": "2", "route": "", "crossing": "", "speed": "", "n_lanes": "", "length": "750", "in_cordon": false, "dir_kind": ""}}, {"type": "Feature", "geometry": {"type": "LineString", "coordinates": [[141.354376, 43.07025], [141.353095, 43.070089], [141.351473, 43.069886]]}, "properties": {"code": "115", "kind": "駐車禁止", "shape": "2", "route": "", "crossing": "", "speed": "", "n_lanes": "", "length": "240", "in_cordon": false, "dir_kind": ""}}, {"type": "Feature", "geometry": {"type": "LineString", "coordinates": [[141.355332, 43.059932], [141.354471, 43.059818]]}, "properties": {"code": "115", "kind": "駐車禁止", "shape": "2", "route": "", "crossing": "", "speed": "", "n_lanes": "", "length": "100", "in_cordon": true, "dir_kind": ""}}, {"type": "Feature", "geometry": {"type": "LineString", "coordinates": [[141.354429, 43.059812], [141.354021, 43.059757]]}, "properties": {"code": "115", "kind": "駐車禁止", "shape": "2", "route": "", "crossing": "", "speed": "", "n_lanes": "", "length": "10", "in_cordon": true, "dir_kind": ""}}, {"type": "Feature", "geometry": {"type": "LineString", "coordinates": [[141.352024, 43.046364], [141.35173, 43.046355], [141.351286, 43.046325], [141.350113, 43.046244], [141.349497, 43.046197], [141.348689, 43.046166], [141.347903, 43.04615], [141.347389, 43.046116], [141.345339, 43.045977]]}, "properties": {"code": "115", "kind": "駐車禁止", "shape": "2", "route": "", "crossing": "", "speed": "", "n_lanes": "", "length": "550", "in_cordon": false, "dir_kind": ""}}, {"type": "Feature", "geometry": {"type": "LineString", "coordinates": [[141.34405, 43.045886], [141.343134, 43.045836], [141.342961, 43.045794], [141.335826, 43.04533], [141.335715, 43.04533], [141.334215, 43.04523], [141.33414, 43.045205], [141.334065, 43.045188], [141.332601, 43.045088], [141.332451, 43.045055], [141.332326, 43.045038], [141.331765, 43.045005], [141.33129, 43.044971], [141.329229, 43.044846]]}, "properties": {"code": "115", "kind": "駐車禁止", "shape": "2", "route": "", "crossing": "", "speed": "", "n_lanes": "", "length": "1210", "in_cordon": false, "dir_kind": ""}}, {"type": "Feature", "geometry": {"type": "LineString", "coordinates": [[141.352579, 43.059634], [141.353257, 43.059726]]}, "properties": {"code": "115", "kind": "駐車禁止", "shape": "2", "route": "", "crossing": "", "speed": "", "n_lanes": "", "length": "60", "in_cordon": true, "dir_kind": ""}}, {"type": "Feature", "geometry": {"type": "LineString", "coordinates": [[141.353268, 43.05974], [141.353757, 43.059801]]}, "properties": {"code": "115", "kind": "駐車禁止", "shape": "2", "route": "", "crossing": "", "speed": "", "n_lanes": "", "length": "50", "in_cordon": true, "dir_kind": ""}}, {"type": "Feature", "geometry": {"type": "LineString", "coordinates": [[141.341944, 43.056434], [141.360965, 43.059026]]}, "properties": {"code": "115", "kind": "駐車禁止", "shape": "2", "route": "", "crossing": "", "speed": "", "n_lanes": "", "length": "1580", "in_cordon": true, "dir_kind": ""}}, {"type": "Feature", "geometry": {"type": "LineString", "coordinates": [[141.346299, 43.065064], [141.347379, 43.065209]]}, "properties": {"code": "115", "kind": "駐車禁止", "shape": "2", "route": "", "crossing": "", "speed": "", "n_lanes": "", "length": "100", "in_cordon": true, "dir_kind": ""}}, {"type": "Feature", "geometry": {"type": "LineString", "coordinates": [[141.347885, 43.065286], [141.34906, 43.065442]]}, "properties": {"code": "115", "kind": "駐車禁止", "shape": "2", "route": "", "crossing": "", "speed": "", "n_lanes": "", "length": "100", "in_cordon": true, "dir_kind": ""}}, {"type": "Feature", "geometry": {"type": "LineString", "coordinates": [[141.346271, 43.063664], [141.345174, 43.063509]]}, "properties": {"code": "115", "kind": "駐車禁止", "shape": "2", "route": "", "crossing": "", "speed": "", "n_lanes": "", "length": "100", "in_cordon": true, "dir_kind": ""}}, {"type": "Feature", "geometry": {"type": "LineString", "coordinates": [[141.348407, 43.062631], [141.348607, 43.061856]]}, "properties": {"code": "115", "kind": "駐車禁止", "shape": "2", "route": "", "crossing": "", "speed": "", "n_lanes": "", "length": "100", "in_cordon": true, "dir_kind": ""}}, {"type": "Feature", "geometry": {"type": "LineString", "coordinates": [[141.348721, 43.061417], [141.348921, 43.060626]]}, "properties": {"code": "115", "kind": "駐車禁止", "shape": "2", "route": "", "crossing": "", "speed": "", "n_lanes": "", "length": "100", "in_cordon": true, "dir_kind": ""}}, {"type": "Feature", "geometry": {"type": "LineString", "coordinates": [[141.353442, 43.068092], [141.353476, 43.067961], [141.353362, 43.068453]]}, "properties": {"code": "115", "kind": "駐車禁止", "shape": "2", "route": "", "crossing": "", "speed": "", "n_lanes": "", "length": "70", "in_cordon": false, "dir_kind": ""}}, {"type": "Feature", "geometry": {"type": "LineString", "coordinates": [[141.354923, 43.061843], [141.355012, 43.061515], [141.355015, 43.061487]]}, "properties": {"code": "70", "kind": "駐車可", "shape": "2", "route": "", "crossing": "", "speed": "", "n_lanes": "", "length": "40", "in_cordon": true, "dir_kind": ""}}, {"type": "Feature", "geometry": {"type": "LineString", "coordinates": [[141.355404, 43.059818], [141.355448, 43.059671]]}, "properties": {"code": "70", "kind": "駐車可", "shape": "2", "route": "", "crossing": "", "speed": "", "n_lanes": "", "length": "20", "in_cordon": true, "dir_kind": ""}}, {"type": "Feature", "geometry": {"type": "LineString", "coordinates": [[141.353924, 43.058632], [141.353018, 43.058509]]}, "properties": {"code": "70", "kind": "駐車可", "shape": "2", "route": "", "crossing": "", "speed": "", "n_lanes": "", "length": "85", "in_cordon": true, "dir_kind": ""}}, {"type": "Feature", "geometry": {"type": "LineString", "coordinates": [[141.355343, 43.060023], [141.354007, 43.059843]]}, "properties": {"code": "70", "kind": "駐車可", "shape": "2", "route": "", "crossing": "", "speed": "", "n_lanes": "", "length": "110", "in_cordon": true, "dir_kind": ""}}, {"type": "Feature", "geometry": {"type": "LineString", "coordinates": [[141.352565, 43.059537], [141.353776, 43.059701]]}, "properties": {"code": "70", "kind": "駐車可", "shape": "2", "route": "", "crossing": "", "speed": "", "n_lanes": "", "length": "110", "in_cordon": true, "dir_kind": ""}}, {"type": "Feature", "geometry": {"type": "LineString", "coordinates": [[141.356129, 43.060582], [141.356476, 43.059207], [141.356759, 43.058132], [141.35699, 43.057138], [141.357198, 43.056399]]}, "properties": {"code": "71", "kind": "停車可", "shape": "2", "route": "", "crossing": "", "speed": "", "n_lanes": "", "length": "510", "in_cordon": true, "dir_kind": ""}}, {"type": "Feature", "geometry": {"type": "LineString", "coordinates": [[141.353449, 43.056138], [141.356287, 43.056521]]}, "properties": {"code": "71", "kind": "停車可", "shape": "2", "route": "", "crossing": "", "speed": "", "n_lanes": "", "length": "240", "in_cordon": true, "dir_kind": ""}}, {"type": "Feature", "geometry": {"type": "LineString", "coordinates": [[141.352993, 43.056138], [141.348624, 43.055546]]}, "properties": {"code": "71", "kind": "停車可", "shape": "2", "route": "", "crossing": "", "speed": "", "n_lanes": "", "length": "360", "in_cordon": true, "dir_kind": ""}}, {"type": "Feature", "geometry": {"type": "LineString", "coordinates": [[141.354098, 43.062479], [141.353231, 43.065764]]}, "properties": {"code": "71", "kind": "停車可", "shape": "2", "route": "", "crossing": "", "speed": "", "n_lanes": "", "length": "380", "in_cordon": true, "dir_kind": ""}}, {"type": "Feature", "geometry": {"type": "LineString", "coordinates": [[141.353634, 43.067045], [141.35699, 43.053807]]}, "properties": {"code": "71", "kind": "停車可", "shape": "2", "route": "", "crossing": "", "speed": "", "n_lanes": "", "length": "1520", "in_cordon": true, "dir_kind": ""}}, {"type": "Feature", "geometry": {"type": "LineString", "coordinates": [[141.361231, 43.057899], [141.355182, 43.057037], [141.349135, 43.056232], [141.342244, 43.055273]]}, "properties": {"code": "71", "kind": "停車可", "shape": "2", "route": "", "crossing": "", "speed": "", "n_lanes": "", "length": "1610", "in_cordon": true, "dir_kind": ""}}, {"type": "Feature", "geometry": {"type": "LineString", "coordinates": [[141.353668, 43.054918], [141.354951, 43.055077], [141.355204, 43.055188], [141.356507, 43.055371]]}, "properties": {"code": "71", "kind": "停車可", "shape": "2", "route": "", "crossing": "", "speed": "", "n_lanes": "", "length": "240", "in_cordon": true, "dir_kind": ""}}, {"type": "Feature", "geometry": {"type": "LineString", "coordinates": [[141.353324, 43.054946], [141.352046, 43.054768], [141.351818, 43.05479], [141.348966, 43.05439]]}, "properties": {"code": "71", "kind": "停車可", "shape": "2", "route": "", "crossing": "", "speed": "", "n_lanes": "", "length": "370", "in_cordon": true, "dir_kind": ""}}, {"type": "Feature", "geometry": {"type": "LineString", "coordinates": [[141.35391, 43.053871], [141.355213, 43.054046], [141.355465, 43.054049], [141.356801, 43.054241]]}, "properties": {"code": "71", "kind": "停車可", "shape": "2", "route": "", "crossing": "", "speed": "", "n_lanes": "", "length": "260", "in_cordon": true, "dir_kind": ""}}, {"type": "Feature", "geometry": {"type": "LineString", "coordinates": [[141.353604, 43.053904], [141.352302, 43.053729], [141.352113, 43.053638], [141.349196, 43.053238]]}, "properties": {"code": "71", "kind": "停車可", "shape": "2", "route": "", "crossing": "", "speed": "", "n_lanes": "", "length": "380", "in_cordon": true, "dir_kind": ""}}, {"type": "Feature", "geometry": {"type": "LineString", "coordinates": [[141.354232, 43.052677], [141.358718, 43.053299]]}, "properties": {"code": "71", "kind": "停車可", "shape": "2", "route": "", "crossing": "", "speed": "", "n_lanes": "", "length": "380", "in_cordon": true, "dir_kind": ""}}, {"type": "Feature", "geometry": {"type": "LineString", "coordinates": [[141.353913, 43.052718], [141.349485, 43.052121]]}, "properties": {"code": "71", "kind": "停車可", "shape": "2", "route": "", "crossing": "", "speed": "", "n_lanes": "", "length": "380", "in_cordon": true, "dir_kind": ""}}, {"type": "Feature", "geometry": {"type": "LineString", "coordinates": [[141.354024, 43.050285], [141.353041, 43.050241], [141.352999, 43.050324], [141.351549, 43.050144]]}, "properties": {"code": "71", "kind": "停車可", "shape": "2", "route": "", "crossing": "", "speed": "", "n_lanes": "", "length": "260", "in_cordon": false, "dir_kind": ""}}, {"type": "Feature", "geometry": {"type": "LineString", "coordinates": [[141.35421, 43.051521], [141.351277, 43.051152]]}, "properties": {"code": "71", "kind": "停車可", "shape": "2", "route": "", "crossing": "", "speed": "", "n_lanes": "", "length": "210", "in_cordon": false, "dir_kind": ""}}, {"type": "Feature", "geometry": {"type": "LineString", "coordinates": [[141.354377, 43.05098], [141.352949, 43.050816], [141.352838, 43.050833], [141.351374, 43.050638]]}, "properties": {"code": "71", "kind": "停車可", "shape": "2", "route": "", "crossing": "", "speed": "", "n_lanes": "", "length": "260", "in_cordon": false, "dir_kind": ""}}, {"type": "Feature", "geometry": {"type": "LineString", "coordinates": [[141.34891, 43.066406], [141.350688, 43.059484], [141.35186, 43.054835]]}, "properties": {"code": "71", "kind": "停車可", "shape": "2", "route": "", "crossing": "", "speed": "", "n_lanes": "", "length": "1520", "in_cordon": true, "dir_kind": ""}}, {"type": "Feature", "geometry": {"type": "LineString", "coordinates": [[141.356818, 43.06082], [141.349141, 43.059781], [141.336731, 43.058081]]}, "properties": {"code": "71", "kind": "停車可", "shape": "2", "route": "", "crossing": "", "speed": "", "n_lanes": "", "length": "1680", "in_cordon": true, "dir_kind": ""}}, {"type": "Feature", "geometry": {"type": "LineString", "coordinates": [[141.359226, 43.058674], [141.360984, 43.05891]]}, "properties": {"code": "71", "kind": "停車可", "shape": "2", "route": "", "crossing": "", "speed": "", "n_lanes": "", "length": "190", "in_cordon": true, "dir_kind": ""}}, {"type": "Feature", "geometry": {"type": "LineString", "coordinates": [[141.358151, 43.058537], [141.359173, 43.058674]]}, "properties": {"code": "71", "kind": "停車可", "shape": "2", "route": "", "crossing": "", "speed": "", "n_lanes": "", "length": "120", "in_cordon": true, "dir_kind": ""}}, {"type": "Feature", "geometry": {"type": "LineString", "coordinates": [[141.341955, 43.056326], [141.358084, 43.058526]]}, "properties": {"code": "71", "kind": "停車可", "shape": "2", "route": "", "crossing": "", "speed": "", "n_lanes": "", "length": "1300", "in_cordon": true, "dir_kind": ""}}, {"type": "Feature", "geometry": {"type": "LineString", "coordinates": [[141.356234, 43.065048], [141.356648, 43.063706], [141.357067, 43.06212], [141.357481, 43.06044], [141.357984, 43.058535], [141.358318, 43.057118], [141.358726, 43.055354]]}, "properties": {"code": "71", "kind": "停車可", "shape": "2", "route": "", "crossing": "", "speed": "", "n_lanes": "", "length": "1385", "in_cordon": true, "dir_kind": ""}}, {"type": "Feature", "geometry": {"type": "LineString", "coordinates": [[141.35874, 43.053938], [141.358423, 43.055213], [141.358101, 43.056288], [141.357826, 43.057318], [141.357557, 43.058418], [141.357282, 43.059573], [141.356931, 43.060904], [141.356559, 43.062387], [141.356198, 43.063809], [141.355948, 43.065006]]}, "properties": {"code": "71", "kind": "停車可", "shape": "2", "route": "", "crossing": "", "speed": "", "n_lanes": "", "length": "1520", "in_cordon": true, "dir_kind": ""}}, {"type": "Feature", "geometry": {"type": "LineString", "coordinates": [[141.351807, 43.062615], [141.352996, 43.062795]]}, "properties": {"code": "71", "kind": "停車可", "shape": "2", "route": "", "crossing": "", "speed": "", "n_lanes": "", "length": "105", "in_cordon": true, "dir_kind": ""}}, {"type": "Feature", "geometry": {"type": "LineString", "coordinates": [[141.347026, 43.067483], [141.347601, 43.065281]]}, "properties": {"code": "71", "kind": "停車可", "shape": "2", "route": "", "crossing": "", "speed": "", "n_lanes": "", "length": "296", "in_cordon": true, "dir_kind": ""}}, {"type": "Feature", "geometry": {"type": "LineString", "coordinates": [[141.354929, 43.056057], [141.354151, 43.059118]]}, "properties": {"code": "71", "kind": "停車可", "shape": "2", "route": "", "crossing": "", "speed": "", "n_lanes": "", "length": "340", "in_cordon": true, "dir_kind": ""}}, {"type": "Feature", "geometry": {"type": "LineString", "coordinates": [[141.35554, 43.05358], [141.354999, 43.055682]]}, "properties": {"code": "71", "kind": "停車可", "shape": "2", "route": "", "crossing": "", "speed": "", "n_lanes": "", "length": "380", "in_cordon": true, "dir_kind": ""}}, {"type": "Feature", "geometry": {"type": "LineString", "coordinates": [[141.354096, 43.059315], [141.352195, 43.06685]]}, "properties": {"code": "71", "kind": "停車可", "shape": "2", "route": "", "crossing": "", "speed": "", "n_lanes": "", "length": "800", "in_cordon": true, "dir_kind": ""}}, {"type": "Feature", "geometry": {"type": "LineString", "coordinates": [[141.350602, 43.053971], [141.353546, 43.054352], [141.356685, 43.054777]]}, "properties": {"code": "71", "kind": "停車可", "shape": "2", "route": "", "crossing": "", "speed": "", "n_lanes": "", "length": "490", "in_cordon": true, "dir_kind": ""}}, {"type": "Feature", "geometry": {"type": "LineString", "coordinates": [[141.356912, 43.053727], [141.350857, 43.052902]]}, "properties": {"code": "71", "kind": "停車可", "shape": "2", "route": "", "crossing": "", "speed": "", "n_lanes": "", "length": "490", "in_cordon": true, "dir_kind": ""}}, {"type": "Feature", "geometry": {"type": "LineString", "coordinates": [[141.336539, 43.058784], [141.350635, 43.060687], [141.354954, 43.061226]]}, "properties": {"code": "71", "kind": "停車可", "shape": "2", "route": "", "crossing": "", "speed": "", "n_lanes": "", "length": "1580", "in_cordon": true, "dir_kind": ""}}, {"type": "Feature", "geometry": {"type": "LineString", "coordinates": [[141.355643, 43.058865], [141.354332, 43.058693]]}, "properties": {"code": "71", "kind": "停車可", "shape": "2", "route": "", "crossing": "", "speed": "", "n_lanes": "", "length": "100", "in_cordon": true, "dir_kind": ""}}, {"type": "Feature", "geometry": {"type": "LineString", "coordinates": [[141.352438, 43.058437], [141.349632, 43.058037], [141.348043, 43.05782]]}, "properties": {"code": "71", "kind": "停車可", "shape": "2", "route": "", "crossing": "", "speed": "", "n_lanes": "", "length": "360", "in_cordon": true, "dir_kind": ""}}, {"type": "Feature", "geometry": {"type": "LineString", "coordinates": [[141.364161, 43.074441], [141.364008, 43.074361], [141.363869, 43.074255], [141.363752, 43.074125], [141.36333, 43.073589], [141.362939, 43.073217], [141.362678, 43.07293], [141.361978, 43.072236], [141.3616, 43.071925]]}, "properties": {"code": "71", "kind": "停車可", "shape": "2", "route": "", "crossing": "", "speed": "", "n_lanes": "", "length": "350", "in_cordon": false, "dir_kind": ""}}, {"type": "Feature", "geometry": {"type": "LineString", "coordinates": [[141.345794, 43.053913], [141.348627, 43.054307]]}, "properties": {"code": "71", "kind": "停車可", "shape": "2", "route": "", "crossing": "", "speed": "", "n_lanes": "", "length": "240", "in_cordon": true, "dir_kind": ""}}, {"type": "Feature", "geometry": {"type": "LineString", "coordinates": [[141.348644, 43.055226], [141.346849, 43.062473], [141.345643, 43.067253]]}, "properties": {"code": "71", "kind": "停車可", "shape": "2", "route": "", "crossing": "", "speed": "", "n_lanes": "", "length": "1380", "in_cordon": true, "dir_kind": ""}}, {"type": "Feature", "geometry": {"type": "LineString", "coordinates": [[141.360123, 43.056771], [141.359354, 43.059832], [141.35872, 43.06227], [141.357034, 43.068945]]}, "properties": {"code": "71", "kind": "停車可", "shape": "2", "route": "", "crossing": "", "speed": "", "n_lanes": "", "length": "1370", "in_cordon": true, "dir_kind": ""}}, {"type": "Feature", "geometry": {"type": "LineString", "coordinates": [[141.358514, 43.068953], [141.359684, 43.064376], [141.361034, 43.059087], [141.361506, 43.057063]]}, "properties": {"code": "71", "kind": "停車可", "shape": "2", "route": "", "crossing": "", "speed": "", "n_lanes": "", "length": "1350", "in_cordon": false, "dir_kind": ""}}, {"type": "Feature", "geometry": {"type": "LineString", "coordinates": [[141.345615, 43.067305], [141.345054, 43.069491]]}, "properties": {"code": "71", "kind": "停車可", "shape": "2", "route": "", "crossing": "", "speed": "", "n_lanes": "", "length": "250", "in_cordon": false, "dir_kind": ""}}, {"type": "Feature", "geometry": {"type": "LineString", "coordinates": [[141.346473, 43.069694], [141.347015, 43.067525]]}, "properties": {"code": "71", "kind": "停車可", "shape": "2", "route": "", "crossing": "", "speed": "", "n_lanes": "", "length": "250", "in_cordon": false, "dir_kind": ""}}, {"type": "Feature", "geometry": {"type": "LineString", "coordinates": [[141.35702, 43.068983], [141.348977, 43.101599]]}, "properties": {"code": "71", "kind": "停車可", "shape": "2", "route": "", "crossing": "", "speed": "", "n_lanes": "", "length": "3680", "in_cordon": false, "dir_kind": ""}}, {"type": "Feature", "geometry": {"type": "LineString", "coordinates": [[141.350535, 43.10186], [141.350832, 43.100713], [141.350702, 43.100557], [141.358459, 43.069017]]}, "properties": {"code": "71", "kind": "停車可", "shape": "2", "route": "", "crossing": "", "speed": "", "n_lanes": "", "length": "3720", "in_cordon": false, "dir_kind": ""}}, {"type": "Feature", "geometry": {"type": "LineString", "coordinates": [[141.360908, 43.071631], [141.358325, 43.070458]]}, "properties": {"code": "71", "kind": "停車可", "shape": "2", "route": "", "crossing": "", "speed": "", "n_lanes": "", "length": "250", "in_cordon": false, "dir_kind": ""}}, {"type": "Feature", "geometry": {"type": "LineString", "coordinates": [[141.347774, 43.058945], [141.349954, 43.059232], [141.352115, 43.059529]]}, "properties": {"code": "71", "kind": "停車可", "shape": "2", "route": "", "crossing": "", "speed": "", "n_lanes": "", "length": "360", "in_cordon": true, "dir_kind": ""}}, {"type": "Feature", "geometry": {"type": "LineString", "coordinates": [[141.345107, 43.063617], [141.346265, 43.063775]]}, "properties": {"code": "72", "kind": "時間制限駐車区間", "shape": "2", "route": "", "crossing": "", "speed": "", "n_lanes": "", "length": "100", "in_cordon": true, "dir_kind": ""}}, {"type": "Feature", "geometry": {"type": "LineString", "coordinates": [[141.34293, 43.058684], [141.343147, 43.057868]]}, "properties": {"code": "72", "kind": "時間制限駐車区間", "shape": "2", "route": "", "crossing": "", "speed": "", "n_lanes": "", "length": "100", "in_cordon": true, "dir_kind": ""}}, {"type": "Feature", "geometry": {"type": "LineString", "coordinates": [[141.353973, 43.062495], [141.353709, 43.063415]]}, "properties": {"code": "72", "kind": "時間制限駐車区間", "shape": "2", "route": "", "crossing": "", "speed": "", "n_lanes": "", "length": "100", "in_cordon": true, "dir_kind": ""}}, {"type": "Feature", "geometry": {"type": "LineString", "coordinates": [[141.354229, 43.064637], [141.354443, 43.063764]]}, "properties": {"code": "72", "kind": "時間制限駐車区間", "shape": "2", "route": "", "crossing": "", "speed": "", "n_lanes": "", "length": "100", "in_cordon": true, "dir_kind": ""}}, {"type": "Feature", "geometry": {"type": "LineString", "coordinates": [[141.345952, 43.064839], [141.344802, 43.064681]]}, "properties": {"code": "72", "kind": "時間制限駐車区間", "shape": "2", "route": "", "crossing": "", "speed": "", "n_lanes": "", "length": "100", "in_cordon": true, "dir_kind": ""}}, {"type": "Feature", "geometry": {"type": "LineString", "coordinates": [[141.336975, 43.056754], [141.337197, 43.055884]]}, "properties": {"code": "72", "kind": "時間制限駐車区間", "shape": "2", "route": "", "crossing": "", "speed": "", "n_lanes": "", "length": "100", "in_cordon": false, "dir_kind": ""}}, {"type": "Feature", "geometry": {"type": "LineString", "coordinates": [[141.337056, 43.055865], [141.336842, 43.056734]]}, "properties": {"code": "72", "kind": "時間制限駐車区間", "shape": "2", "route": "", "crossing": "", "speed": "", "n_lanes": "", "length": "100", "in_cordon": false, "dir_kind": ""}}, {"type": "Feature", "geometry": {"type": "LineString", "coordinates": [[141.35452, 43.063478], [141.354718, 43.062656]]}, "properties": {"code": "72", "kind": "時間制限駐車区間", "shape": "2", "route": "", "crossing": "", "speed": "", "n_lanes": "", "length": "55", "in_cordon": true, "dir_kind": ""}}, {"type": "Feature", "geometry": {"type": "LineString", "coordinates": [[141.346813, 43.055854], [141.345263, 43.055646], [141.343975, 43.055471], [141.343713, 43.055437], [141.34205, 43.055204], [141.341825, 43.055179], [141.340575, 43.055004], [141.339825, 43.054904], [141.339014, 43.054787], [141.338664, 43.054745], [141.338389, 43.054712], [141.337475, 43.054595], [141.33705, 43.054537], [141.336389, 43.054487], [141.336264, 43.054479], [141.3347, 43.05437], [141.3343, 43.054337], [141.333001, 43.054245], [141.332651, 43.05422], [141.331226, 43.054129]]}, "properties": {"code": "81", "kind": "特例特定小型原動機付自転車・普通自転車歩道通行可", "shape": "2", "route": "", "crossing": "", "speed": "", "n_lanes": "", "length": "1280", "in_cordon": true, "dir_kind": ""}}, {"type": "Feature", "geometry": {"type": "LineString", "coordinates": [[141.355038, 43.048863], [141.354924, 43.049355], [141.354788, 43.049888], [141.354649, 43.05038], [141.354624, 43.050513], [141.354549, 43.05078], [141.354499, 43.050946], [141.354424, 43.051263], [141.354349, 43.05153], [141.354224, 43.05213], [141.354088, 43.052705], [141.353949, 43.053271]]}, "properties": {"code": "81", "kind": "特例特定小型原動機付自転車・普通自転車歩道通行可", "shape": "2", "route": "", "crossing": "", "speed": "", "n_lanes": "", "length": "400", "in_cordon": true, "dir_kind": ""}}, {"type": "Feature", "geometry": {"type": "LineString", "coordinates": [[141.360687, 43.05418], [141.359912, 43.05408], [141.359098, 43.053963], [141.358712, 43.053921], [141.357898, 43.053813], [141.357087, 43.053705], [141.355499, 43.05348], [141.353949, 43.053271], [141.352374, 43.053055], [141.350799, 43.052846], [141.349238, 43.052638], [141.347649, 43.052404]]}, "properties": {"code": "81", "kind": "特例特定小型原動機付自転車・普通自転車歩道通行可", "shape": "2", "route": "", "crossing": "", "speed": "", "n_lanes": "", "length": "1100", "in_cordon": true, "dir_kind": ""}}, {"type": "Feature", "geometry": {"type": "LineString", "coordinates": [[141.347963, 43.05128], [141.347799, 43.051846], [141.347649, 43.052404], [141.347524, 43.052996], [141.347388, 43.053563], [141.347249, 43.054138], [141.347088, 43.054721], [141.347038, 43.054912], [141.346938, 43.055279], [141.346813, 43.055854], [141.346674, 43.056421], [141.346524, 43.056996], [141.346374, 43.057579], [141.346249, 43.058145], [141.346088, 43.05872], [141.345949, 43.059304], [141.345763, 43.060028], [141.345613, 43.060653], [141.345513, 43.061012], [141.345513, 43.061212]]}, "properties": {"code": "81", "kind": "特例特定小型原動機付自転車・普通自転車歩道通行可", "shape": "2", "route": "", "crossing": "", "speed": "", "n_lanes": "", "length": "1100", "in_cordon": true, "dir_kind": ""}}, {"type": "Feature", "geometry": {"type": "LineString", "coordinates": [[141.333964, 43.062044], [141.332414, 43.061819], [141.331664, 43.061728], [141.33085, 43.061619], [141.329289, 43.061411], [141.327739, 43.061194], [141.327425, 43.061153], [141.326164, 43.060978], [141.324615, 43.060769]]}, "properties": {"code": "81", "kind": "特例特定小型原動機付自転車・普通自転車歩道通行可", "shape": "2", "route": "", "crossing": "", "speed": "", "n_lanes": "", "length": "710", "in_cordon": false, "dir_kind": ""}}, {"type": "Feature", "geometry": {"type": "LineString", "coordinates": [[141.337214, 43.048096], [141.337164, 43.048463], [141.337151, 43.048613], [141.337089, 43.049104], [141.337014, 43.049604], [141.337, 43.049771], [141.336975, 43.049938], [141.336939, 43.050254], [141.336864, 43.050763], [141.336839, 43.051063], [141.336789, 43.051446]]}, "properties": {"code": "81", "kind": "特例特定小型原動機付自転車・普通自転車歩道通行可", "shape": "2", "route": "", "crossing": "", "speed": "", "n_lanes": "", "length": "400", "in_cordon": false, "dir_kind": ""}}, {"type": "Feature", "geometry": {"type": "LineString", "coordinates": [[141.339119, 43.068469], [141.33906, 43.068622], [141.338974, 43.068777], [141.338869, 43.068949], [141.338727, 43.069138], [141.338632, 43.069235], [141.338544, 43.06933], [141.33833, 43.069544], [141.338144, 43.069719], [141.337763, 43.070085], [141.337163, 43.070702], [141.337124, 43.070735], [141.336638, 43.071227], [141.334824, 43.073027], [141.333663, 43.074218], [141.332463, 43.075401], [141.332263, 43.075618], [141.332049, 43.075884], [141.331938, 43.076076], [141.331874, 43.076184], [141.331824, 43.076301], [141.331513, 43.077084], [141.331338, 43.077493], [141.331149, 43.077967], [141.330974, 43.078392], [141.330624, 43.079242], [141.330549, 43.079442], [141.330488, 43.079576], [141.330224, 43.08025], [141.329813, 43.081242], [141.329749, 43.081367]]}, "properties": {"code": "81", "kind": "特例特定小型原動機付自転車・普通自転車歩道通行可", "shape": "2", "route": "", "crossing": "", "speed": "", "n_lanes": "", "length": "2100", "in_cordon": false, "dir_kind": ""}}, {"type": "Feature", "geometry": {"type": "LineString", "coordinates": [[141.340188, 43.062886], [141.339938, 43.062895], [141.338638, 43.062728], [141.337064, 43.062511], [141.335514, 43.062294], [141.334075, 43.062111]]}, "properties": {"code": "81", "kind": "特例特定小型原動機付自転車・普通自転車歩道通行可", "shape": "2", "route": "", "crossing": "", "speed": "", "n_lanes": "", "length": "500", "in_cordon": true, "dir_kind": ""}}, {"type": "Feature", "geometry": {"type": "LineString", "coordinates": [[141.340774, 43.060553], [141.341069, 43.059359], [141.3411, 43.058631], [141.341927, 43.055179], [141.342339, 43.051885], [141.342289, 43.051638], [141.342689, 43.048535]]}, "properties": {"code": "81", "kind": "特例特定小型原動機付自転車・普通自転車歩道通行可", "shape": "2", "route": "", "crossing": "", "speed": "", "n_lanes": "", "length": "1330", "in_cordon": true, "dir_kind": ""}}, {"type": "Feature", "geometry": {"type": "LineString", "coordinates": [[141.353324, 43.055579], [141.354912, 43.055788], [141.356498, 43.056013], [141.357312, 43.056121], [141.357712, 43.056179], [141.358073, 43.056229], [141.358548, 43.056288], [141.359337, 43.056396], [141.360098, 43.056496], [141.360898, 43.056621], [141.361662, 43.056713], [141.361987, 43.056729], [141.362273, 43.056713], [141.362598, 43.056654], [141.362912, 43.056563], [141.363087, 43.056488], [141.363498, 43.056246], [141.363587, 43.056188], [141.363773, 43.056138]]}, "properties": {"code": "81", "kind": "特例特定小型原動機付自転車・普通自転車歩道通行可", "shape": "2", "route": "", "crossing": "", "speed": "", "n_lanes": "", "length": "860", "in_cordon": true, "dir_kind": ""}}, {"type": "Feature", "geometry": {"type": "LineString", "coordinates": [[141.353324, 43.055579], [141.351788, 43.055379], [141.350199, 43.055163], [141.349713, 43.055088], [141.349538, 43.055063], [141.348649, 43.054938], [141.347088, 43.054721], [141.345538, 43.054521], [141.343775, 43.054387], [141.34275, 43.054321], [141.342189, 43.054321]]}, "properties": {"code": "81", "kind": "特例特定小型原動機付自転車・普通自転車歩道通行可", "shape": "2", "route": "", "crossing": "", "speed": "", "n_lanes": "", "length": "900", "in_cordon": true, "dir_kind": ""}}, {"type": "Feature", "geometry": {"type": "LineString", "coordinates": [[141.339599, 43.065269], [141.339749, 43.064703], [141.339874, 43.064186], [141.339924, 43.064003], [141.340149, 43.063028], [141.340188, 43.062886], [141.340499, 43.061711], [141.340638, 43.061136], [141.340774, 43.060553]]}, "properties": {"code": "81", "kind": "特例特定小型原動機付自転車・普通自転車歩道通行可", "shape": "2", "route": "", "crossing": "", "speed": "", "n_lanes": "", "length": "770", "in_cordon": true, "dir_kind": ""}}, {"type": "Feature", "geometry": {"type": "LineString", "coordinates": [[141.335913, 43.067102], [141.335738, 43.067102], [141.334338, 43.066919], [141.333564, 43.066819], [141.332789, 43.066702], [141.332014, 43.066602], [141.33125, 43.066494], [141.33045, 43.066385], [141.329675, 43.066285], [141.328875, 43.066177], [141.328125, 43.066069], [141.327575, 43.066002], [141.326564, 43.06586], [141.325, 43.065644]]}, "properties": {"code": "81", "kind": "特例特定小型原動機付自転車・普通自転車歩道通行可", "shape": "2", "route": "", "crossing": "", "speed": "", "n_lanes": "", "length": "1020", "in_cordon": false, "dir_kind": ""}}, {"type": "Feature", "geometry": {"type": "LineString", "coordinates": [[141.331988, 43.069835], [141.332213, 43.068977], [141.3325, 43.067844], [141.332789, 43.066702], [141.332939, 43.066144], [141.333075, 43.065569], [141.3332, 43.065077], [141.333225, 43.065002], [141.333364, 43.064419], [141.333514, 43.063844], [141.33365, 43.063328], [141.333689, 43.063161], [141.333825, 43.062636], [141.333964, 43.062044], [141.334139, 43.061411], [141.334264, 43.060861], [141.33455, 43.05972], [141.334689, 43.059145], [141.334839, 43.05857], [141.334939, 43.058187], [141.335025, 43.057845]]}, "properties": {"code": "81", "kind": "特例特定小型原動機付自転車・普通自転車歩道通行可", "shape": "2", "route": "", "crossing": "", "speed": "", "n_lanes": "", "length": "1225", "in_cordon": false, "dir_kind": ""}}, {"type": "Feature", "geometry": {"type": "LineString", "coordinates": [[141.351798, 43.062062], [141.353273, 43.06227], [141.354037, 43.06237], [141.354862, 43.062487], [141.356437, 43.062704]]}, "properties": {"code": "81", "kind": "特例特定小型原動機付自転車・普通自転車歩道通行可", "shape": "2", "route": "", "crossing": "", "speed": "", "n_lanes": "", "length": "350", "in_cordon": true, "dir_kind": ""}}, {"type": "Feature", "geometry": {"type": "LineString", "coordinates": [[141.33815, 43.058253], [141.337964, 43.058978], [141.337664, 43.060145], [141.337375, 43.061286], [141.337239, 43.061853], [141.3371, 43.062395], [141.337064, 43.062511], [141.336925, 43.063069], [141.336788, 43.063578], [141.33675, 43.063753], [141.336625, 43.064278], [141.336475, 43.064844], [141.336338, 43.065411], [141.336199, 43.065986], [141.336049, 43.066561], [141.335913, 43.067102], [141.335774, 43.067702], [141.335688, 43.067927], [141.335424, 43.06826], [141.334438, 43.069394], [141.334313, 43.069544], [141.334263, 43.069627], [141.334188, 43.069844], [141.334124, 43.069969], [141.334099, 43.070027], [141.333988, 43.070177], [141.333188, 43.070935], [141.333049, 43.071027], [141.331488, 43.071718], [141.330638, 43.072101], [141.33015, 43.07231], [141.329613, 43.072551], [141.3284, 43.073068], [141.3283, 43.073118], [141.327689, 43.073393], [141.327625, 43.073426], [141.32415, 43.074959], [141.324064, 43.074993], [141.323989, 43.075026], [141.322889, 43.075509], [141.322525, 43.075617], [141.321639, 43.075859], [141.3214, 43.075917], [141.3212, 43.075967], [141.319875, 43.076326]]}, "properties": {"code": "81", "kind": "特例特定小型原動機付自転車・普通自転車歩道通行可", "shape": "2", "route": "", "crossing": "", "speed": "", "n_lanes": "", "length": "2225", "in_cordon": false, "dir_kind": ""}}, {"type": "Feature", "geometry": {"type": "LineString", "coordinates": [[141.340774, 43.060553], [141.339238, 43.060353], [141.337664, 43.060145], [141.3361, 43.059928], [141.33455, 43.05972], [141.333014, 43.059503], [141.33145, 43.059286], [141.329875, 43.05907], [141.328314, 43.058861], [141.326751, 43.058645]]}, "properties": {"code": "81", "kind": "特例特定小型原動機付自転車・普通自転車歩道通行可", "shape": "2", "route": "", "crossing": "", "speed": "", "n_lanes": "", "length": "1200", "in_cordon": true, "dir_kind": ""}}, {"type": "Feature", "geometry": {"type": "LineString", "coordinates": [[141.356162, 43.063837], [141.354573, 43.06362], [141.353762, 43.06352], [141.352998, 43.063412], [141.352248, 43.063312], [141.351498, 43.063203], [141.351337, 43.063178], [141.349862, 43.062978], [141.348313, 43.062778], [141.346738, 43.062562], [141.345288, 43.062362], [141.342124, 43.061928], [141.342063, 43.061911], [141.341974, 43.061903], [141.341263, 43.061811], [141.340499, 43.061711], [141.338963, 43.061486], [141.337375, 43.061286], [141.335814, 43.06107], [141.334264, 43.060861]]}, "properties": {"code": "81", "kind": "特例特定小型原動機付自転車・普通自転車歩道通行可", "shape": "2", "route": "", "crossing": "", "speed": "", "n_lanes": "", "length": "1800", "in_cordon": true, "dir_kind": ""}}, {"type": "Feature", "geometry": {"type": "LineString", "coordinates": [[141.339599, 43.065269], [141.338038, 43.065061], [141.336475, 43.064844], [141.3357, 43.064753], [141.334914, 43.064644], [141.334139, 43.064528], [141.333364, 43.064419], [141.332589, 43.064311], [141.331814, 43.064211], [141.330239, 43.063994], [141.329464, 43.063886], [141.328689, 43.063777], [141.3281, 43.063702], [141.327889, 43.063669], [141.327139, 43.063561], [141.325575, 43.063361], [141.324489, 43.063202], [141.324001, 43.063144], [141.32364, 43.063094], [141.322851, 43.062994], [141.322115, 43.062894], [141.32154, 43.062819]]}, "properties": {"code": "81", "kind": "特例特定小型原動機付自転車・普通自転車歩道通行可", "shape": "2", "route": "", "crossing": "", "speed": "", "n_lanes": "", "length": "1480", "in_cordon": true, "dir_kind": ""}}, {"type": "Feature", "geometry": {"type": "LineString", "coordinates": [[141.348599, 43.055129], [141.348499, 43.055504], [141.348363, 43.056062], [141.348224, 43.056612], [141.348088, 43.057212], [141.347938, 43.057787], [141.347799, 43.058362], [141.347663, 43.058937], [141.347513, 43.059529], [141.347338, 43.060245], [141.347049, 43.061337], [141.347024, 43.061462], [141.346863, 43.062045], [141.346738, 43.062562], [141.346424, 43.063753], [141.346274, 43.064345], [141.346124, 43.064945], [141.345974, 43.065545], [141.345824, 43.066128], [141.345549, 43.067244]]}, "properties": {"code": "81", "kind": "特例特定小型原動機付自転車・普通自転車歩道通行可", "shape": "2", "route": "", "crossing": "", "speed": "", "n_lanes": "", "length": "1350", "in_cordon": true, "dir_kind": ""}}, {"type": "Feature", "geometry": {"type": "LineString", "coordinates": [[141.348962, 43.066561], [141.349112, 43.065978], [141.349262, 43.065361], [141.349574, 43.064153], [141.349862, 43.062978], [141.350138, 43.061895], [141.350163, 43.06177], [141.350449, 43.060662], [141.350613, 43.059945], [141.350774, 43.059354], [141.350924, 43.058779], [141.351088, 43.058212], [141.351238, 43.057646], [141.351388, 43.057054], [141.351524, 43.056504], [141.351674, 43.055904], [141.351763, 43.055546]]}, "properties": {"code": "81", "kind": "特例特定小型原動機付自転車・普通自転車歩道通行可", "shape": "2", "route": "", "crossing": "", "speed": "", "n_lanes": "", "length": "1220", "in_cordon": true, "dir_kind": ""}}, {"type": "Feature", "geometry": {"type": "LineString", "coordinates": [[141.353673, 43.067186], [141.353962, 43.066011], [141.354273, 43.064803], [141.354573, 43.06362], [141.354862, 43.062487], [141.355098, 43.061529], [141.355148, 43.061304], [141.355337, 43.060587], [141.355398, 43.060304], [141.355487, 43.059987], [141.355648, 43.059429], [141.355798, 43.058846], [141.355948, 43.058287], [141.356048, 43.057887], [141.356112, 43.057679], [141.356248, 43.057138], [141.356373, 43.056563], [141.356462, 43.056179], [141.356498, 43.056013], [141.356662, 43.055404], [141.356812, 43.054846], [141.356937, 43.054271], [141.357087, 43.053705]]}, "properties": {"code": "81", "kind": "特例特定小型原動機付自転車・普通自転車歩道通行可", "shape": "2", "route": "", "crossing": "", "speed": "", "n_lanes": "", "length": "1500", "in_cordon": true, "dir_kind": ""}}, {"type": "Feature", "geometry": {"type": "LineString", "coordinates": [[141.355573, 43.066228], [141.354762, 43.06612], [141.353962, 43.066011], [141.353148, 43.065895], [141.352387, 43.065786], [141.351648, 43.065695], [141.350898, 43.065578], [141.350737, 43.06557], [141.349262, 43.065361], [141.347688, 43.065153], [141.346124, 43.064945], [141.344663, 43.064736]]}, "properties": {"code": "81", "kind": "特例特定小型原動機付自転車・普通自転車歩道通行可", "shape": "2", "route": "", "crossing": "", "speed": "", "n_lanes": "", "length": "900", "in_cordon": true, "dir_kind": ""}}, {"type": "Feature", "geometry": {"type": "LineString", "coordinates": [[141.377796, 43.068287], [141.377671, 43.068254], [141.37726, 43.068137], [141.37611, 43.067804], [141.375635, 43.06772], [141.374985, 43.067629], [141.37356, 43.067437], [141.373485, 43.06742], [141.372297, 43.067254], [141.371735, 43.067187], [141.371597, 43.06717], [141.371311, 43.067129], [141.371047, 43.067087], [141.370986, 43.067079], [141.370147, 43.066945], [141.369711, 43.066904], [141.369397, 43.066862], [141.368347, 43.06672], [141.367686, 43.066629], [141.366661, 43.066487], [141.365522, 43.066328], [141.365286, 43.066295], [141.365186, 43.066278], [141.364497, 43.066187], [141.364411, 43.06617], [141.363922, 43.066112], [141.363297, 43.066028], [141.362886, 43.06597], [141.361697, 43.065812], [141.360973, 43.065712], [141.360223, 43.065612], [141.359448, 43.065495], [141.358648, 43.065395], [141.357887, 43.065295], [141.356298, 43.06507], [141.355898, 43.06502], [141.355073, 43.064912], [141.354273, 43.064803], [141.353462, 43.064695], [141.352687, 43.064587], [141.351937, 43.064478], [141.351198, 43.064387]]}, "properties": {"code": "81", "kind": "特例特定小型原動機付自転車・普通自転車歩道通行可", "shape": "2", "route": "", "crossing": "", "speed": "", "n_lanes": "", "length": "2200", "in_cordon": true, "dir_kind": ""}}, {"type": "Feature", "geometry": {"type": "LineString", "coordinates": [[141.335424, 43.06826], [141.335149, 43.06821], [141.334738, 43.068152], [141.33405, 43.068052], [141.333263, 43.067952], [141.3325, 43.067844], [141.331714, 43.067744], [141.330925, 43.067635], [141.330164, 43.067535], [141.3294, 43.067427], [141.328589, 43.06731], [141.327825, 43.067202], [141.326275, 43.067002], [141.3247, 43.066777], [141.323314, 43.06661], [141.32315, 43.066568]]}, "properties": {"code": "81", "kind": "特例特定小型原動機付自転車・普通自転車歩道通行可", "shape": "2", "route": "", "crossing": "", "speed": "", "n_lanes": "", "length": "1000", "in_cordon": false, "dir_kind": ""}}, {"type": "Feature", "geometry": {"type": "LineString", "coordinates": [[141.357915, 43.056549], [141.357593, 43.057849]]}, "properties": {"code": "81", "kind": "特例特定小型原動機付自転車・普通自転車歩道通行可", "shape": "2", "route": "", "crossing": "", "speed": "", "n_lanes": "", "length": "155", "in_cordon": true, "dir_kind": ""}}, {"type": "Feature", "geometry": {"type": "LineString", "coordinates": [[141.357265, 43.059079], [141.357018, 43.059982], [141.35677, 43.061009], [141.356576, 43.061845], [141.356384, 43.062562]]}, "properties": {"code": "81", "kind": "特例特定小型原動機付自転車・普通自転車歩道通行可", "shape": "2", "route": "", "crossing": "", "speed": "", "n_lanes": "", "length": "455", "in_cordon": true, "dir_kind": ""}}, {"type": "Feature", "geometry": {"type": "LineString", "coordinates": [[141.35822, 43.057929], [141.358562, 43.056596]]}, "properties": {"code": "81", "kind": "特例特定小型原動機付自転車・普通自転車歩道通行可", "shape": "2", "route": "", "crossing": "", "speed": "", "n_lanes": "", "length": "155", "in_cordon": true, "dir_kind": ""}}, {"type": "Feature", "geometry": {"type": "LineString", "coordinates": [[141.357523, 43.060673], [141.357865, 43.059448], [141.35804, 43.058693]]}, "properties": {"code": "81", "kind": "特例特定小型原動機付自転車・普通自転車歩道通行可", "shape": "2", "route": "", "crossing": "", "speed": "", "n_lanes": "", "length": "240", "in_cordon": true, "dir_kind": ""}}, {"type": "Feature", "geometry": {"type": "LineString", "coordinates": [[141.337964, 43.058978], [141.336389, 43.058787], [141.334839, 43.05857], [141.333289, 43.058353], [141.331725, 43.058153], [141.330164, 43.057928], [141.328615, 43.05772]]}, "properties": {"code": "81", "kind": "特例特定小型原動機付自転車・普通自転車歩道通行可", "shape": "2", "route": "", "crossing": "", "speed": "", "n_lanes": "", "length": "750", "in_cordon": false, "dir_kind": ""}}, {"type": "Feature", "geometry": {"type": "LineString", "coordinates": [[141.327226, 43.056795], [141.32879, 43.056995], [141.330351, 43.05722], [141.331914, 43.05742], [141.332614, 43.057512], [141.333475, 43.057628], [141.335025, 43.057845], [141.336575, 43.058037], [141.33815, 43.058253]]}, "properties": {"code": "81", "kind": "特例特定小型原動機付自転車・普通自転車歩道通行可", "shape": "2", "route": "", "crossing": "", "speed": "", "n_lanes": "", "length": "850", "in_cordon": false, "dir_kind": ""}}, {"type": "Feature", "geometry": {"type": "LineString", "coordinates": [[141.379246, 43.075011], [141.378821, 43.074778], [141.378085, 43.074395], [141.37796, 43.07432], [141.377371, 43.074003], [141.377196, 43.073945], [141.37691, 43.073895], [141.376646, 43.073853], [141.375971, 43.073761], [141.375535, 43.073703], [141.37531, 43.07367], [141.375196, 43.073661], [141.37506, 43.073636], [141.37476, 43.073595], [141.374521, 43.07357], [141.37401, 43.073495], [141.37376, 43.073461], [141.373685, 43.073453], [141.373435, 43.07342], [141.37286, 43.073345], [141.37271, 43.07332], [141.372071, 43.073236], [141.37131, 43.073128], [141.370446, 43.073011], [141.370385, 43.073003], [141.369035, 43.07282], [141.36796, 43.072678], [141.36741, 43.072603], [141.367261, 43.072586], [141.366747, 43.072511], [141.366386, 43.072469], [141.365211, 43.072303], [141.364211, 43.072169], [141.364086, 43.072153], [141.363872, 43.072119], [141.363761, 43.072103], [141.363397, 43.072061], [141.361547, 43.071803], [141.361086, 43.071744], [141.359522, 43.071528], [141.357961, 43.071328], [141.356398, 43.071119], [141.354837, 43.070911]]}, "properties": {"code": "81", "kind": "特例特定小型原動機付自転車・普通自転車歩道通行可", "shape": "2", "route": "", "crossing": "", "speed": "", "n_lanes": "", "length": "2100", "in_cordon": false, "dir_kind": ""}}, {"type": "Feature", "geometry": {"type": "LineString", "coordinates": [[141.339496, 43.030493], [141.338682, 43.037228], [141.338237, 43.0405], [141.33767, 43.044866], [141.337292, 43.048018]]}, "properties": {"code": "81", "kind": "特例特定小型原動機付自転車・普通自転車歩道通行可", "shape": "2", "route": "", "crossing": "", "speed": "", "n_lanes": "", "length": "1930", "in_cordon": false, "dir_kind": ""}}, {"type": "Feature", "geometry": {"type": "LineString", "coordinates": [[141.360837, 43.048722], [141.35714, 43.049138], [141.353355, 43.048674], [141.345958, 43.048719], [141.342636, 43.048491], [141.342672, 43.048477], [141.328799, 43.047513]]}, "properties": {"code": "81", "kind": "特例特定小型原動機付自転車・普通自転車歩道通行可", "shape": "2", "route": "", "crossing": "", "speed": "", "n_lanes": "", "length": "2500", "in_cordon": false, "dir_kind": ""}}, {"type": "Feature", "geometry": {"type": "LineString", "coordinates": [[141.350395, 43.03126], [141.349984, 43.034406], [141.349558, 43.037764], [141.349119, 43.041125], [141.348222, 43.047935], [141.348141, 43.048574]]}, "properties": {"code": "81", "kind": "特例特定小型原動機付自転車・普通自転車歩道通行可", "shape": "2", "route": "", "crossing": "", "speed": "", "n_lanes": "", "length": "1930", "in_cordon": false, "dir_kind": ""}}, {"type": "Feature", "geometry": {"type": "LineString", "coordinates": [[141.342672, 43.048452], [141.342664, 43.048244], [141.346791, 43.015458], [141.346777, 43.015108], [141.346716, 43.014858], [141.346641, 43.014609], [141.345402, 43.010901], [141.344252, 43.007434], [141.343228, 43.004293], [141.343053, 43.003926], [141.342903, 43.003693], [141.342667, 43.003401], [141.342325, 43.003076], [141.340311, 43.001749], [141.339539, 43.00119], [141.33915, 43.00086], [141.338725, 43.000499], [141.338237, 42.999996], [141.337751, 42.999432], [141.337412, 42.998929], [141.337098, 42.998424], [141.335959, 42.995868], [141.335368, 42.994044], [141.334568, 42.991669], [141.334454, 42.991286], [141.334343, 42.990736], [141.334318, 42.990452], [141.334268, 42.990036], [141.334279, 42.989169], [141.334343, 42.988653], [141.334679, 42.987186], [141.334968, 42.985995], [141.335618, 42.983114], [141.336668, 42.97887], [141.336704, 42.978537], [141.336718, 42.978237], [141.336704, 42.978112], [141.336554, 42.977312], [141.336443, 42.977012], [141.33208, 42.968672], [141.331955, 42.968422], [141.331819, 42.968205], [141.331655, 42.967997], [141.331394, 42.967722], [141.331244, 42.96758], [141.330919, 42.967338], [141.330469, 42.967105], [141.329755, 42.966855], [141.327819, 42.966338], [141.327031, 42.966105], [141.326481, 42.965847], [141.326206, 42.965672], [141.324256, 42.963836]]}, "properties": {"code": "81", "kind": "特例特定小型原動機付自転車・普通自転車歩道通行可", "shape": "2", "route": "", "crossing": "", "speed": "", "n_lanes": "", "length": "10300", "in_cordon": false, "dir_kind": ""}}, {"type": "Feature", "geometry": {"type": "LineString", "coordinates": [[141.348152, 43.005226], [141.348066, 43.005901], [141.348016, 43.006368], [141.347966, 43.006701], [141.347877, 43.007143], [141.347752, 43.007518], [141.347702, 43.007643], [141.347127, 43.009042], [141.347077, 43.009167], [141.347391, 43.009376], [141.347716, 43.009584], [141.347916, 43.009692], [141.348516, 43.010026], [141.349116, 43.010359], [141.349652, 43.010709], [141.349865, 43.010867], [141.350252, 43.011192], [141.350601, 43.011559], [141.350901, 43.011934], [141.351076, 43.012159], [141.351251, 43.012417], [141.351426, 43.012709], [141.351651, 43.013167], [141.351801, 43.013525], [141.351901, 43.013909], [141.35209, 43.015009], [141.352165, 43.0154], [141.352215, 43.01575], [141.35224, 43.015942], [141.35224, 43.016117], [141.35224, 43.016517], [141.352151, 43.017225], [141.352151, 43.01755], [141.352101, 43.018067], [141.352051, 43.018358], [141.351726, 43.019558], [141.351676, 43.019691], [141.351565, 43.019941], [141.35144, 43.020183], [141.351265, 43.020466], [141.350815, 43.021125], [141.350776, 43.021191], [141.35069, 43.021358], [141.350665, 43.021458], [141.350626, 43.02165], [141.350626, 43.021775], [141.35064, 43.021916], [141.350651, 43.022], [141.350701, 43.022125], [141.35079, 43.022283], [141.351226, 43.022991], [141.35139, 43.023283], [141.35154, 43.023674], [141.35164, 43.024033], [141.351676, 43.024283], [141.351715, 43.024699], [141.351701, 43.025091], [141.351664, 43.025316], [141.351614, 43.025607], [141.351426, 43.026332], [141.351389, 43.026591], [141.351401, 43.026824], [141.351464, 43.027074], [141.351589, 43.027357], [141.35175, 43.027624], [141.352564, 43.028607], [141.353325, 43.02954], [141.35395, 43.030307], [141.354075, 43.030465], [141.354214, 43.030699], [141.35435, 43.030999], [141.354414, 43.031299], [141.35445, 43.031532], [141.354439, 43.031957], [141.35425, 43.032815], [141.35405, 43.033698], [141.353989, 43.034048], [141.353975, 43.034257], [141.353975, 43.034732], [141.353989, 43.034857], [141.354114, 43.035382], [141.354175, 43.035615], [141.35425, 43.03579], [141.354375, 43.036081], [141.354514, 43.036356], [141.354739, 43.036706], [141.354825, 43.036823], [141.355089, 43.037165], [141.355638, 43.037856], [141.355863, 43.038098], [141.356188, 43.038523], [141.356488, 43.038973], [141.356913, 43.039806], [141.357199, 43.040356], [141.357538, 43.040931], [141.357763, 43.041398], [141.357799, 43.041589], [141.357863, 43.041989], [141.358038, 43.043281], [141.358049, 43.043339], [141.358299, 43.045256], [141.358263, 43.04608], [141.358263, 43.04618], [141.358099, 43.047455], [141.358113, 43.047672], [141.358163, 43.047905], [141.358288, 43.048255], [141.358338, 43.048405], [141.358649, 43.048964]]}, "properties": {"code": "81", "kind": "特例特定小型原動機付自転車・普通自転車歩道通行可", "shape": "2", "route": "", "crossing": "", "speed": "", "n_lanes": "", "length": "5200", "in_cordon": false, "dir_kind": ""}}, {"type": "Feature", "geometry": {"type": "LineString", "coordinates": [[141.345549, 43.067244], [141.345549, 43.067269], [141.345488, 43.067494], [141.345474, 43.067519], [141.345413, 43.067803], [141.345288, 43.068269], [141.345263, 43.068411], [141.345124, 43.068986], [141.345037, 43.069319], [141.344974, 43.069552]]}, "properties": {"code": "81", "kind": "特例特定小型原動機付自転車・普通自転車歩道通行可", "shape": "2", "route": "", "crossing": "", "speed": "", "n_lanes": "", "length": "360", "in_cordon": false, "dir_kind": ""}}, {"type": "Feature", "geometry": {"type": "LineString", "coordinates": [[141.352498, 43.071752], [141.352362, 43.072336], [141.352212, 43.072902], [141.352062, 43.073469], [141.351912, 43.074044], [141.351773, 43.07461], [141.351623, 43.075194], [141.351487, 43.075752], [141.351337, 43.076327], [141.351186, 43.076902], [141.351036, 43.077477], [141.350898, 43.078035], [141.350823, 43.078385], [141.350798, 43.078543], [141.350773, 43.078693], [141.350647, 43.079193], [141.350511, 43.07976]]}, "properties": {"code": "81", "kind": "特例特定小型原動機付自転車・普通自転車歩道通行可", "shape": "2", "route": "", "crossing": "", "speed": "", "n_lanes": "", "length": "890", "in_cordon": false, "dir_kind": ""}}, {"type": "Feature", "geometry": {"type": "LineString", "coordinates": [[141.344935, 43.069572], [141.344238, 43.069255], [141.342224, 43.068711], [141.341324, 43.068611], [141.340788, 43.0686], [141.340071, 43.068569], [141.33933, 43.068499]]}, "properties": {"code": "81", "kind": "特例特定小型原動機付自転車・普通自転車歩道通行可", "shape": "2", "route": "", "crossing": "", "speed": "", "n_lanes": "", "length": "450", "in_cordon": false, "dir_kind": ""}}, {"type": "Feature", "geometry": {"type": "LineString", "coordinates": [[141.340416, 43.108028], [141.340083, 43.107656], [141.349782, 43.069639], [141.349893, 43.069222], [141.349743, 43.069058]]}, "properties": {"code": "81", "kind": "特例特定小型原動機付自転車・普通自転車歩道通行可", "shape": "2", "route": "", "crossing": "", "speed": "", "n_lanes": "", "length": "4350", "in_cordon": false, "dir_kind": ""}}, {"type": "Feature", "geometry": {"type": "LineString", "coordinates": [[141.348373, 43.068836], [141.348237, 43.069419], [141.348073, 43.069977], [141.347937, 43.070552], [141.347787, 43.071136], [141.347648, 43.071694], [141.347498, 43.07226], [141.347362, 43.072819], [141.347237, 43.073319], [141.347223, 43.07341], [141.347073, 43.073977], [141.346937, 43.074544], [141.346787, 43.075118], [141.346637, 43.075718], [141.346512, 43.076268], [141.346362, 43.076852], [141.346212, 43.077402], [141.346062, 43.077976], [141.345912, 43.078585], [141.345773, 43.079126], [141.345623, 43.079693], [141.345487, 43.080268], [141.345337, 43.080843], [141.345187, 43.081443], [141.345012, 43.082134], [141.344837, 43.082826], [141.344662, 43.083534], [141.344473, 43.084242], [141.344287, 43.084992], [141.344111, 43.0857], [141.344098, 43.085775], [141.343936, 43.086417], [141.343748, 43.087134], [141.343573, 43.087842], [141.343397, 43.088542], [141.343222, 43.08925], [141.343025, 43.090022]]}, "properties": {"code": "81", "kind": "特例特定小型原動機付自転車・普通自転車歩道通行可", "shape": "2", "route": "", "crossing": "", "speed": "", "n_lanes": "", "length": "2400", "in_cordon": false, "dir_kind": ""}}, {"type": "Feature", "geometry": {"type": "LineString", "coordinates": [[141.364478, 43.055707], [141.388933, 43.040582], [141.389771, 43.040046], [141.39068, 43.039096], [141.391091, 43.03856], [141.397938, 43.028003], [141.399249, 43.025278], [141.404552, 43.020287], [141.405654, 43.019457], [141.406896, 43.018704], [141.408752, 43.017824], [141.411862, 43.016302], [141.416704, 43.013669], [141.422054, 43.010775], [141.428034, 43.007178], [141.431945, 43.004901], [141.435308, 43.00279], [141.436922, 43.001563], [141.439561, 42.999352], [141.441619, 42.997652]]}, "properties": {"code": "81", "kind": "特例特定小型原動機付自転車・普通自転車歩道通行可", "shape": "2", "route": "", "crossing": "", "speed": "", "n_lanes": "", "length": "9430", "in_cordon": false, "dir_kind": ""}}, {"type": "Feature", "geometry": {"type": "LineString", "coordinates": [[141.360907, 43.048733], [141.362262, 43.048561], [141.362871, 43.048516], [141.36367, 43.048586], [141.364598, 43.048753], [141.366312, 43.049233], [141.368445, 43.049467]]}, "properties": {"code": "81", "kind": "特例特定小型原動機付自転車・普通自転車歩道通行可", "shape": "2", "route": "", "crossing": "", "speed": "", "n_lanes": "", "length": "650", "in_cordon": false, "dir_kind": ""}}, {"type": "Feature", "geometry": {"type": "LineString", "coordinates": [[141.328849, 43.047518], [141.346016, 43.048719], [141.353344, 43.048647], [141.355043, 43.048861], [141.356493, 43.049052]]}, "properties": {"code": "82", "kind": "特例特定小型原動機付自転車・普通自転車の歩道通行部分", "shape": "2", "route": "", "crossing": "", "speed": "", "n_lanes": "", "length": "2200", "in_cordon": false, "dir_kind": ""}}]}