{"type": "FeatureCollection", "features": [{"type": "Feature", "geometry": {"type": "Point", "coordinates": [141.358546, 43.048969]}, "properties": {"code": "55", "kind": "一般原動機付自転車の右折方法（二段階）", "shape": "1", "route": "", "crossing": "", "speed": "", "n_lanes": "", "length": "85", "in_cordon": false, "dir_kind": ""}}, {"type": "Feature", "geometry": {"type": "Point", "coordinates": [141.362232, 43.048611]}, "properties": {"code": "55", "kind": "一般原動機付自転車の右折方法（二段階）", "shape": "1", "route": "", "crossing": "", "speed": "", "n_lanes": "", "length": "95", "in_cordon": false, "dir_kind": ""}}, {"type": "Feature", "geometry": {"type": "Point", "coordinates": [141.341905, 43.054335]}, "properties": {"code": "56", "kind": "一般原動機付自転車の右折方法（小回り）", "shape": "1", "route": "", "crossing": "", "speed": "", "n_lanes": "", "length": "76", "in_cordon": true, "dir_kind": ""}}, {"type": "Feature", "geometry": {"type": "Point", "coordinates": [141.342164, 43.054487]}, "properties": {"code": "56", "kind": "一般原動機付自転車の右折方法（小回り）", "shape": "1", "route": "", "crossing": "", "speed": "", "n_lanes": "", "length": "85", "in_cordon": true, "dir_kind": ""}}, {"type": "Feature", "geometry": {"type": "Point", "coordinates": [141.359512, 43.058724]}, "properties": {"code": "56", "kind": "一般原動機付自転車の右折方法（小回り）", "shape": "1", "route": "", "crossing": "", "speed": "", "n_lanes": "", "length": "69", "in_cordon": true, "dir_kind": ""}}, {"type": "Feature", "geometry": {"type": "Point", "coordinates": [141.341736, 43.056368]}, "properties": {"code": "56", "kind": "一般原動機付自転車の右折方法（小回り）", "shape": "1", "route": "", "crossing": "", "speed": "", "n_lanes": "", "length": "67", "in_cordon": true, "dir_kind": ""}}, {"type": "Feature", "geometry": {"type": "Point", "coordinates": [141.350376, 43.066681]}, "properties": {"code": "56", "kind": "一般原動機付自転車の右折方法（小回り）", "shape": "1", "route": "", "crossing": "", "speed": "", "n_lanes": "", "length": "56", "in_cordon": true, "dir_kind": ""}}, {"type": "Feature", "geometry": {"type": "Point", "coordinates": [141.348973, 43.0665]}, "properties": {"code": "56", "kind": "一般原動機付自転車の右折方法（小回り）", "shape": "1", "route": "", "crossing": "", "speed": "", "n_lanes": "", "length": "70", "in_cordon": true, "dir_kind": ""}}, {"type": "Feature", "geometry": {"type": "Point", "coordinates": [141.339077, 43.06848]}, "properties": {"code": "56", "kind": "一般原動機付自転車の右折方法（小回り）", "shape": "1", "route": "", "crossing": "", "speed": "", "n_lanes": "", "length": "120", "in_cordon": false, "dir_kind": ""}}, {"type": "Feature", "geometry": {"type": "Point", "coordinates": [141.339219, 43.068413]}, "properties": {"code": "56", "kind": "一般原動機付自転車の右折方法（小回り）", "shape": "1", "route": "", "crossing": "", "speed": "", "n_lanes": "", "length": "95", "in_cordon": false, "dir_kind": ""}}, {"type": "Feature", "geometry": {"type": "Point", "coordinates": [141.354915, 43.055782]}, "properties": {"code": "57", "kind": "右左折の方法", "shape": "1", "route": "", "crossing": "", "speed": "", "n_lanes": "", "length": "0", "in_cordon": true, "dir_kind": ""}}, {"type": "Feature", "geometry": {"type": "Point", "coordinates": [141.337263, 43.067919]}, "properties": {"code": "63", "kind": "一時停止", "shape": "1", "route": "", "crossing": "", "speed": "", "n_lanes": "", "length": "", "in_cordon": false, "dir_kind": ""}}, {"type": "Feature", "geometry": {"type": "Point", "coordinates": [141.339177, 43.066989]}, "properties": {"code": "63", "kind": "一時停止", "shape": "1", "route": "", "crossing": "", "speed": "", "n_lanes": "", "length": "", "in_cordon": false, "dir_kind": ""}}, {"type": "Feature", "geometry": {"type": "Point", "coordinates": [141.33833, 43.063886]}, "properties": {"code": "63", "kind": "一時停止", "shape": "1", "route": "", "crossing": "", "speed": "", "n_lanes": "", "length": "", "in_cordon": false, "dir_kind": ""}}, {"type": "Feature", "geometry": {"type": "Point", "coordinates": [141.339691, 43.064153]}, "properties": {"code": "63", "kind": "一時停止", "shape": "1", "route": "", "crossing": "", "speed": "", "n_lanes": "", "length": "", "in_cordon": true, "dir_kind": ""}}, {"type": "Feature", "geometry": {"type": "Point", "coordinates": [141.341655, 43.065561]}, "properties": {"code": "63", "kind": "一時停止", "shape": "1", "route": "", "crossing": "", "speed": "", "n_lanes": "", "length": "", "in_cordon": true, "dir_kind": ""}}, {"type": "Feature", "geometry": {"type": "Point", "coordinates": [141.343333, 43.056687]}, "properties": {"code": "63", "kind": "一時停止", "shape": "1", "route": "", "crossing": "", "speed": "", "n_lanes": "", "length": "", "in_cordon": true, "dir_kind": ""}}, {"type": "Feature", "geometry": {"type": "Point", "coordinates": [141.338219, 43.05587]}, "properties": {"code": "63", "kind": "一時停止", "shape": "1", "route": "", "crossing": "", "speed": "", "n_lanes": "", "length": "", "in_cordon": false, "dir_kind": ""}}, {"type": "Feature", "geometry": {"type": "Point", "coordinates": [141.336873, 43.050763]}, "properties": {"code": "63", "kind": "一時停止", "shape": "1", "route": "", "crossing": "", "speed": "", "n_lanes": "", "length": "", "in_cordon": false, "dir_kind": ""}}, {"type": "Feature", "geometry": {"type": "Point", "coordinates": [141.348794, 43.054349]}, "properties": {"code": "63", "kind": "一時停止", "shape": "1", "route": "", "crossing": "", "speed": "", "n_lanes": "", "length": "", "in_cordon": true, "dir_kind": ""}}, {"type": "Feature", "geometry": {"type": "Point", "coordinates": [141.343983, 43.049194]}, "properties": {"code": "63", "kind": "一時停止", "shape": "1", "route": "", "crossing": "", "speed": "", "n_lanes": "", "length": "", "in_cordon": false, "dir_kind": ""}}, {"type": "Feature", "geometry": {"type": "Point", "coordinates": [141.347977, 43.049483]}, "properties": {"code": "63", "kind": "一時停止", "shape": "1", "route": "", "crossing": "", "speed": "", "n_lanes": "", "length": "", "in_cordon": false, "dir_kind": ""}}, {"type": "Feature", "geometry": {"type": "Point", "coordinates": [141.349669, 43.049605]}, "properties": {"code": "63", "kind": "一時停止", "shape": "1", "route": "", "crossing": "", "speed": "", "n_lanes": "", "length": "", "in_cordon": false, "dir_kind": ""}}, {"type": "Feature", "geometry": {"type": "Point", "coordinates": [141.347216, 43.054135]}, "properties": {"code": "63", "kind": "一時停止", "shape": "1", "route": "", "crossing": "", "speed": "", "n_lanes": "", "length": "", "in_cordon": true, "dir_kind": ""}}, {"type": "Feature", "geometry": {"type": "Point", "coordinates": [141.346899, 43.055285]}, "properties": {"code": "63", "kind": "一時停止", "shape": "1", "route": "", "crossing": "", "speed": "", "n_lanes": "", "length": "", "in_cordon": true, "dir_kind": ""}}, {"type": "Feature", "geometry": {"type": "Point", "coordinates": [141.347538, 43.05299]}, "properties": {"code": "63", "kind": "一時停止", "shape": "1", "route": "", "crossing": "", "speed": "", "n_lanes": "", "length": "", "in_cordon": true, "dir_kind": ""}}, {"type": "Feature", "geometry": {"type": "Point", "coordinates": [141.34233, 43.05336]}, "properties": {"code": "63", "kind": "一時停止", "shape": "1", "route": "", "crossing": "", "speed": "", "n_lanes": "", "length": "", "in_cordon": true, "dir_kind": ""}}, {"type": "Feature", "geometry": {"type": "Point", "coordinates": [141.358823, 43.053338]}, "properties": {"code": "63", "kind": "一時停止", "shape": "1", "route": "", "crossing": "", "speed": "", "n_lanes": "", "length": "", "in_cordon": true, "dir_kind": ""}}, {"type": "Feature", "geometry": {"type": "Point", "coordinates": [141.359246, 43.053841]}, "properties": {"code": "63", "kind": "一時停止", "shape": "1", "route": "", "crossing": "", "speed": "", "n_lanes": "", "length": "", "in_cordon": true, "dir_kind": ""}}, {"type": "Feature", "geometry": {"type": "Point", "coordinates": [141.358885, 43.052733]}, "properties": {"code": "63", "kind": "一時停止", "shape": "1", "route": "", "crossing": "", "speed": "", "n_lanes": "", "length": "", "in_cordon": true, "dir_kind": ""}}, {"type": "Feature", "geometry": {"type": "Point", "coordinates": [141.356079, 43.051127]}, "properties": {"code": "63", "kind": "一時停止", "shape": "1", "route": "", "crossing": "", "speed": "", "n_lanes": "", "length": "", "in_cordon": false, "dir_kind": ""}}, {"type": "Feature", "geometry": {"type": "Point", "coordinates": [141.354449, 43.051277]}, "properties": {"code": "63", "kind": "一時停止", "shape": "1", "route": "", "crossing": "", "speed": "", "n_lanes": "", "length": "", "in_cordon": false, "dir_kind": ""}}, {"type": "Feature", "geometry": {"type": "Point", "coordinates": [141.356471, 43.049563]}, "properties": {"code": "63", "kind": "一時停止", "shape": "1", "route": "", "crossing": "", "speed": "", "n_lanes": "", "length": "", "in_cordon": false, "dir_kind": ""}}, {"type": "Feature", "geometry": {"type": "Point", "coordinates": [141.358979, 43.052721]}, "properties": {"code": "63", "kind": "一時停止", "shape": "1", "route": "", "crossing": "", "speed": "", "n_lanes": "", "length": "", "in_cordon": true, "dir_kind": ""}}, {"type": "Feature", "geometry": {"type": "Point", "coordinates": [141.363062, 43.056654]}, "properties": {"code": "63", "kind": "一時停止", "shape": "1", "route": "", "crossing": "", "speed": "", "n_lanes": "", "length": "", "in_cordon": false, "dir_kind": ""}}, {"type": "Feature", "geometry": {"type": "Point", "coordinates": [141.363417, 43.059301]}, "properties": {"code": "63", "kind": "一時停止", "shape": "1", "route": "", "crossing": "", "speed": "", "n_lanes": "", "length": "", "in_cordon": false, "dir_kind": ""}}, {"type": "Feature", "geometry": {"type": "Point", "coordinates": [141.359231, 43.06307]}, "properties": {"code": "63", "kind": "一時停止", "shape": "1", "route": "", "crossing": "", "speed": "", "n_lanes": "", "length": "", "in_cordon": false, "dir_kind": ""}}, {"type": "Feature", "geometry": {"type": "Point", "coordinates": [141.360784, 43.063279]}, "properties": {"code": "63", "kind": "一時停止", "shape": "1", "route": "", "crossing": "", "speed": "", "n_lanes": "", "length": "", "in_cordon": false, "dir_kind": ""}}, {"type": "Feature", "geometry": {"type": "Point", "coordinates": [141.358415, 43.051844]}, "properties": {"code": "63", "kind": "一時停止", "shape": "1", "route": "", "crossing": "", "speed": "", "n_lanes": "", "length": "", "in_cordon": false, "dir_kind": ""}}, {"type": "Feature", "geometry": {"type": "Point", "coordinates": [141.348516, 43.055487]}, "properties": {"code": "63", "kind": "一時停止", "shape": "1", "route": "", "crossing": "", "speed": "", "n_lanes": "", "length": "", "in_cordon": true, "dir_kind": ""}}, {"type": "Feature", "geometry": {"type": "Point", "coordinates": [141.354521, 43.05076]}, "properties": {"code": "63", "kind": "一時停止", "shape": "1", "route": "", "crossing": "", "speed": "", "n_lanes": "", "length": "", "in_cordon": false, "dir_kind": ""}}, {"type": "Feature", "geometry": {"type": "Point", "coordinates": [141.346374, 43.05757]}, "properties": {"code": "63", "kind": "一時停止", "shape": "1", "route": "", "crossing": "", "speed": "", "n_lanes": "", "length": "", "in_cordon": true, "dir_kind": ""}}, {"type": "Feature", "geometry": {"type": "Point", "coordinates": [141.357204, 43.053119]}, "properties": {"code": "63", "kind": "一時停止", "shape": "1", "route": "", "crossing": "", "speed": "", "n_lanes": "", "length": "", "in_cordon": true, "dir_kind": ""}}, {"type": "Feature", "geometry": {"type": "Point", "coordinates": [141.350063, 43.055712]}, "properties": {"code": "63", "kind": "一時停止", "shape": "1", "route": "", "crossing": "", "speed": "", "n_lanes": "", "length": "", "in_cordon": true, "dir_kind": ""}}, {"type": "Feature", "geometry": {"type": "Point", "coordinates": [141.354155, 43.048769]}, "properties": {"code": "63", "kind": "一時停止", "shape": "1", "route": "", "crossing": "", "speed": "", "n_lanes": "", "length": "", "in_cordon": false, "dir_kind": ""}}, {"type": "Feature", "geometry": {"type": "Point", "coordinates": [141.35371, 43.049777]}, "properties": {"code": "63", "kind": "一時停止", "shape": "1", "route": "", "crossing": "", "speed": "", "n_lanes": "", "length": "", "in_cordon": false, "dir_kind": ""}}, {"type": "Feature", "geometry": {"type": "Point", "coordinates": [141.360201, 43.053008]}, "properties": {"code": "63", "kind": "一時停止", "shape": "1", "route": "", "crossing": "", "speed": "", "n_lanes": "", "length": "", "in_cordon": true, "dir_kind": ""}}, {"type": "Feature", "geometry": {"type": "Point", "coordinates": [141.35805, 43.067775]}, "properties": {"code": "63", "kind": "一時停止", "shape": "1", "route": "", "crossing": "", "speed": "", "n_lanes": "", "length": "", "in_cordon": false, "dir_kind": ""}}, {"type": "Feature", "geometry": {"type": "Point", "coordinates": [141.353363, 43.048702]}, "properties": {"code": "63", "kind": "一時停止", "shape": "1", "route": "", "crossing": "", "speed": "", "n_lanes": "", "length": "", "in_cordon": false, "dir_kind": ""}}, {"type": "Feature", "geometry": {"type": "Point", "coordinates": [141.343886, 43.051304]}, "properties": {"code": "63", "kind": "一時停止", "shape": "1", "route": "", "crossing": "", "speed": "", "n_lanes": "", "length": "", "in_cordon": true, "dir_kind": ""}}, {"type": "Feature", "geometry": {"type": "Point", "coordinates": [141.359098, 43.052824]}, "properties": {"code": "63", "kind": "一時停止", "shape": "1", "route": "", "crossing": "", "speed": "", "n_lanes": "", "length": "", "in_cordon": true, "dir_kind": ""}}, {"type": "Feature", "geometry": {"type": "Point", "coordinates": [141.349408, 43.052057]}, "properties": {"code": "63", "kind": "一時停止", "shape": "1", "route": "", "crossing": "", "speed": "", "n_lanes": "", "length": "", "in_cordon": true, "dir_kind": ""}}, {"type": "Feature", "geometry": {"type": "Point", "coordinates": [141.353027, 43.049669]}, "properties": {"code": "63", "kind": "一時停止", "shape": "1", "route": "", "crossing": "", "speed": "", "n_lanes": "", "length": "", "in_cordon": false, "dir_kind": ""}}, {"type": "Feature", "geometry": {"type": "Point", "coordinates": [141.341499, 43.066119]}, "properties": {"code": "63", "kind": "一時停止", "shape": "1", "route": "", "crossing": "", "speed": "", "n_lanes": "", "length": "", "in_cordon": false, "dir_kind": ""}}, {"type": "Feature", "geometry": {"type": "Point", "coordinates": [141.357137, 43.061879]}, "properties": {"code": "63", "kind": "一時停止", "shape": "1", "route": "", "crossing": "", "speed": "", "n_lanes": "", "length": "", "in_cordon": true, "dir_kind": ""}}, {"type": "Feature", "geometry": {"type": "Point", "coordinates": [141.339444, 43.065839]}, "properties": {"code": "63", "kind": "一時停止", "shape": "1", "route": "", "crossing": "", "speed": "", "n_lanes": "", "length": "", "in_cordon": false, "dir_kind": ""}}, {"type": "Feature", "geometry": {"type": "Point", "coordinates": [141.358095, 43.061112]}, "properties": {"code": "63", "kind": "一時停止", "shape": "1", "route": "", "crossing": "", "speed": "", "n_lanes": "", "length": "", "in_cordon": true, "dir_kind": ""}}, {"type": "Feature", "geometry": {"type": "Point", "coordinates": [141.359681, 43.061254]}, "properties": {"code": "63", "kind": "一時停止", "shape": "1", "route": "", "crossing": "", "speed": "", "n_lanes": "", "length": "", "in_cordon": false, "dir_kind": ""}}, {"type": "Feature", "geometry": {"type": "Point", "coordinates": [141.339797, 43.054904]}, "properties": {"code": "63", "kind": "一時停止", "shape": "1", "route": "", "crossing": "", "speed": "", "n_lanes": "", "length": "", "in_cordon": false, "dir_kind": ""}}, {"type": "Feature", "geometry": {"type": "Point", "coordinates": [141.338639, 43.054751]}, "properties": {"code": "63", "kind": "一時停止", "shape": "1", "route": "", "crossing": "", "speed": "", "n_lanes": "", "length": "", "in_cordon": false, "dir_kind": ""}}, {"type": "Feature", "geometry": {"type": "Point", "coordinates": [141.346099, 43.058731]}, "properties": {"code": "63", "kind": "一時停止", "shape": "1", "route": "", "crossing": "", "speed": "", "n_lanes": "", "length": "", "in_cordon": true, "dir_kind": ""}}, {"type": "Feature", "geometry": {"type": "Point", "coordinates": [141.354616, 43.050522]}, "properties": {"code": "63", "kind": "一時停止", "shape": "1", "route": "", "crossing": "", "speed": "", "n_lanes": "", "length": "", "in_cordon": false, "dir_kind": ""}}, {"type": "Feature", "geometry": {"type": "Point", "coordinates": [141.354927, 43.049344]}, "properties": {"code": "63", "kind": "一時停止", "shape": "1", "route": "", "crossing": "", "speed": "", "n_lanes": "", "length": "", "in_cordon": false, "dir_kind": ""}}, {"type": "Feature", "geometry": {"type": "Point", "coordinates": [141.361256, 43.061448]}, "properties": {"code": "63", "kind": "一時停止", "shape": "1", "route": "", "crossing": "", "speed": "", "n_lanes": "", "length": "", "in_cordon": false, "dir_kind": ""}}, {"type": "Feature", "geometry": {"type": "Point", "coordinates": [141.364347, 43.061871]}, "properties": {"code": "63", "kind": "一時停止", "shape": "1", "route": "", "crossing": "", "speed": "", "n_lanes": "", "length": "", "in_cordon": false, "dir_kind": ""}}, {"type": "Feature", "geometry": {"type": "Point", "coordinates": [141.340772, 43.051696]}, "properties": {"code": "63", "kind": "一時停止", "shape": "1", "route": "", "crossing": "", "speed": "", "n_lanes": "", "length": "", "in_cordon": false, "dir_kind": ""}}, {"type": "Feature", "geometry": {"type": "Point", "coordinates": [141.337873, 43.051587]}, "properties": {"code": "63", "kind": "一時停止", "shape": "1", "route": "", "crossing": "", "speed": "", "n_lanes": "", "length": "", "in_cordon": false, "dir_kind": ""}}, {"type": "Feature", "geometry": {"type": "Point", "coordinates": [141.334683, 43.05915]}, "properties": {"code": "63", "kind": "一時停止", "shape": "1", "route": "", "crossing": "", "speed": "", "n_lanes": "", "length": "", "in_cordon": false, "dir_kind": ""}}, {"type": "Feature", "geometry": {"type": "Point", "coordinates": [141.338303, 43.055298]}, "properties": {"code": "63", "kind": "一時停止", "shape": "1", "route": "", "crossing": "", "speed": "", "n_lanes": "", "length": "", "in_cordon": false, "dir_kind": ""}}, {"type": "Feature", "geometry": {"type": "Point", "coordinates": [141.339922, 43.05401]}, "properties": {"code": "63", "kind": "一時停止", "shape": "1", "route": "", "crossing": "", "speed": "", "n_lanes": "", "length": "", "in_cordon": false, "dir_kind": ""}}, {"type": "Feature", "geometry": {"type": "Point", "coordinates": [141.358443, 43.05981]}, "properties": {"code": "63", "kind": "一時停止", "shape": "1", "route": "", "crossing": "", "speed": "", "n_lanes": "", "length": "", "in_cordon": true, "dir_kind": ""}}, {"type": "Feature", "geometry": {"type": "Point", "coordinates": [141.345585, 43.060645]}, "properties": {"code": "63", "kind": "一時停止", "shape": "1", "route": "", "crossing": "", "speed": "", "n_lanes": "", "length": "", "in_cordon": true, "dir_kind": ""}}, {"type": "Feature", "geometry": {"type": "Point", "coordinates": [141.363348, 43.055777]}, "properties": {"code": "63", "kind": "一時停止", "shape": "1", "route": "", "crossing": "", "speed": "", "n_lanes": "", "length": "", "in_cordon": false, "dir_kind": ""}}, {"type": "Feature", "geometry": {"type": "Point", "coordinates": [141.362084, 43.055044]}, "properties": {"code": "63", "kind": "一時停止", "shape": "1", "route": "", "crossing": "", "speed": "", "n_lanes": "", "length": "", "in_cordon": false, "dir_kind": ""}}, {"type": "Feature", "geometry": {"type": "Point", "coordinates": [141.356445, 43.059534]}, "properties": {"code": "63", "kind": "一時停止", "shape": "1", "route": "", "crossing": "", "speed": "", "n_lanes": "", "length": "", "in_cordon": true, "dir_kind": ""}}, {"type": "Feature", "geometry": {"type": "Point", "coordinates": [141.353768, 43.063512]}, "properties": {"code": "63", "kind": "一時停止", "shape": "1", "route": "", "crossing": "", "speed": "", "n_lanes": "", "length": "", "in_cordon": true, "dir_kind": ""}}, {"type": "Feature", "geometry": {"type": "Point", "coordinates": [141.353457, 43.064703]}, "properties": {"code": "63", "kind": "一時停止", "shape": "1", "route": "", "crossing": "", "speed": "", "n_lanes": "", "length": "", "in_cordon": true, "dir_kind": ""}}, {"type": "Feature", "geometry": {"type": "Point", "coordinates": [141.351973, 43.06435]}, "properties": {"code": "63", "kind": "一時停止", "shape": "1", "route": "", "crossing": "", "speed": "", "n_lanes": "", "length": "", "in_cordon": true, "dir_kind": ""}}, {"type": "Feature", "geometry": {"type": "Point", "coordinates": [141.35636, 43.056549]}, "properties": {"code": "63", "kind": "一時停止", "shape": "1", "route": "", "crossing": "", "speed": "", "n_lanes": "", "length": "", "in_cordon": true, "dir_kind": ""}}, {"type": "Feature", "geometry": {"type": "Point", "coordinates": [141.350763, 43.059365]}, "properties": {"code": "63", "kind": "一時停止", "shape": "1", "route": "", "crossing": "", "speed": "", "n_lanes": "", "length": "", "in_cordon": true, "dir_kind": ""}}, {"type": "Feature", "geometry": {"type": "Point", "coordinates": [141.349207, 43.059159]}, "properties": {"code": "63", "kind": "一時停止", "shape": "1", "route": "", "crossing": "", "speed": "", "n_lanes": "", "length": "", "in_cordon": true, "dir_kind": ""}}, {"type": "Feature", "geometry": {"type": "Point", "coordinates": [141.347627, 43.058934]}, "properties": {"code": "63", "kind": "一時停止", "shape": "1", "route": "", "crossing": "", "speed": "", "n_lanes": "", "length": "", "in_cordon": true, "dir_kind": ""}}, {"type": "Feature", "geometry": {"type": "Point", "coordinates": [141.349613, 43.050024]}, "properties": {"code": "63", "kind": "一時停止", "shape": "1", "route": "", "crossing": "", "speed": "", "n_lanes": "", "length": "", "in_cordon": false, "dir_kind": ""}}, {"type": "Feature", "geometry": {"type": "Point", "coordinates": [141.343922, 43.049568]}, "properties": {"code": "63", "kind": "一時停止", "shape": "1", "route": "", "crossing": "", "speed": "", "n_lanes": "", "length": "", "in_cordon": false, "dir_kind": ""}}, {"type": "Feature", "geometry": {"type": "Point", "coordinates": [141.342553, 43.04953]}, "properties": {"code": "63", "kind": "一時停止", "shape": "1", "route": "", "crossing": "", "speed": "", "n_lanes": "", "length": "", "in_cordon": false, "dir_kind": ""}}, {"type": "Feature", "geometry": {"type": "Point", "coordinates": [141.339086, 43.049249]}, "properties": {"code": "63", "kind": "一時停止", "shape": "1", "route": "", "crossing": "", "speed": "", "n_lanes": "", "length": "", "in_cordon": false, "dir_kind": ""}}, {"type": "Feature", "geometry": {"type": "Point", "coordinates": [141.358734, 43.058668]}, "properties": {"code": "63", "kind": "一時停止", "shape": "1", "route": "", "crossing": "", "speed": "", "n_lanes": "", "length": "", "in_cordon": true, "dir_kind": ""}}, {"type": "Feature", "geometry": {"type": "Point", "coordinates": [141.34393, 43.050907]}, "properties": {"code": "63", "kind": "一時停止", "shape": "1", "route": "", "crossing": "", "speed": "", "n_lanes": "", "length": "", "in_cordon": true, "dir_kind": ""}}, {"type": "Feature", "geometry": {"type": "Point", "coordinates": [141.360009, 43.060029]}, "properties": {"code": "63", "kind": "一時停止", "shape": "1", "route": "", "crossing": "", "speed": "", "n_lanes": "", "length": "", "in_cordon": false, "dir_kind": ""}}, {"type": "Feature", "geometry": {"type": "Point", "coordinates": [141.341241, 43.058087]}, "properties": {"code": "63", "kind": "一時停止", "shape": "1", "route": "", "crossing": "", "speed": "", "n_lanes": "", "length": "", "in_cordon": true, "dir_kind": ""}}, {"type": "Feature", "geometry": {"type": "Point", "coordinates": [141.342955, 43.058304]}, "properties": {"code": "63", "kind": "一時停止", "shape": "1", "route": "", "crossing": "", "speed": "", "n_lanes": "", "length": "", "in_cordon": true, "dir_kind": ""}}, {"type": "Feature", "geometry": {"type": "Point", "coordinates": [141.345979, 43.065545]}, "properties": {"code": "63", "kind": "一時停止", "shape": "1", "route": "", "crossing": "", "speed": "", "n_lanes": "", "length": "", "in_cordon": true, "dir_kind": ""}}, {"type": "Feature", "geometry": {"type": "Point", "coordinates": [141.34911, 43.065967]}, "properties": {"code": "63", "kind": "一時停止", "shape": "1", "route": "", "crossing": "", "speed": "", "n_lanes": "", "length": "", "in_cordon": true, "dir_kind": ""}}, {"type": "Feature", "geometry": {"type": "Point", "coordinates": [141.359442, 43.062198]}, "properties": {"code": "63", "kind": "一時停止", "shape": "1", "route": "", "crossing": "", "speed": "", "n_lanes": "", "length": "", "in_cordon": false, "dir_kind": ""}}, {"type": "Feature", "geometry": {"type": "Point", "coordinates": [141.33815, 43.056473]}, "properties": {"code": "63", "kind": "一時停止", "shape": "1", "route": "", "crossing": "", "speed": "", "n_lanes": "", "length": "", "in_cordon": false, "dir_kind": ""}}, {"type": "Feature", "geometry": {"type": "Point", "coordinates": [141.3438, 43.051918]}, "properties": {"code": "63", "kind": "一時停止", "shape": "1", "route": "", "crossing": "", "speed": "", "n_lanes": "", "length": "", "in_cordon": true, "dir_kind": ""}}, {"type": "Feature", "geometry": {"type": "Point", "coordinates": [141.345961, 43.052763]}, "properties": {"code": "63", "kind": "一時停止", "shape": "1", "route": "", "crossing": "", "speed": "", "n_lanes": "", "length": "", "in_cordon": true, "dir_kind": ""}}, {"type": "Feature", "geometry": {"type": "Point", "coordinates": [141.345816, 43.05331]}, "properties": {"code": "63", "kind": "一時停止", "shape": "1", "route": "", "crossing": "", "speed": "", "n_lanes": "", "length": "", "in_cordon": true, "dir_kind": ""}}, {"type": "Feature", "geometry": {"type": "Point", "coordinates": [141.356746, 43.05839]}, "properties": {"code": "63", "kind": "一時停止", "shape": "1", "route": "", "crossing": "", "speed": "", "n_lanes": "", "length": "", "in_cordon": true, "dir_kind": ""}}, {"type": "Feature", "geometry": {"type": "Point", "coordinates": [141.357029, 43.057246]}, "properties": {"code": "63", "kind": "一時停止", "shape": "1", "route": "", "crossing": "", "speed": "", "n_lanes": "", "length": "", "in_cordon": true, "dir_kind": ""}}, {"type": "Feature", "geometry": {"type": "Point", "coordinates": [141.35761, 43.05486]}, "properties": {"code": "63", "kind": "一時停止", "shape": "1", "route": "", "crossing": "", "speed": "", "n_lanes": "", "length": "", "in_cordon": true, "dir_kind": ""}}, {"type": "Feature", "geometry": {"type": "Point", "coordinates": [141.347827, 43.051849]}, "properties": {"code": "63", "kind": "一時停止", "shape": "1", "route": "", "crossing": "", "speed": "", "n_lanes": "", "length": "", "in_cordon": true, "dir_kind": ""}}, {"type": "Feature", "geometry": {"type": "Point", "coordinates": [141.344527, 43.058515]}, "properties": {"code": "63", "kind": "一時停止", "shape": "1", "route": "", "crossing": "", "speed": "", "n_lanes": "", "length": "", "in_cordon": true, "dir_kind": ""}}, {"type": "Feature", "geometry": {"type": "Point", "coordinates": [141.347549, 43.065742]}, "properties": {"code": "63", "kind": "一時停止", "shape": "1", "route": "", "crossing": "", "speed": "", "n_lanes": "", "length": "", "in_cordon": true, "dir_kind": ""}}, {"type": "Feature", "geometry": {"type": "Point", "coordinates": [141.343694, 43.052732]}, "properties": {"code": "63", "kind": "一時停止", "shape": "1", "route": "", "crossing": "", "speed": "", "n_lanes": "", "length": "", "in_cordon": true, "dir_kind": ""}}, {"type": "Feature", "geometry": {"type": "Point", "coordinates": [141.342347, 43.052982]}, "properties": {"code": "63", "kind": "一時停止", "shape": "1", "route": "", "crossing": "", "speed": "", "n_lanes": "", "length": "", "in_cordon": true, "dir_kind": ""}}, {"type": "Feature", "geometry": {"type": "Point", "coordinates": [141.354635, 43.056318]}, "properties": {"code": "63", "kind": "一時停止", "shape": "1", "route": "", "crossing": "", "speed": "", "n_lanes": "", "length": "", "in_cordon": true, "dir_kind": ""}}, {"type": "Feature", "geometry": {"type": "Point", "coordinates": [141.352905, 43.050799]}, "properties": {"code": "63", "kind": "一時停止", "shape": "1", "route": "", "crossing": "", "speed": "", "n_lanes": "", "length": "", "in_cordon": false, "dir_kind": ""}}, {"type": "Feature", "geometry": {"type": "Point", "coordinates": [141.343563, 43.056001]}, "properties": {"code": "63", "kind": "一時停止", "shape": "1", "route": "", "crossing": "", "speed": "", "n_lanes": "", "length": "", "in_cordon": true, "dir_kind": ""}}, {"type": "Feature", "geometry": {"type": "Point", "coordinates": [141.365661, 43.05839]}, "properties": {"code": "63", "kind": "一時停止", "shape": "1", "route": "", "crossing": "", "speed": "", "n_lanes": "", "length": "", "in_cordon": false, "dir_kind": ""}}, {"type": "Feature", "geometry": {"type": "Point", "coordinates": [141.357487, 43.051844]}, "properties": {"code": "63", "kind": "一時停止", "shape": "1", "route": "", "crossing": "", "speed": "", "n_lanes": "", "length": "", "in_cordon": false, "dir_kind": ""}}, {"type": "Feature", "geometry": {"type": "Point", "coordinates": [141.351079, 43.058218]}, "properties": {"code": "63", "kind": "一時停止", "shape": "1", "route": "", "crossing": "", "speed": "", "n_lanes": "", "length": "", "in_cordon": true, "dir_kind": ""}}, {"type": "Feature", "geometry": {"type": "Point", "coordinates": [141.337083, 43.05632]}, "properties": {"code": "63", "kind": "一時停止", "shape": "1", "route": "", "crossing": "", "speed": "", "n_lanes": "", "length": "", "in_cordon": false, "dir_kind": ""}}, {"type": "Feature", "geometry": {"type": "Point", "coordinates": [141.355043, 43.055135]}, "properties": {"code": "63", "kind": "一時停止", "shape": "1", "route": "", "crossing": "", "speed": "", "n_lanes": "", "length": "", "in_cordon": true, "dir_kind": ""}}, {"type": "Feature", "geometry": {"type": "Point", "coordinates": [141.35166, 43.055915]}, "properties": {"code": "63", "kind": "一時停止", "shape": "1", "route": "", "crossing": "", "speed": "", "n_lanes": "", "length": "", "in_cordon": true, "dir_kind": ""}}, {"type": "Feature", "geometry": {"type": "Point", "coordinates": [141.350346, 43.054557]}, "properties": {"code": "63", "kind": "一時停止", "shape": "1", "route": "", "crossing": "", "speed": "", "n_lanes": "", "length": "", "in_cordon": true, "dir_kind": ""}}, {"type": "Feature", "geometry": {"type": "Point", "coordinates": [141.355293, 43.054107]}, "properties": {"code": "63", "kind": "一時停止", "shape": "1", "route": "", "crossing": "", "speed": "", "n_lanes": "", "length": "", "in_cordon": true, "dir_kind": ""}}, {"type": "Feature", "geometry": {"type": "Point", "coordinates": [141.351943, 43.054718]}, "properties": {"code": "63", "kind": "一時停止", "shape": "1", "route": "", "crossing": "", "speed": "", "n_lanes": "", "length": "", "in_cordon": true, "dir_kind": ""}}, {"type": "Feature", "geometry": {"type": "Point", "coordinates": [141.349235, 43.053221]}, "properties": {"code": "63", "kind": "一時停止", "shape": "1", "route": "", "crossing": "", "speed": "", "n_lanes": "", "length": "", "in_cordon": true, "dir_kind": ""}}, {"type": "Feature", "geometry": {"type": "Point", "coordinates": [141.355621, 43.052902]}, "properties": {"code": "63", "kind": "一時停止", "shape": "1", "route": "", "crossing": "", "speed": "", "n_lanes": "", "length": "", "in_cordon": true, "dir_kind": ""}}, {"type": "Feature", "geometry": {"type": "Point", "coordinates": [141.350657, 43.053404]}, "properties": {"code": "63", "kind": "一時停止", "shape": "1", "route": "", "crossing": "", "speed": "", "n_lanes": "", "length": "", "in_cordon": true, "dir_kind": ""}}, {"type": "Feature", "geometry": {"type": "Point", "coordinates": [141.352532, 43.05248]}, "properties": {"code": "63", "kind": "一時停止", "shape": "1", "route": "", "crossing": "", "speed": "", "n_lanes": "", "length": "", "in_cordon": true, "dir_kind": ""}}, {"type": "Feature", "geometry": {"type": "Point", "coordinates": [141.346261, 43.051621]}, "properties": {"code": "63", "kind": "一時停止", "shape": "1", "route": "", "crossing": "", "speed": "", "n_lanes": "", "length": "", "in_cordon": true, "dir_kind": ""}}, {"type": "Feature", "geometry": {"type": "Point", "coordinates": [141.339844, 43.057873]}, "properties": {"code": "63", "kind": "一時停止", "shape": "1", "route": "", "crossing": "", "speed": "", "n_lanes": "", "length": "", "in_cordon": false, "dir_kind": ""}}, {"type": "Feature", "geometry": {"type": "Point", "coordinates": [141.338292, 43.057665]}, "properties": {"code": "63", "kind": "一時停止", "shape": "1", "route": "", "crossing": "", "speed": "", "n_lanes": "", "length": "", "in_cordon": false, "dir_kind": ""}}, {"type": "Feature", "geometry": {"type": "Point", "coordinates": [141.336744, 43.057459]}, "properties": {"code": "63", "kind": "一時停止", "shape": "1", "route": "", "crossing": "", "speed": "", "n_lanes": "", "length": "", "in_cordon": false, "dir_kind": ""}}, {"type": "Feature", "geometry": {"type": "Point", "coordinates": [141.335164, 43.057245]}, "properties": {"code": "63", "kind": "一時停止", "shape": "1", "route": "", "crossing": "", "speed": "", "n_lanes": "", "length": "", "in_cordon": false, "dir_kind": ""}}, {"type": "Feature", "geometry": {"type": "Point", "coordinates": [141.344735, 43.064117]}, "properties": {"code": "63", "kind": "一時停止", "shape": "1", "route": "", "crossing": "", "speed": "", "n_lanes": "", "length": "", "in_cordon": true, "dir_kind": ""}}, {"type": "Feature", "geometry": {"type": "Point", "coordinates": [141.346268, 43.064345]}, "properties": {"code": "63", "kind": "一時停止", "shape": "1", "route": "", "crossing": "", "speed": "", "n_lanes": "", "length": "", "in_cordon": true, "dir_kind": ""}}, {"type": "Feature", "geometry": {"type": "Point", "coordinates": [141.344507, 43.065342]}, "properties": {"code": "63", "kind": "一時停止", "shape": "1", "route": "", "crossing": "", "speed": "", "n_lanes": "", "length": "", "in_cordon": true, "dir_kind": ""}}, {"type": "Feature", "geometry": {"type": "Point", "coordinates": [141.356932, 43.054271]}, "properties": {"code": "63", "kind": "一時停止", "shape": "1", "route": "", "crossing": "", "speed": "", "n_lanes": "", "length": "", "in_cordon": true, "dir_kind": ""}}, {"type": "Feature", "geometry": {"type": "Point", "coordinates": [141.357318, 43.05611]}, "properties": {"code": "63", "kind": "一時停止", "shape": "1", "route": "", "crossing": "", "speed": "", "n_lanes": "", "length": "", "in_cordon": true, "dir_kind": ""}}, {"type": "Feature", "geometry": {"type": "Point", "coordinates": [141.356879, 43.057807]}, "properties": {"code": "63", "kind": "一時停止", "shape": "1", "route": "", "crossing": "", "speed": "", "n_lanes": "", "length": "", "in_cordon": true, "dir_kind": ""}}, {"type": "Feature", "geometry": {"type": "Point", "coordinates": [141.36184, 43.059087]}, "properties": {"code": "63", "kind": "一時停止", "shape": "1", "route": "", "crossing": "", "speed": "", "n_lanes": "", "length": "", "in_cordon": false, "dir_kind": ""}}, {"type": "Feature", "geometry": {"type": "Point", "coordinates": [141.362123, 43.057938]}, "properties": {"code": "63", "kind": "一時停止", "shape": "1", "route": "", "crossing": "", "speed": "", "n_lanes": "", "length": "", "in_cordon": false, "dir_kind": ""}}, {"type": "Feature", "geometry": {"type": "Point", "coordinates": [141.338775, 43.062072]}, "properties": {"code": "63", "kind": "一時停止", "shape": "1", "route": "", "crossing": "", "speed": "", "n_lanes": "", "length": "", "in_cordon": false, "dir_kind": ""}}, {"type": "Feature", "geometry": {"type": "Point", "coordinates": [141.337225, 43.061858]}, "properties": {"code": "63", "kind": "一時停止", "shape": "1", "route": "", "crossing": "", "speed": "", "n_lanes": "", "length": "", "in_cordon": false, "dir_kind": ""}}, {"type": "Feature", "geometry": {"type": "Point", "coordinates": [141.33568, 43.061636]}, "properties": {"code": "63", "kind": "一時停止", "shape": "1", "route": "", "crossing": "", "speed": "", "n_lanes": "", "length": "", "in_cordon": false, "dir_kind": ""}}, {"type": "Feature", "geometry": {"type": "Point", "coordinates": [141.33788, 43.065625]}, "properties": {"code": "63", "kind": "一時停止", "shape": "1", "route": "", "crossing": "", "speed": "", "n_lanes": "", "length": "", "in_cordon": false, "dir_kind": ""}}, {"type": "Feature", "geometry": {"type": "Point", "coordinates": [141.345377, 43.061831]}, "properties": {"code": "63", "kind": "一時停止", "shape": "1", "route": "", "crossing": "", "speed": "", "n_lanes": "", "length": "", "in_cordon": true, "dir_kind": ""}}, {"type": "Feature", "geometry": {"type": "Point", "coordinates": [141.350957, 43.05226]}, "properties": {"code": "63", "kind": "一時停止", "shape": "1", "route": "", "crossing": "", "speed": "", "n_lanes": "", "length": "", "in_cordon": true, "dir_kind": ""}}, {"type": "Feature", "geometry": {"type": "Point", "coordinates": [141.356621, 43.055404]}, "properties": {"code": "63", "kind": "一時停止", "shape": "1", "route": "", "crossing": "", "speed": "", "n_lanes": "", "length": "", "in_cordon": true, "dir_kind": ""}}, {"type": "Feature", "geometry": {"type": "Point", "coordinates": [141.358356, 43.066592]}, "properties": {"code": "63", "kind": "一時停止", "shape": "1", "route": "", "crossing": "", "speed": "", "n_lanes": "", "length": "", "in_cordon": false, "dir_kind": ""}}, {"type": "Feature", "geometry": {"type": "Point", "coordinates": [141.338866, 43.067594]}, "properties": {"code": "63", "kind": "一時停止", "shape": "1", "route": "", "crossing": "", "speed": "", "n_lanes": "", "length": "", "in_cordon": false, "dir_kind": ""}}, {"type": "Feature", "geometry": {"type": "Point", "coordinates": [141.363826, 43.056149]}, "properties": {"code": "63", "kind": "一時停止", "shape": "1", "route": "", "crossing": "", "speed": "", "n_lanes": "", "length": "", "in_cordon": false, "dir_kind": ""}}, {"type": "Feature", "geometry": {"type": "Point", "coordinates": [141.34481, 43.057357]}, "properties": {"code": "63", "kind": "一時停止", "shape": "1", "route": "", "crossing": "", "speed": "", "n_lanes": "", "length": "", "in_cordon": true, "dir_kind": ""}}, {"type": "Feature", "geometry": {"type": "Point", "coordinates": [141.347916, 43.057784]}, "properties": {"code": "63", "kind": "一時停止", "shape": "1", "route": "", "crossing": "", "speed": "", "n_lanes": "", "length": "", "in_cordon": true, "dir_kind": ""}}, {"type": "Feature", "geometry": {"type": "Point", "coordinates": [141.343233, 43.057151]}, "properties": {"code": "63", "kind": "一時停止", "shape": "1", "route": "", "crossing": "", "speed": "", "n_lanes": "", "length": "", "in_cordon": true, "dir_kind": ""}}, {"type": "Feature", "geometry": {"type": "Point", "coordinates": [141.341536, 43.05692]}, "properties": {"code": "63", "kind": "一時停止", "shape": "1", "route": "", "crossing": "", "speed": "", "n_lanes": "", "length": "", "in_cordon": true, "dir_kind": ""}}, {"type": "Feature", "geometry": {"type": "Point", "coordinates": [141.340125, 43.056731]}, "properties": {"code": "63", "kind": "一時停止", "shape": "1", "route": "", "crossing": "", "speed": "", "n_lanes": "", "length": "", "in_cordon": false, "dir_kind": ""}}, {"type": "Feature", "geometry": {"type": "Point", "coordinates": [141.338583, 43.056512]}, "properties": {"code": "63", "kind": "一時停止", "shape": "1", "route": "", "crossing": "", "speed": "", "n_lanes": "", "length": "", "in_cordon": false, "dir_kind": ""}}, {"type": "Feature", "geometry": {"type": "Point", "coordinates": [141.3361, 43.055598]}, "properties": {"code": "63", "kind": "一時停止", "shape": "1", "route": "", "crossing": "", "speed": "", "n_lanes": "", "length": "", "in_cordon": false, "dir_kind": ""}}, {"type": "Feature", "geometry": {"type": "Point", "coordinates": [141.335817, 43.056726]}, "properties": {"code": "63", "kind": "一時停止", "shape": "1", "route": "", "crossing": "", "speed": "", "n_lanes": "", "length": "", "in_cordon": false, "dir_kind": ""}}, {"type": "Feature", "geometry": {"type": "Point", "coordinates": [141.346841, 43.062037]}, "properties": {"code": "63", "kind": "一時停止", "shape": "1", "route": "", "crossing": "", "speed": "", "n_lanes": "", "length": "", "in_cordon": true, "dir_kind": ""}}, {"type": "Feature", "geometry": {"type": "Point", "coordinates": [141.344044, 43.060414]}, "properties": {"code": "63", "kind": "一時停止", "shape": "1", "route": "", "crossing": "", "speed": "", "n_lanes": "", "length": "", "in_cordon": true, "dir_kind": ""}}, {"type": "Feature", "geometry": {"type": "Point", "coordinates": [141.342485, 43.060184]}, "properties": {"code": "63", "kind": "一時停止", "shape": "1", "route": "", "crossing": "", "speed": "", "n_lanes": "", "length": "", "in_cordon": true, "dir_kind": ""}}, {"type": "Feature", "geometry": {"type": "Point", "coordinates": [141.341811, 43.05577]}, "properties": {"code": "63", "kind": "一時停止", "shape": "1", "route": "", "crossing": "", "speed": "", "n_lanes": "", "length": "", "in_cordon": true, "dir_kind": ""}}, {"type": "Feature", "geometry": {"type": "Point", "coordinates": [141.345391, 43.055057]}, "properties": {"code": "63", "kind": "一時停止", "shape": "1", "route": "", "crossing": "", "speed": "", "n_lanes": "", "length": "", "in_cordon": true, "dir_kind": ""}}, {"type": "Feature", "geometry": {"type": "Point", "coordinates": [141.359886, 43.066806]}, "properties": {"code": "63", "kind": "一時停止", "shape": "1", "route": "", "crossing": "", "speed": "", "n_lanes": "", "length": "", "in_cordon": false, "dir_kind": ""}}, {"type": "Feature", "geometry": {"type": "Point", "coordinates": [141.360203, 43.065601]}, "properties": {"code": "63", "kind": "一時停止", "shape": "1", "route": "", "crossing": "", "speed": "", "n_lanes": "", "length": "", "in_cordon": false, "dir_kind": ""}}, {"type": "Feature", "geometry": {"type": "Point", "coordinates": [141.358648, 43.065398]}, "properties": {"code": "63", "kind": "一時停止", "shape": "1", "route": "", "crossing": "", "speed": "", "n_lanes": "", "length": "", "in_cordon": false, "dir_kind": ""}}, {"type": "Feature", "geometry": {"type": "Point", "coordinates": [141.341422, 43.061239]}, "properties": {"code": "63", "kind": "一時停止", "shape": "1", "route": "", "crossing": "", "speed": "", "n_lanes": "", "length": "", "in_cordon": true, "dir_kind": ""}}, {"type": "Feature", "geometry": {"type": "Point", "coordinates": [141.354207, 43.058626]}, "properties": {"code": "63", "kind": "一時停止", "shape": "1", "route": "", "crossing": "", "speed": "", "n_lanes": "", "length": "", "in_cordon": true, "dir_kind": ""}}, {"type": "Feature", "geometry": {"type": "Point", "coordinates": [141.345905, 43.04976]}, "properties": {"code": "63", "kind": "一時停止", "shape": "1", "route": "", "crossing": "", "speed": "", "n_lanes": "", "length": "", "in_cordon": false, "dir_kind": ""}}, {"type": "Feature", "geometry": {"type": "Point", "coordinates": [141.345958, 43.049357]}, "properties": {"code": "63", "kind": "一時停止", "shape": "1", "route": "", "crossing": "", "speed": "", "n_lanes": "", "length": "", "in_cordon": false, "dir_kind": ""}}, {"type": "Feature", "geometry": {"type": "Point", "coordinates": [141.353882, 43.059782]}, "properties": {"code": "63", "kind": "一時停止", "shape": "1", "route": "", "crossing": "", "speed": "", "n_lanes": "", "length": "", "in_cordon": true, "dir_kind": ""}}, {"type": "Feature", "geometry": {"type": "Point", "coordinates": [141.352701, 43.058443]}, "properties": {"code": "63", "kind": "一時停止", "shape": "1", "route": "", "crossing": "", "speed": "", "n_lanes": "", "length": "", "in_cordon": true, "dir_kind": ""}}, {"type": "Feature", "geometry": {"type": "Point", "coordinates": [141.358948, 43.064215]}, "properties": {"code": "63", "kind": "一時停止", "shape": "1", "route": "", "crossing": "", "speed": "", "n_lanes": "", "length": "", "in_cordon": false, "dir_kind": ""}}, {"type": "Feature", "geometry": {"type": "Point", "coordinates": [141.3605, 43.06442]}, "properties": {"code": "63", "kind": "一時停止", "shape": "1", "route": "", "crossing": "", "speed": "", "n_lanes": "", "length": "", "in_cordon": false, "dir_kind": ""}}, {"type": "Feature", "geometry": {"type": "Point", "coordinates": [141.337235, 43.068244]}, "properties": {"code": "63", "kind": "一時停止", "shape": "1", "route": "", "crossing": "", "speed": "", "n_lanes": "", "length": "", "in_cordon": false, "dir_kind": ""}}, {"type": "Feature", "geometry": {"type": "Point", "coordinates": [141.343641, 43.053082]}, "properties": {"code": "63", "kind": "一時停止", "shape": "1", "route": "", "crossing": "", "speed": "", "n_lanes": "", "length": "", "in_cordon": true, "dir_kind": ""}}, {"type": "Feature", "geometry": {"type": "Point", "coordinates": [141.345086, 43.056201]}, "properties": {"code": "63", "kind": "一時停止", "shape": "1", "route": "", "crossing": "", "speed": "", "n_lanes": "", "length": "", "in_cordon": true, "dir_kind": ""}}, {"type": "Feature", "geometry": {"type": "Point", "coordinates": [141.357254, 43.056296]}, "properties": {"code": "63", "kind": "一時停止", "shape": "1", "route": "", "crossing": "", "speed": "", "n_lanes": "", "length": "", "in_cordon": true, "dir_kind": ""}}, {"type": "Feature", "geometry": {"type": "Point", "coordinates": [141.35861, 43.051763]}, "properties": {"code": "63", "kind": "一時停止", "shape": "1", "route": "", "crossing": "", "speed": "", "n_lanes": "", "length": "", "in_cordon": false, "dir_kind": ""}}, {"type": "Feature", "geometry": {"type": "Point", "coordinates": [141.352232, 43.059557]}, "properties": {"code": "63", "kind": "一時停止", "shape": "1", "route": "", "crossing": "", "speed": "", "n_lanes": "", "length": "", "in_cordon": true, "dir_kind": ""}}, {"type": "Feature", "geometry": {"type": "Point", "coordinates": [141.349502, 43.057993]}, "properties": {"code": "63", "kind": "一時停止", "shape": "1", "route": "", "crossing": "", "speed": "", "n_lanes": "", "length": "", "in_cordon": true, "dir_kind": ""}}, {"type": "Feature", "geometry": {"type": "Point", "coordinates": [141.343727, 43.054601]}, "properties": {"code": "63", "kind": "一時停止", "shape": "1", "route": "", "crossing": "", "speed": "", "n_lanes": "", "length": "", "in_cordon": true, "dir_kind": ""}}, {"type": "Feature", "geometry": {"type": "Point", "coordinates": [141.364639, 43.06064]}, "properties": {"code": "63", "kind": "一時停止", "shape": "1", "route": "", "crossing": "", "speed": "", "n_lanes": "", "length": "", "in_cordon": false, "dir_kind": ""}}, {"type": "Feature", "geometry": {"type": "Point", "coordinates": [141.340405, 43.055584]}, "properties": {"code": "63", "kind": "一時停止", "shape": "1", "route": "", "crossing": "", "speed": "", "n_lanes": "", "length": "", "in_cordon": false, "dir_kind": ""}}, {"type": "Feature", "geometry": {"type": "Point", "coordinates": [141.343669, 43.053121]}, "properties": {"code": "63", "kind": "一時停止", "shape": "1", "route": "", "crossing": "", "speed": "", "n_lanes": "", "length": "", "in_cordon": true, "dir_kind": ""}}, {"type": "Feature", "geometry": {"type": "Point", "coordinates": [141.336319, 43.065402]}, "properties": {"code": "63", "kind": "一時停止", "shape": "1", "route": "", "crossing": "", "speed": "", "n_lanes": "", "length": "", "in_cordon": false, "dir_kind": ""}}, {"type": "Feature", "geometry": {"type": "Point", "coordinates": [141.351435, 43.050608]}, "properties": {"code": "63", "kind": "一時停止", "shape": "1", "route": "", "crossing": "", "speed": "", "n_lanes": "", "length": "", "in_cordon": false, "dir_kind": ""}}, {"type": "Feature", "geometry": {"type": "Point", "coordinates": [141.359345, 43.056379]}, "properties": {"code": "63", "kind": "一時停止", "shape": "1", "route": "", "crossing": "", "speed": "", "n_lanes": "", "length": "", "in_cordon": true, "dir_kind": ""}}, {"type": "Feature", "geometry": {"type": "Point", "coordinates": [141.359593, 43.055221]}, "properties": {"code": "63", "kind": "一時停止", "shape": "1", "route": "", "crossing": "", "speed": "", "n_lanes": "", "length": "", "in_cordon": true, "dir_kind": ""}}, {"type": "Feature", "geometry": {"type": "Point", "coordinates": [141.351873, 43.064637]}, "properties": {"code": "63", "kind": "一時停止", "shape": "1", "route": "", "crossing": "", "speed": "", "n_lanes": "", "length": "", "in_cordon": true, "dir_kind": ""}}, {"type": "Feature", "geometry": {"type": "Point", "coordinates": [141.363692, 43.058174]}, "properties": {"code": "63", "kind": "一時停止", "shape": "1", "route": "", "crossing": "", "speed": "", "n_lanes": "", "length": "", "in_cordon": false, "dir_kind": ""}}, {"type": "Feature", "geometry": {"type": "Point", "coordinates": [141.361014, 43.062404]}, "properties": {"code": "63", "kind": "一時停止", "shape": "1", "route": "", "crossing": "", "speed": "", "n_lanes": "", "length": "", "in_cordon": false, "dir_kind": ""}}, {"type": "Feature", "geometry": {"type": "Point", "coordinates": [141.364953, 43.059513]}, "properties": {"code": "63", "kind": "一時停止", "shape": "1", "route": "", "crossing": "", "speed": "", "n_lanes": "", "length": "", "in_cordon": false, "dir_kind": ""}}, {"type": "Feature", "geometry": {"type": "Point", "coordinates": [141.343808, 43.05196]}, "properties": {"code": "63", "kind": "一時停止", "shape": "1", "route": "", "crossing": "", "speed": "", "n_lanes": "", "length": "", "in_cordon": true, "dir_kind": ""}}, {"type": "Feature", "geometry": {"type": "Point", "coordinates": [141.335733, 43.067713]}, "properties": {"code": "63", "kind": "一時停止", "shape": "1", "route": "", "crossing": "", "speed": "", "n_lanes": "", "length": "", "in_cordon": false, "dir_kind": ""}}, {"type": "Feature", "geometry": {"type": "Point", "coordinates": [141.360901, 43.056604]}, "properties": {"code": "63", "kind": "一時停止", "shape": "1", "route": "", "crossing": "", "speed": "", "n_lanes": "", "length": "", "in_cordon": false, "dir_kind": ""}}, {"type": "Feature", "geometry": {"type": "Point", "coordinates": [141.36525, 43.058382]}, "properties": {"code": "63", "kind": "一時停止", "shape": "1", "route": "", "crossing": "", "speed": "", "n_lanes": "", "length": "", "in_cordon": false, "dir_kind": ""}}, {"type": "Feature", "geometry": {"type": "Point", "coordinates": [141.363267, 43.063612]}, "properties": {"code": "63", "kind": "一時停止", "shape": "1", "route": "", "crossing": "", "speed": "", "n_lanes": "", "length": "", "in_cordon": false, "dir_kind": ""}}, {"type": "Feature", "geometry": {"type": "Point", "coordinates": [141.363492, 43.062695]}, "properties": {"code": "63", "kind": "一時停止", "shape": "1", "route": "", "crossing": "", "speed": "", "n_lanes": "", "length": "", "in_cordon": false, "dir_kind": ""}}, {"type": "Feature", "geometry": {"type": "Point", "coordinates": [141.361586, 43.067031]}, "properties": {"code": "63", "kind": "一時停止", "shape": "1", "route": "", "crossing": "", "speed": "", "n_lanes": "", "length": "", "in_cordon": false, "dir_kind": ""}}, {"type": "Feature", "geometry": {"type": "Point", "coordinates": [141.336925, 43.063058]}, "properties": {"code": "63", "kind": "一時停止", "shape": "1", "route": "", "crossing": "", "speed": "", "n_lanes": "", "length": "", "in_cordon": false, "dir_kind": ""}}, {"type": "Feature", "geometry": {"type": "Point", "coordinates": [141.338463, 43.063269]}, "properties": {"code": "63", "kind": "一時停止", "shape": "1", "route": "", "crossing": "", "speed": "", "n_lanes": "", "length": "", "in_cordon": false, "dir_kind": ""}}, {"type": "Feature", "geometry": {"type": "Point", "coordinates": [141.336033, 43.066558]}, "properties": {"code": "63", "kind": "一時停止", "shape": "1", "route": "", "crossing": "", "speed": "", "n_lanes": "", "length": "", "in_cordon": false, "dir_kind": ""}}, {"type": "Feature", "geometry": {"type": "Point", "coordinates": [141.335841, 43.064169]}, "properties": {"code": "63", "kind": "一時停止", "shape": "1", "route": "", "crossing": "", "speed": "", "n_lanes": "", "length": "", "in_cordon": false, "dir_kind": ""}}, {"type": "Feature", "geometry": {"type": "Point", "coordinates": [141.336611, 43.064294]}, "properties": {"code": "63", "kind": "一時停止", "shape": "1", "route": "", "crossing": "", "speed": "", "n_lanes": "", "length": "", "in_cordon": false, "dir_kind": ""}}, {"type": "Feature", "geometry": {"type": "Point", "coordinates": [141.33505, 43.064078]}, "properties": {"code": "63", "kind": "一時停止", "shape": "1", "route": "", "crossing": "", "speed": "", "n_lanes": "", "length": "", "in_cordon": false, "dir_kind": ""}}, {"type": "Feature", "geometry": {"type": "Point", "coordinates": [141.337577, 43.066769]}, "properties": {"code": "63", "kind": "一時停止", "shape": "1", "route": "", "crossing": "", "speed": "", "n_lanes": "", "length": "", "in_cordon": false, "dir_kind": ""}}, {"type": "Feature", "geometry": {"type": "Point", "coordinates": [141.337285, 43.067911]}, "properties": {"code": "63", "kind": "一時停止", "shape": "1", "route": "", "crossing": "", "speed": "", "n_lanes": "", "length": "", "in_cordon": false, "dir_kind": ""}}, {"type": "Feature", "geometry": {"type": "Point", "coordinates": [141.358639, 43.068564]}, "properties": {"code": "63", "kind": "一時停止", "shape": "1", "route": "", "crossing": "", "speed": "", "n_lanes": "", "length": "", "in_cordon": false, "dir_kind": ""}}, {"type": "Feature", "geometry": {"type": "Point", "coordinates": [141.337322, 43.055154]}, "properties": {"code": "63", "kind": "一時停止", "shape": "1", "route": "", "crossing": "", "speed": "", "n_lanes": "", "length": "", "in_cordon": false, "dir_kind": ""}}, {"type": "Feature", "geometry": {"type": "Point", "coordinates": [141.359034, 43.05751]}, "properties": {"code": "63", "kind": "一時停止", "shape": "1", "route": "", "crossing": "", "speed": "", "n_lanes": "", "length": "", "in_cordon": true, "dir_kind": ""}}, {"type": "Feature", "geometry": {"type": "Point", "coordinates": [141.359257, 43.056599]}, "properties": {"code": "63", "kind": "一時停止", "shape": "1", "route": "", "crossing": "", "speed": "", "n_lanes": "", "length": "", "in_cordon": true, "dir_kind": ""}}, {"type": "Feature", "geometry": {"type": "Point", "coordinates": [141.354948, 43.06867]}, "properties": {"code": "63", "kind": "一時停止", "shape": "1", "route": "", "crossing": "", "speed": "", "n_lanes": "", "length": "", "in_cordon": false, "dir_kind": ""}}, {"type": "Feature", "geometry": {"type": "Point", "coordinates": [141.342441, 43.066253]}, "properties": {"code": "63", "kind": "一時停止", "shape": "1", "route": "", "crossing": "", "speed": "", "n_lanes": "", "length": "", "in_cordon": false, "dir_kind": ""}}, {"type": "Feature", "geometry": {"type": "Point", "coordinates": [141.343814, 43.051838]}, "properties": {"code": "63", "kind": "一時停止", "shape": "1", "route": "", "crossing": "", "speed": "", "n_lanes": "", "length": "", "in_cordon": true, "dir_kind": ""}}, {"type": "Feature", "geometry": {"type": "Point", "coordinates": [141.340845, 43.051304]}, "properties": {"code": "63", "kind": "一時停止", "shape": "1", "route": "", "crossing": "", "speed": "", "n_lanes": "", "length": "", "in_cordon": false, "dir_kind": ""}}, {"type": "Feature", "geometry": {"type": "Point", "coordinates": [141.340828, 43.05119]}, "properties": {"code": "63", "kind": "一時停止", "shape": "1", "route": "", "crossing": "", "speed": "", "n_lanes": "", "length": "", "in_cordon": false, "dir_kind": ""}}, {"type": "Feature", "geometry": {"type": "Point", "coordinates": [141.338864, 43.051065]}, "properties": {"code": "63", "kind": "一時停止", "shape": "1", "route": "", "crossing": "", "speed": "", "n_lanes": "", "length": "", "in_cordon": false, "dir_kind": ""}}, {"type": "Feature", "geometry": {"type": "Point", "coordinates": [141.340856, 43.051057]}, "properties": {"code": "63", "kind": "一時停止", "shape": "1", "route": "", "crossing": "", "speed": "", "n_lanes": "", "length": "", "in_cordon": false, "dir_kind": ""}}, {"type": "Feature", "geometry": {"type": "Point", "coordinates": [141.338847, 43.051193]}, "properties": {"code": "63", "kind": "一時停止", "shape": "1", "route": "", "crossing": "", "speed": "", "n_lanes": "", "length": "", "in_cordon": false, "dir_kind": ""}}, {"type": "Feature", "geometry": {"type": "Point", "coordinates": [141.34087, 43.050871]}, "properties": {"code": "63", "kind": "一時停止", "shape": "1", "route": "", "crossing": "", "speed": "", "n_lanes": "", "length": "", "in_cordon": false, "dir_kind": ""}}, {"type": "Feature", "geometry": {"type": "Point", "coordinates": [141.338911, 43.050771]}, "properties": {"code": "63", "kind": "一時停止", "shape": "1", "route": "", "crossing": "", "speed": "", "n_lanes": "", "length": "", "in_cordon": false, "dir_kind": ""}}, {"type": "Feature", "geometry": {"type": "Point", "coordinates": [141.341022, 43.050288]}, "properties": {"code": "63", "kind": "一時停止", "shape": "1", "route": "", "crossing": "", "speed": "", "n_lanes": "", "length": "", "in_cordon": false, "dir_kind": ""}}, {"type": "Feature", "geometry": {"type": "Point", "coordinates": [141.342294, 43.050379]}, "properties": {"code": "63", "kind": "一時停止", "shape": "1", "route": "", "crossing": "", "speed": "", "n_lanes": "", "length": "", "in_cordon": false, "dir_kind": ""}}, {"type": "Feature", "geometry": {"type": "Point", "coordinates": [141.340897, 43.050554]}, "properties": {"code": "63", "kind": "一時停止", "shape": "1", "route": "", "crossing": "", "speed": "", "n_lanes": "", "length": "", "in_cordon": false, "dir_kind": ""}}, {"type": "Feature", "geometry": {"type": "Point", "coordinates": [141.33895, 43.050413]}, "properties": {"code": "63", "kind": "一時停止", "shape": "1", "route": "", "crossing": "", "speed": "", "n_lanes": "", "length": "", "in_cordon": false, "dir_kind": ""}}, {"type": "Feature", "geometry": {"type": "Point", "coordinates": [141.336942, 43.05026]}, "properties": {"code": "63", "kind": "一時停止", "shape": "1", "route": "", "crossing": "", "speed": "", "n_lanes": "", "length": "", "in_cordon": false, "dir_kind": ""}}, {"type": "Feature", "geometry": {"type": "Point", "coordinates": [141.340989, 43.049877]}, "properties": {"code": "63", "kind": "一時停止", "shape": "1", "route": "", "crossing": "", "speed": "", "n_lanes": "", "length": "", "in_cordon": false, "dir_kind": ""}}, {"type": "Feature", "geometry": {"type": "Point", "coordinates": [141.336984, 43.049943]}, "properties": {"code": "63", "kind": "一時停止", "shape": "1", "route": "", "crossing": "", "speed": "", "n_lanes": "", "length": "", "in_cordon": false, "dir_kind": ""}}, {"type": "Feature", "geometry": {"type": "Point", "coordinates": [141.337034, 43.049599]}, "properties": {"code": "63", "kind": "一時停止", "shape": "1", "route": "", "crossing": "", "speed": "", "n_lanes": "", "length": "", "in_cordon": false, "dir_kind": ""}}, {"type": "Feature", "geometry": {"type": "Point", "coordinates": [141.337184, 43.048454]}, "properties": {"code": "63", "kind": "一時停止", "shape": "1", "route": "", "crossing": "", "speed": "", "n_lanes": "", "length": "", "in_cordon": false, "dir_kind": ""}}, {"type": "Feature", "geometry": {"type": "Point", "coordinates": [141.34575, 43.051007]}, "properties": {"code": "63", "kind": "一時停止", "shape": "1", "route": "", "crossing": "", "speed": "", "n_lanes": "", "length": "", "in_cordon": true, "dir_kind": ""}}, {"type": "Feature", "geometry": {"type": "Point", "coordinates": [141.33685, 43.051051]}, "properties": {"code": "63", "kind": "一時停止", "shape": "1", "route": "", "crossing": "", "speed": "", "n_lanes": "", "length": "", "in_cordon": false, "dir_kind": ""}}, {"type": "Feature", "geometry": {"type": "Point", "coordinates": [141.337103, 43.049116]}, "properties": {"code": "63", "kind": "一時停止", "shape": "1", "route": "", "crossing": "", "speed": "", "n_lanes": "", "length": "", "in_cordon": false, "dir_kind": ""}}, {"type": "Feature", "geometry": {"type": "Point", "coordinates": [141.340947, 43.050202]}, "properties": {"code": "63", "kind": "一時停止", "shape": "1", "route": "", "crossing": "", "speed": "", "n_lanes": "", "length": "", "in_cordon": false, "dir_kind": ""}}, {"type": "Feature", "geometry": {"type": "Point", "coordinates": [141.337, 43.049765]}, "properties": {"code": "63", "kind": "一時停止", "shape": "1", "route": "", "crossing": "", "speed": "", "n_lanes": "", "length": "", "in_cordon": false, "dir_kind": ""}}, {"type": "Feature", "geometry": {"type": "Point", "coordinates": [141.346413, 43.051068]}, "properties": {"code": "63", "kind": "一時停止", "shape": "1", "route": "", "crossing": "", "speed": "", "n_lanes": "", "length": "", "in_cordon": true, "dir_kind": ""}}, {"type": "Feature", "geometry": {"type": "Point", "coordinates": [141.359912, 43.054088]}, "properties": {"code": "63", "kind": "一時停止", "shape": "1", "route": "", "crossing": "", "speed": "", "n_lanes": "", "length": "", "in_cordon": true, "dir_kind": ""}}, {"type": "Feature", "geometry": {"type": "Point", "coordinates": [141.336623, 43.05279]}, "properties": {"code": "63", "kind": "一時停止", "shape": "1", "route": "", "crossing": "", "speed": "", "n_lanes": "", "length": "", "in_cordon": false, "dir_kind": ""}}, {"type": "Feature", "geometry": {"type": "Point", "coordinates": [141.35714, 43.050127]}, "properties": {"code": "63", "kind": "一時停止", "shape": "1", "route": "", "crossing": "", "speed": "", "n_lanes": "", "length": "", "in_cordon": false, "dir_kind": ""}}, {"type": "Feature", "geometry": {"type": "Point", "coordinates": [141.338177, 43.064483]}, "properties": {"code": "63", "kind": "一時停止", "shape": "1", "route": "", "crossing": "", "speed": "", "n_lanes": "", "length": "", "in_cordon": false, "dir_kind": ""}}, {"type": "Feature", "geometry": {"type": "Point", "coordinates": [141.335686, 43.064733]}, "properties": {"code": "63", "kind": "一時停止", "shape": "1", "route": "", "crossing": "", "speed": "", "n_lanes": "", "length": "", "in_cordon": false, "dir_kind": ""}}, {"type": "Feature", "geometry": {"type": "Point", "coordinates": [141.333517, 43.063864]}, "properties": {"code": "63", "kind": "一時停止", "shape": "1", "route": "", "crossing": "", "speed": "", "n_lanes": "", "length": "", "in_cordon": false, "dir_kind": ""}}, {"type": "Feature", "geometry": {"type": "Point", "coordinates": [141.334755, 43.065211]}, "properties": {"code": "63", "kind": "一時停止", "shape": "1", "route": "", "crossing": "", "speed": "", "n_lanes": "", "length": "", "in_cordon": false, "dir_kind": ""}}, {"type": "Feature", "geometry": {"type": "Point", "coordinates": [141.333203, 43.065011]}, "properties": {"code": "63", "kind": "一時停止", "shape": "1", "route": "", "crossing": "", "speed": "", "n_lanes": "", "length": "", "in_cordon": false, "dir_kind": ""}}, {"type": "Feature", "geometry": {"type": "Point", "coordinates": [141.357692, 43.062865]}, "properties": {"code": "63", "kind": "一時停止", "shape": "1", "route": "", "crossing": "", "speed": "", "n_lanes": "", "length": "", "in_cordon": true, "dir_kind": ""}}, {"type": "Feature", "geometry": {"type": "Point", "coordinates": [141.361556, 43.060235]}, "properties": {"code": "63", "kind": "一時停止", "shape": "1", "route": "", "crossing": "", "speed": "", "n_lanes": "", "length": "", "in_cordon": false, "dir_kind": ""}}, {"type": "Feature", "geometry": {"type": "Point", "coordinates": [141.363123, 43.060446]}, "properties": {"code": "63", "kind": "一時停止", "shape": "1", "route": "", "crossing": "", "speed": "", "n_lanes": "", "length": "", "in_cordon": false, "dir_kind": ""}}, {"type": "Feature", "geometry": {"type": "Point", "coordinates": [141.360579, 43.057732]}, "properties": {"code": "63", "kind": "一時停止", "shape": "1", "route": "", "crossing": "", "speed": "", "n_lanes": "", "length": "", "in_cordon": false, "dir_kind": ""}}, {"type": "Feature", "geometry": {"type": "Point", "coordinates": [141.362356, 43.056857]}, "properties": {"code": "63", "kind": "一時停止", "shape": "1", "route": "", "crossing": "", "speed": "", "n_lanes": "", "length": "", "in_cordon": false, "dir_kind": ""}}, {"type": "Feature", "geometry": {"type": "Point", "coordinates": [141.360287, 43.058879]}, "properties": {"code": "63", "kind": "一時停止", "shape": "1", "route": "", "crossing": "", "speed": "", "n_lanes": "", "length": "", "in_cordon": false, "dir_kind": ""}}, {"type": "Feature", "geometry": {"type": "Point", "coordinates": [141.347925, 43.049891]}, "properties": {"code": "63", "kind": "一時停止", "shape": "1", "route": "", "crossing": "", "speed": "", "n_lanes": "", "length": "", "in_cordon": false, "dir_kind": ""}}, {"type": "Feature", "geometry": {"type": "Point", "coordinates": [141.338858, 43.055373]}, "properties": {"code": "63", "kind": "一時停止", "shape": "1", "route": "", "crossing": "", "speed": "", "n_lanes": "", "length": "", "in_cordon": false, "dir_kind": ""}}, {"type": "Feature", "geometry": {"type": "Point", "coordinates": [141.35118, 43.051107]}, "properties": {"code": "63", "kind": "一時停止", "shape": "1", "route": "", "crossing": "", "speed": "", "n_lanes": "", "length": "", "in_cordon": false, "dir_kind": ""}}, {"type": "Feature", "geometry": {"type": "Point", "coordinates": [141.351169, 43.050569]}, "properties": {"code": "63", "kind": "一時停止", "shape": "1", "route": "", "crossing": "", "speed": "", "n_lanes": "", "length": "", "in_cordon": false, "dir_kind": ""}}, {"type": "Feature", "geometry": {"type": "Point", "coordinates": [141.35143, 43.050099]}, "properties": {"code": "63", "kind": "一時停止", "shape": "1", "route": "", "crossing": "", "speed": "", "n_lanes": "", "length": "", "in_cordon": false, "dir_kind": ""}}, {"type": "Feature", "geometry": {"type": "Point", "coordinates": [141.351627, 43.04923]}, "properties": {"code": "63", "kind": "一時停止", "shape": "1", "route": "", "crossing": "", "speed": "", "n_lanes": "", "length": "", "in_cordon": false, "dir_kind": ""}}, {"type": "Feature", "geometry": {"type": "Point", "coordinates": [141.350163, 43.04961]}, "properties": {"code": "63", "kind": "一時停止", "shape": "1", "route": "", "crossing": "", "speed": "", "n_lanes": "", "length": "", "in_cordon": false, "dir_kind": ""}}, {"type": "Feature", "geometry": {"type": "Point", "coordinates": [141.350174, 43.049969]}, "properties": {"code": "63", "kind": "一時停止", "shape": "1", "route": "", "crossing": "", "speed": "", "n_lanes": "", "length": "", "in_cordon": false, "dir_kind": ""}}, {"type": "Feature", "geometry": {"type": "Point", "coordinates": [141.350238, 43.050446]}, "properties": {"code": "63", "kind": "一時停止", "shape": "1", "route": "", "crossing": "", "speed": "", "n_lanes": "", "length": "", "in_cordon": false, "dir_kind": ""}}, {"type": "Feature", "geometry": {"type": "Point", "coordinates": [141.342567, 43.050829]}, "properties": {"code": "63", "kind": "一時停止", "shape": "1", "route": "", "crossing": "", "speed": "", "n_lanes": "", "length": "", "in_cordon": false, "dir_kind": ""}}, {"type": "Feature", "geometry": {"type": "Point", "coordinates": [141.34235, 43.051163]}, "properties": {"code": "63", "kind": "一時停止", "shape": "1", "route": "", "crossing": "", "speed": "", "n_lanes": "", "length": "", "in_cordon": false, "dir_kind": ""}}, {"type": "Feature", "geometry": {"type": "Point", "coordinates": [141.342308, 43.051402]}, "properties": {"code": "63", "kind": "一時停止", "shape": "1", "route": "", "crossing": "", "speed": "", "n_lanes": "", "length": "", "in_cordon": false, "dir_kind": ""}}, {"type": "Feature", "geometry": {"type": "Point", "coordinates": [141.342147, 43.052354]}, "properties": {"code": "63", "kind": "一時停止", "shape": "1", "route": "", "crossing": "", "speed": "", "n_lanes": "", "length": "", "in_cordon": false, "dir_kind": ""}}, {"type": "Feature", "geometry": {"type": "Point", "coordinates": [141.360812, 43.056949]}, "properties": {"code": "63", "kind": "一時停止", "shape": "1", "route": "", "crossing": "", "speed": "", "n_lanes": "", "length": "", "in_cordon": false, "dir_kind": ""}}, {"type": "Feature", "geometry": {"type": "Point", "coordinates": [141.342608, 43.049121]}, "properties": {"code": "63", "kind": "一時停止", "shape": "1", "route": "", "crossing": "", "speed": "", "n_lanes": "", "length": "", "in_cordon": false, "dir_kind": ""}}, {"type": "Feature", "geometry": {"type": "Point", "coordinates": [141.344028, 43.048899]}, "properties": {"code": "63", "kind": "一時停止", "shape": "1", "route": "", "crossing": "", "speed": "", "n_lanes": "", "length": "", "in_cordon": false, "dir_kind": ""}}, {"type": "Feature", "geometry": {"type": "Point", "coordinates": [141.342658, 43.048824]}, "properties": {"code": "63", "kind": "一時停止", "shape": "1", "route": "", "crossing": "", "speed": "", "n_lanes": "", "length": "", "in_cordon": false, "dir_kind": ""}}, {"type": "Feature", "geometry": {"type": "Point", "coordinates": [141.342581, 43.04888]}, "properties": {"code": "63", "kind": "一時停止", "shape": "1", "route": "", "crossing": "", "speed": "", "n_lanes": "", "length": "", "in_cordon": false, "dir_kind": ""}}, {"type": "Feature", "geometry": {"type": "Point", "coordinates": [141.341153, 43.048807]}, "properties": {"code": "63", "kind": "一時停止", "shape": "1", "route": "", "crossing": "", "speed": "", "n_lanes": "", "length": "", "in_cordon": false, "dir_kind": ""}}, {"type": "Feature", "geometry": {"type": "Point", "coordinates": [141.33755, 43.053682]}, "properties": {"code": "63", "kind": "一時停止", "shape": "1", "route": "", "crossing": "", "speed": "", "n_lanes": "", "length": "", "in_cordon": false, "dir_kind": ""}}, {"type": "Feature", "geometry": {"type": "Point", "coordinates": [141.336506, 43.053604]}, "properties": {"code": "63", "kind": "一時停止", "shape": "1", "route": "", "crossing": "", "speed": "", "n_lanes": "", "length": "", "in_cordon": false, "dir_kind": ""}}, {"type": "Feature", "geometry": {"type": "Point", "coordinates": [141.336478, 43.053801]}, "properties": {"code": "63", "kind": "一時停止", "shape": "1", "route": "", "crossing": "", "speed": "", "n_lanes": "", "length": "", "in_cordon": false, "dir_kind": ""}}, {"type": "Feature", "geometry": {"type": "Point", "coordinates": [141.33655, 43.053273]}, "properties": {"code": "63", "kind": "一時停止", "shape": "1", "route": "", "crossing": "", "speed": "", "n_lanes": "", "length": "", "in_cordon": false, "dir_kind": ""}}, {"type": "Feature", "geometry": {"type": "Point", "coordinates": [141.337772, 43.052335]}, "properties": {"code": "63", "kind": "一時停止", "shape": "1", "route": "", "crossing": "", "speed": "", "n_lanes": "", "length": "", "in_cordon": false, "dir_kind": ""}}, {"type": "Feature", "geometry": {"type": "Point", "coordinates": [141.338678, 43.052404]}, "properties": {"code": "63", "kind": "一時停止", "shape": "1", "route": "", "crossing": "", "speed": "", "n_lanes": "", "length": "", "in_cordon": false, "dir_kind": ""}}, {"type": "Feature", "geometry": {"type": "Point", "coordinates": [141.343772, 43.054412]}, "properties": {"code": "63", "kind": "一時停止", "shape": "1", "route": "", "crossing": "", "speed": "", "n_lanes": "", "length": "", "in_cordon": true, "dir_kind": ""}}, {"type": "Feature", "geometry": {"type": "Point", "coordinates": [141.343777, 43.054087]}, "properties": {"code": "63", "kind": "一時停止", "shape": "1", "route": "", "crossing": "", "speed": "", "n_lanes": "", "length": "", "in_cordon": true, "dir_kind": ""}}, {"type": "Feature", "geometry": {"type": "Point", "coordinates": [141.342216, 43.05391]}, "properties": {"code": "63", "kind": "一時停止", "shape": "1", "route": "", "crossing": "", "speed": "", "n_lanes": "", "length": "", "in_cordon": true, "dir_kind": ""}}, {"type": "Feature", "geometry": {"type": "Point", "coordinates": [141.343519, 43.053954]}, "properties": {"code": "63", "kind": "一時停止", "shape": "1", "route": "", "crossing": "", "speed": "", "n_lanes": "", "length": "", "in_cordon": true, "dir_kind": ""}}, {"type": "Feature", "geometry": {"type": "Point", "coordinates": [141.343586, 43.053454]}, "properties": {"code": "63", "kind": "一時停止", "shape": "1", "route": "", "crossing": "", "speed": "", "n_lanes": "", "length": "", "in_cordon": true, "dir_kind": ""}}, {"type": "Feature", "geometry": {"type": "Point", "coordinates": [141.339061, 43.051588]}, "properties": {"code": "63", "kind": "一時停止", "shape": "1", "route": "", "crossing": "", "speed": "", "n_lanes": "", "length": "", "in_cordon": false, "dir_kind": ""}}, {"type": "Feature", "geometry": {"type": "Point", "coordinates": [141.33895, 43.052393]}, "properties": {"code": "63", "kind": "一時停止", "shape": "1", "route": "", "crossing": "", "speed": "", "n_lanes": "", "length": "", "in_cordon": false, "dir_kind": ""}}, {"type": "Feature", "geometry": {"type": "Point", "coordinates": [141.339811, 43.05164]}, "properties": {"code": "63", "kind": "一時停止", "shape": "1", "route": "", "crossing": "", "speed": "", "n_lanes": "", "length": "", "in_cordon": false, "dir_kind": ""}}, {"type": "Feature", "geometry": {"type": "Point", "coordinates": [141.339758, 43.052187]}, "properties": {"code": "63", "kind": "一時停止", "shape": "1", "route": "", "crossing": "", "speed": "", "n_lanes": "", "length": "", "in_cordon": false, "dir_kind": ""}}, {"type": "Feature", "geometry": {"type": "Point", "coordinates": [141.339731, 43.05254]}, "properties": {"code": "63", "kind": "一時停止", "shape": "1", "route": "", "crossing": "", "speed": "", "n_lanes": "", "length": "", "in_cordon": false, "dir_kind": ""}}, {"type": "Feature", "geometry": {"type": "Point", "coordinates": [141.339789, 43.052187]}, "properties": {"code": "63", "kind": "一時停止", "shape": "1", "route": "", "crossing": "", "speed": "", "n_lanes": "", "length": "", "in_cordon": false, "dir_kind": ""}}, {"type": "Feature", "geometry": {"type": "Point", "coordinates": [141.342147, 43.052699]}, "properties": {"code": "63", "kind": "一時停止", "shape": "1", "route": "", "crossing": "", "speed": "", "n_lanes": "", "length": "", "in_cordon": true, "dir_kind": ""}}, {"type": "Feature", "geometry": {"type": "Point", "coordinates": [141.338903, 43.052832]}, "properties": {"code": "63", "kind": "一時停止", "shape": "1", "route": "", "crossing": "", "speed": "", "n_lanes": "", "length": "", "in_cordon": false, "dir_kind": ""}}, {"type": "Feature", "geometry": {"type": "Point", "coordinates": [141.342114, 43.053046]}, "properties": {"code": "63", "kind": "一時停止", "shape": "1", "route": "", "crossing": "", "speed": "", "n_lanes": "", "length": "", "in_cordon": true, "dir_kind": ""}}, {"type": "Feature", "geometry": {"type": "Point", "coordinates": [141.33885, 43.053179]}, "properties": {"code": "63", "kind": "一時停止", "shape": "1", "route": "", "crossing": "", "speed": "", "n_lanes": "", "length": "", "in_cordon": false, "dir_kind": ""}}, {"type": "Feature", "geometry": {"type": "Point", "coordinates": [141.342072, 43.053374]}, "properties": {"code": "63", "kind": "一時停止", "shape": "1", "route": "", "crossing": "", "speed": "", "n_lanes": "", "length": "", "in_cordon": true, "dir_kind": ""}}, {"type": "Feature", "geometry": {"type": "Point", "coordinates": [141.3388, 43.053537]}, "properties": {"code": "63", "kind": "一時停止", "shape": "1", "route": "", "crossing": "", "speed": "", "n_lanes": "", "length": "", "in_cordon": false, "dir_kind": ""}}, {"type": "Feature", "geometry": {"type": "Point", "coordinates": [141.338747, 43.053921]}, "properties": {"code": "63", "kind": "一時停止", "shape": "1", "route": "", "crossing": "", "speed": "", "n_lanes": "", "length": "", "in_cordon": false, "dir_kind": ""}}, {"type": "Feature", "geometry": {"type": "Point", "coordinates": [141.338989, 43.052118]}, "properties": {"code": "63", "kind": "一時停止", "shape": "1", "route": "", "crossing": "", "speed": "", "n_lanes": "", "length": "", "in_cordon": false, "dir_kind": ""}}, {"type": "Feature", "geometry": {"type": "Point", "coordinates": [141.333794, 43.06265]}, "properties": {"code": "63", "kind": "一時停止", "shape": "1", "route": "", "crossing": "", "speed": "", "n_lanes": "", "length": "", "in_cordon": false, "dir_kind": ""}}, {"type": "Feature", "geometry": {"type": "Point", "coordinates": [141.360895, 43.054074]}, "properties": {"code": "63", "kind": "一時停止", "shape": "1", "route": "", "crossing": "", "speed": "", "n_lanes": "", "length": "", "in_cordon": false, "dir_kind": ""}}, {"type": "Feature", "geometry": {"type": "Point", "coordinates": [141.357892, 43.061979]}, "properties": {"code": "63", "kind": "一時停止", "shape": "1", "route": "", "crossing": "", "speed": "", "n_lanes": "", "length": "", "in_cordon": true, "dir_kind": ""}}, {"type": "Feature", "geometry": {"type": "Point", "coordinates": [141.332928, 43.066147]}, "properties": {"code": "63", "kind": "一時停止", "shape": "1", "route": "", "crossing": "", "speed": "", "n_lanes": "", "length": "", "in_cordon": false, "dir_kind": ""}}, {"type": "Feature", "geometry": {"type": "Point", "coordinates": [141.355278, 43.069022]}, "properties": {"code": "63", "kind": "一時停止", "shape": "1", "route": "", "crossing": "", "speed": "", "n_lanes": "", "length": "", "in_cordon": false, "dir_kind": ""}}, {"type": "Feature", "geometry": {"type": "Point", "coordinates": [141.36158, 43.073005]}, "properties": {"code": "63", "kind": "一時停止", "shape": "1", "route": "", "crossing": "", "speed": "", "n_lanes": "", "length": "", "in_cordon": false, "dir_kind": ""}}, {"type": "Feature", "geometry": {"type": "Point", "coordinates": [141.349861, 43.048005]}, "properties": {"code": "63", "kind": "一時停止", "shape": "1", "route": "", "crossing": "", "speed": "", "n_lanes": "", "length": "", "in_cordon": false, "dir_kind": ""}}, {"type": "Feature", "geometry": {"type": "Point", "coordinates": [141.348166, 43.047983]}, "properties": {"code": "63", "kind": "一時停止", "shape": "1", "route": "", "crossing": "", "speed": "", "n_lanes": "", "length": "", "in_cordon": false, "dir_kind": ""}}, {"type": "Feature", "geometry": {"type": "Point", "coordinates": [141.348222, 43.047463]}, "properties": {"code": "63", "kind": "一時停止", "shape": "1", "route": "", "crossing": "", "speed": "", "n_lanes": "", "length": "", "in_cordon": false, "dir_kind": ""}}, {"type": "Feature", "geometry": {"type": "Point", "coordinates": [141.348314, 43.046833]}, "properties": {"code": "63", "kind": "一時停止", "shape": "1", "route": "", "crossing": "", "speed": "", "n_lanes": "", "length": "", "in_cordon": false, "dir_kind": ""}}, {"type": "Feature", "geometry": {"type": "Point", "coordinates": [141.337373, 43.046838]}, "properties": {"code": "63", "kind": "一時停止", "shape": "1", "route": "", "crossing": "", "speed": "", "n_lanes": "", "length": "", "in_cordon": false, "dir_kind": ""}}, {"type": "Feature", "geometry": {"type": "Point", "coordinates": [141.352699, 43.048641]}, "properties": {"code": "63", "kind": "一時停止", "shape": "1", "route": "", "crossing": "", "speed": "", "n_lanes": "", "length": "", "in_cordon": false, "dir_kind": ""}}, {"type": "Feature", "geometry": {"type": "Point", "coordinates": [141.356854, 43.048522]}, "properties": {"code": "63", "kind": "一時停止", "shape": "1", "route": "", "crossing": "", "speed": "", "n_lanes": "", "length": "", "in_cordon": false, "dir_kind": ""}}, {"type": "Feature", "geometry": {"type": "Point", "coordinates": [141.35188, 43.04798]}, "properties": {"code": "63", "kind": "一時停止", "shape": "1", "route": "", "crossing": "", "speed": "", "n_lanes": "", "length": "", "in_cordon": false, "dir_kind": ""}}, {"type": "Feature", "geometry": {"type": "Point", "coordinates": [141.344322, 43.046563]}, "properties": {"code": "63", "kind": "一時停止", "shape": "1", "route": "", "crossing": "", "speed": "", "n_lanes": "", "length": "", "in_cordon": false, "dir_kind": ""}}, {"type": "Feature", "geometry": {"type": "Point", "coordinates": [141.353021, 43.047444]}, "properties": {"code": "63", "kind": "一時停止", "shape": "1", "route": "", "crossing": "", "speed": "", "n_lanes": "", "length": "", "in_cordon": false, "dir_kind": ""}}, {"type": "Feature", "geometry": {"type": "Point", "coordinates": [141.346211, 43.047349]}, "properties": {"code": "63", "kind": "一時停止", "shape": "1", "route": "", "crossing": "", "speed": "", "n_lanes": "", "length": "", "in_cordon": false, "dir_kind": ""}}, {"type": "Feature", "geometry": {"type": "Point", "coordinates": [141.349933, 43.047388]}, "properties": {"code": "63", "kind": "一時停止", "shape": "1", "route": "", "crossing": "", "speed": "", "n_lanes": "", "length": "", "in_cordon": false, "dir_kind": ""}}, {"type": "Feature", "geometry": {"type": "Point", "coordinates": [141.346292, 43.046699]}, "properties": {"code": "63", "kind": "一時停止", "shape": "1", "route": "", "crossing": "", "speed": "", "n_lanes": "", "length": "", "in_cordon": false, "dir_kind": ""}}, {"type": "Feature", "geometry": {"type": "Point", "coordinates": [141.341348, 43.047035]}, "properties": {"code": "63", "kind": "一時停止", "shape": "1", "route": "", "crossing": "", "speed": "", "n_lanes": "", "length": "", "in_cordon": false, "dir_kind": ""}}, {"type": "Feature", "geometry": {"type": "Point", "coordinates": [141.339389, 43.046908]}, "properties": {"code": "63", "kind": "一時停止", "shape": "1", "route": "", "crossing": "", "speed": "", "n_lanes": "", "length": "", "in_cordon": false, "dir_kind": ""}}, {"type": "Feature", "geometry": {"type": "Point", "coordinates": [141.337289, 43.047421]}, "properties": {"code": "63", "kind": "一時停止", "shape": "1", "route": "", "crossing": "", "speed": "", "n_lanes": "", "length": "", "in_cordon": false, "dir_kind": ""}}, {"type": "Feature", "geometry": {"type": "Point", "coordinates": [141.342903, 43.046472]}, "properties": {"code": "63", "kind": "一時停止", "shape": "1", "route": "", "crossing": "", "speed": "", "n_lanes": "", "length": "", "in_cordon": false, "dir_kind": ""}}, {"type": "Feature", "geometry": {"type": "Point", "coordinates": [141.339487, 43.046241]}, "properties": {"code": "63", "kind": "一時停止", "shape": "1", "route": "", "crossing": "", "speed": "", "n_lanes": "", "length": "", "in_cordon": false, "dir_kind": ""}}, {"type": "Feature", "geometry": {"type": "Point", "coordinates": [141.342845, 43.046933]}, "properties": {"code": "63", "kind": "一時停止", "shape": "1", "route": "", "crossing": "", "speed": "", "n_lanes": "", "length": "", "in_cordon": false, "dir_kind": ""}}, {"type": "Feature", "geometry": {"type": "Point", "coordinates": [141.342811, 43.047124]}, "properties": {"code": "63", "kind": "一時停止", "shape": "1", "route": "", "crossing": "", "speed": "", "n_lanes": "", "length": "", "in_cordon": false, "dir_kind": ""}}, {"type": "Feature", "geometry": {"type": "Point", "coordinates": [141.34127, 43.047699]}, "properties": {"code": "63", "kind": "一時停止", "shape": "1", "route": "", "crossing": "", "speed": "", "n_lanes": "", "length": "", "in_cordon": false, "dir_kind": ""}}, {"type": "Feature", "geometry": {"type": "Point", "coordinates": [141.345271, 43.068422]}, "properties": {"code": "63", "kind": "一時停止", "shape": "1", "route": "", "crossing": "", "speed": "", "n_lanes": "", "length": "", "in_cordon": false, "dir_kind": ""}}, {"type": "Feature", "geometry": {"type": "Point", "coordinates": [141.345115, 43.068986]}, "properties": {"code": "63", "kind": "一時停止", "shape": "1", "route": "", "crossing": "", "speed": "", "n_lanes": "", "length": "", "in_cordon": false, "dir_kind": ""}}, {"type": "Feature", "geometry": {"type": "Point", "coordinates": [141.346657, 43.069194]}, "properties": {"code": "63", "kind": "一時停止", "shape": "1", "route": "", "crossing": "", "speed": "", "n_lanes": "", "length": "", "in_cordon": false, "dir_kind": ""}}, {"type": "Feature", "geometry": {"type": "Point", "coordinates": [141.348201, 43.06943]}, "properties": {"code": "63", "kind": "一時停止", "shape": "1", "route": "", "crossing": "", "speed": "", "n_lanes": "", "length": "", "in_cordon": false, "dir_kind": ""}}, {"type": "Feature", "geometry": {"type": "Point", "coordinates": [141.34171, 43.068172]}, "properties": {"code": "63", "kind": "一時停止", "shape": "1", "route": "", "crossing": "", "speed": "", "n_lanes": "", "length": "", "in_cordon": false, "dir_kind": ""}}, {"type": "Feature", "geometry": {"type": "Point", "coordinates": [141.351326, 43.069855]}, "properties": {"code": "63", "kind": "一時停止", "shape": "1", "route": "", "crossing": "", "speed": "", "n_lanes": "", "length": "", "in_cordon": false, "dir_kind": ""}}, {"type": "Feature", "geometry": {"type": "Point", "coordinates": [141.35292, 43.070064]}, "properties": {"code": "63", "kind": "一時停止", "shape": "1", "route": "", "crossing": "", "speed": "", "n_lanes": "", "length": "", "in_cordon": false, "dir_kind": ""}}, {"type": "Feature", "geometry": {"type": "Point", "coordinates": [141.345471, 43.067539]}, "properties": {"code": "63", "kind": "一時停止", "shape": "1", "route": "", "crossing": "", "speed": "", "n_lanes": "", "length": "", "in_cordon": false, "dir_kind": ""}}, {"type": "Feature", "geometry": {"type": "Point", "coordinates": [141.34696, 43.068042]}, "properties": {"code": "63", "kind": "一時停止", "shape": "1", "route": "", "crossing": "", "speed": "", "n_lanes": "", "length": "", "in_cordon": false, "dir_kind": ""}}, {"type": "Feature", "geometry": {"type": "Point", "coordinates": [141.349504, 43.070761]}, "properties": {"code": "63", "kind": "一時停止", "shape": "1", "route": "", "crossing": "", "speed": "", "n_lanes": "", "length": "", "in_cordon": false, "dir_kind": ""}}, {"type": "Feature", "geometry": {"type": "Point", "coordinates": [141.346371, 43.070333]}, "properties": {"code": "63", "kind": "一時停止", "shape": "1", "route": "", "crossing": "", "speed": "", "n_lanes": "", "length": "", "in_cordon": false, "dir_kind": ""}}, {"type": "Feature", "geometry": {"type": "Point", "coordinates": [141.347923, 43.070544]}, "properties": {"code": "63", "kind": "一時停止", "shape": "1", "route": "", "crossing": "", "speed": "", "n_lanes": "", "length": "", "in_cordon": false, "dir_kind": ""}}, {"type": "Feature", "geometry": {"type": "Point", "coordinates": [141.339219, 43.067844]}, "properties": {"code": "63", "kind": "一時停止", "shape": "1", "route": "", "crossing": "", "speed": "", "n_lanes": "", "length": "", "in_cordon": false, "dir_kind": ""}}, {"type": "Feature", "geometry": {"type": "Point", "coordinates": [141.344218, 43.067814]}, "properties": {"code": "63", "kind": "一時停止", "shape": "1", "route": "", "crossing": "", "speed": "", "n_lanes": "", "length": "", "in_cordon": false, "dir_kind": ""}}, {"type": "Feature", "geometry": {"type": "Point", "coordinates": [141.344277, 43.067919]}, "properties": {"code": "63", "kind": "一時停止", "shape": "1", "route": "", "crossing": "", "speed": "", "n_lanes": "", "length": "", "in_cordon": false, "dir_kind": ""}}, {"type": "Feature", "geometry": {"type": "Point", "coordinates": [141.36494, 43.050516]}, "properties": {"code": "63", "kind": "一時停止", "shape": "1", "route": "", "crossing": "", "speed": "", "n_lanes": "", "length": "", "in_cordon": false, "dir_kind": ""}}, {"type": "Feature", "geometry": {"type": "Point", "coordinates": [141.364976, 43.05168]}, "properties": {"code": "63", "kind": "一時停止", "shape": "1", "route": "", "crossing": "", "speed": "", "n_lanes": "", "length": "", "in_cordon": false, "dir_kind": ""}}, {"type": "Feature", "geometry": {"type": "Point", "coordinates": [141.364595, 43.054008]}, "properties": {"code": "63", "kind": "一時停止", "shape": "1", "route": "", "crossing": "", "speed": "", "n_lanes": "", "length": "", "in_cordon": false, "dir_kind": ""}}, {"type": "Feature", "geometry": {"type": "Point", "coordinates": [141.363698, 43.049975]}, "properties": {"code": "63", "kind": "一時停止", "shape": "1", "route": "", "crossing": "", "speed": "", "n_lanes": "", "length": "", "in_cordon": false, "dir_kind": ""}}, {"type": "Feature", "geometry": {"type": "Point", "coordinates": [141.364551, 43.054235]}, "properties": {"code": "63", "kind": "一時停止", "shape": "1", "route": "", "crossing": "", "speed": "", "n_lanes": "", "length": "", "in_cordon": false, "dir_kind": ""}}, {"type": "Feature", "geometry": {"type": "Point", "coordinates": [141.366209, 43.054583]}, "properties": {"code": "63", "kind": "一時停止", "shape": "1", "route": "", "crossing": "", "speed": "", "n_lanes": "", "length": "", "in_cordon": false, "dir_kind": ""}}, {"type": "Feature", "geometry": {"type": "Point", "coordinates": [141.365942, 43.05346]}, "properties": {"code": "63", "kind": "一時停止", "shape": "1", "route": "", "crossing": "", "speed": "", "n_lanes": "", "length": "", "in_cordon": false, "dir_kind": ""}}, {"type": "Feature", "geometry": {"type": "Point", "coordinates": [141.365076, 43.052708]}, "properties": {"code": "63", "kind": "一時停止", "shape": "1", "route": "", "crossing": "", "speed": "", "n_lanes": "", "length": "", "in_cordon": false, "dir_kind": ""}}, {"type": "Feature", "geometry": {"type": "Point", "coordinates": [141.365342, 43.053816]}, "properties": {"code": "63", "kind": "一時停止", "shape": "1", "route": "", "crossing": "", "speed": "", "n_lanes": "", "length": "", "in_cordon": false, "dir_kind": ""}}, {"type": "Feature", "geometry": {"type": "Point", "coordinates": [141.363032, 43.049122]}, "properties": {"code": "63", "kind": "一時停止", "shape": "1", "route": "", "crossing": "", "speed": "", "n_lanes": "", "length": "", "in_cordon": false, "dir_kind": ""}}, {"type": "Feature", "geometry": {"type": "Point", "coordinates": [141.363265, 43.049997]}, "properties": {"code": "63", "kind": "一時停止", "shape": "1", "route": "", "crossing": "", "speed": "", "n_lanes": "", "length": "", "in_cordon": false, "dir_kind": ""}}, {"type": "Feature", "geometry": {"type": "Point", "coordinates": [141.362856, 43.068995]}, "properties": {"code": "63", "kind": "一時停止", "shape": "1", "route": "", "crossing": "", "speed": "", "n_lanes": "", "length": "", "in_cordon": false, "dir_kind": ""}}, {"type": "Feature", "geometry": {"type": "Point", "coordinates": [141.357037, 43.0686]}, "properties": {"code": "63", "kind": "一時停止", "shape": "1", "route": "", "crossing": "", "speed": "", "n_lanes": "", "length": "", "in_cordon": false, "dir_kind": ""}}, {"type": "Feature", "geometry": {"type": "Point", "coordinates": [141.349787, 43.069641]}, "properties": {"code": "63", "kind": "一時停止", "shape": "1", "route": "", "crossing": "", "speed": "", "n_lanes": "", "length": "", "in_cordon": false, "dir_kind": ""}}, {"type": "Feature", "geometry": {"type": "Point", "coordinates": [141.362755, 43.0696]}, "properties": {"code": "63", "kind": "一時停止", "shape": "1", "route": "", "crossing": "", "speed": "", "n_lanes": "", "length": "", "in_cordon": false, "dir_kind": ""}}, {"type": "Feature", "geometry": {"type": "Point", "coordinates": [141.360651, 43.054188]}, "properties": {"code": "63", "kind": "一時停止", "shape": "1", "route": "", "crossing": "", "speed": "", "n_lanes": "", "length": "", "in_cordon": true, "dir_kind": ""}}, {"type": "Feature", "geometry": {"type": "Point", "coordinates": [141.358225, 43.070386]}, "properties": {"code": "63", "kind": "一時停止", "shape": "1", "route": "", "crossing": "", "speed": "", "n_lanes": "", "length": "", "in_cordon": false, "dir_kind": ""}}, {"type": "Feature", "geometry": {"type": "Point", "coordinates": [141.339972, 43.053615]}, "properties": {"code": "63", "kind": "一時停止", "shape": "1", "route": "", "crossing": "", "speed": "", "n_lanes": "", "length": "", "in_cordon": false, "dir_kind": ""}}, {"type": "Feature", "geometry": {"type": "Point", "coordinates": [141.339036, 43.049743]}, "properties": {"code": "63", "kind": "一時停止", "shape": "1", "route": "", "crossing": "", "speed": "", "n_lanes": "", "length": "", "in_cordon": false, "dir_kind": ""}}, {"type": "Feature", "geometry": {"type": "Point", "coordinates": [141.338992, 43.050074]}, "properties": {"code": "63", "kind": "一時停止", "shape": "1", "route": "", "crossing": "", "speed": "", "n_lanes": "", "length": "", "in_cordon": false, "dir_kind": ""}}, {"type": "Feature", "geometry": {"type": "Point", "coordinates": [141.336689, 43.052271]}, "properties": {"code": "63", "kind": "一時停止", "shape": "1", "route": "", "crossing": "", "speed": "", "n_lanes": "", "length": "", "in_cordon": false, "dir_kind": ""}}, {"type": "Feature", "geometry": {"type": "Point", "coordinates": [141.341056, 43.04941]}, "properties": {"code": "63", "kind": "一時停止", "shape": "1", "route": "", "crossing": "", "speed": "", "n_lanes": "", "length": "", "in_cordon": false, "dir_kind": ""}}, {"type": "Feature", "geometry": {"type": "Point", "coordinates": [141.342972, 43.045813]}, "properties": {"code": "63", "kind": "一時停止", "shape": "1", "route": "", "crossing": "", "speed": "", "n_lanes": "", "length": "", "in_cordon": false, "dir_kind": ""}}, {"type": "Feature", "geometry": {"type": "Point", "coordinates": [141.34152, 43.045702]}, "properties": {"code": "63", "kind": "一時停止", "shape": "1", "route": "", "crossing": "", "speed": "", "n_lanes": "", "length": "", "in_cordon": false, "dir_kind": ""}}, {"type": "Feature", "geometry": {"type": "Point", "coordinates": [141.339559, 43.045569]}, "properties": {"code": "63", "kind": "一時停止", "shape": "1", "route": "", "crossing": "", "speed": "", "n_lanes": "", "length": "", "in_cordon": false, "dir_kind": ""}}, {"type": "Feature", "geometry": {"type": "Point", "coordinates": [141.342621, 43.065689]}, "properties": {"code": "63", "kind": "一時停止", "shape": "1", "route": "", "crossing": "", "speed": "", "n_lanes": "", "length": "", "in_cordon": true, "dir_kind": ""}}, {"type": "Feature", "geometry": {"type": "Point", "coordinates": [141.339685, 43.064708]}, "properties": {"code": "63", "kind": "一時停止", "shape": "1", "route": "", "crossing": "", "speed": "", "n_lanes": "", "length": "", "in_cordon": true, "dir_kind": ""}}, {"type": "Feature", "geometry": {"type": "Point", "coordinates": [141.335233, 43.063561]}, "properties": {"code": "63", "kind": "一時停止", "shape": "1", "route": "", "crossing": "", "speed": "", "n_lanes": "", "length": "", "in_cordon": false, "dir_kind": ""}}, {"type": "Feature", "geometry": {"type": "Point", "coordinates": [141.335189, 43.063369]}, "properties": {"code": "63", "kind": "一時停止", "shape": "1", "route": "", "crossing": "", "speed": "", "n_lanes": "", "length": "", "in_cordon": false, "dir_kind": ""}}, {"type": "Feature", "geometry": {"type": "Point", "coordinates": [141.343688, 43.055446]}, "properties": {"code": "63", "kind": "一時停止", "shape": "1", "route": "", "crossing": "", "speed": "", "n_lanes": "", "length": "", "in_cordon": true, "dir_kind": ""}}, {"type": "Feature", "geometry": {"type": "Point", "coordinates": [141.352238, 43.053674]}, "properties": {"code": "63", "kind": "一時停止", "shape": "1", "route": "", "crossing": "", "speed": "", "n_lanes": "", "length": "", "in_cordon": true, "dir_kind": ""}}, {"type": "Feature", "geometry": {"type": "Point", "coordinates": [141.341277, 43.061806]}, "properties": {"code": "63", "kind": "一時停止", "shape": "1", "route": "", "crossing": "", "speed": "", "n_lanes": "", "length": "", "in_cordon": true, "dir_kind": ""}}, {"type": "Feature", "geometry": {"type": "Point", "coordinates": [141.341594, 43.060712]}, "properties": {"code": "63", "kind": "一時停止", "shape": "1", "route": "", "crossing": "", "speed": "", "n_lanes": "", "length": "", "in_cordon": true, "dir_kind": ""}}, {"type": "Feature", "geometry": {"type": "Point", "coordinates": [141.352401, 43.058957]}, "properties": {"code": "85", "kind": "横断歩道", "shape": "1", "route": "", "crossing": "", "speed": "", "n_lanes": "", "length": "", "in_cordon": true, "dir_kind": ""}}, {"type": "Feature", "geometry": {"type": "Point", "coordinates": [141.351712, 43.06202]}, "properties": {"code": "85", "kind": "横断歩道", "shape": "1", "route": "", "crossing": "", "speed": "", "n_lanes": "", "length": "", "in_cordon": true, "dir_kind": ""}}, {"type": "Feature", "geometry": {"type": "Point", "coordinates": [141.350526, 43.066756]}, "properties": {"code": "85", "kind": "横断歩道", "shape": "1", "route": "", "crossing": "", "speed": "", "n_lanes": "", "length": "", "in_cordon": true, "dir_kind": ""}}, {"type": "Feature", "geometry": {"type": "Point", "coordinates": [141.353262, 43.062165]}, "properties": {"code": "85", "kind": "横断歩道", "shape": "1", "route": "", "crossing": "", "speed": "", "n_lanes": "", "length": "", "in_cordon": true, "dir_kind": ""}}, {"type": "Feature", "geometry": {"type": "Point", "coordinates": [141.354874, 43.055827]}, "properties": {"code": "85", "kind": "横断歩道", "shape": "1", "route": "", "crossing": "", "speed": "", "n_lanes": "", "length": "", "in_cordon": true, "dir_kind": ""}}, {"type": "Feature", "geometry": {"type": "Point", "coordinates": [141.354032, 43.059146]}, "properties": {"code": "85", "kind": "横断歩道", "shape": "1", "route": "", "crossing": "", "speed": "", "n_lanes": "", "length": "", "in_cordon": true, "dir_kind": ""}}, {"type": "Feature", "geometry": {"type": "Point", "coordinates": [141.350126, 43.061823]}, "properties": {"code": "85", "kind": "横断歩道", "shape": "1", "route": "", "crossing": "", "speed": "", "n_lanes": "", "length": "", "in_cordon": true, "dir_kind": ""}}, {"type": "Feature", "geometry": {"type": "Point", "coordinates": [141.340783, 43.060506]}, "properties": {"code": "85", "kind": "横断歩道", "shape": "1", "route": "", "crossing": "", "speed": "", "n_lanes": "", "length": "", "in_cordon": true, "dir_kind": ""}}, {"type": "Feature", "geometry": {"type": "Point", "coordinates": [141.353327, 43.055643]}, "properties": {"code": "85", "kind": "横断歩道", "shape": "1", "route": "", "crossing": "", "speed": "", "n_lanes": "", "length": "", "in_cordon": true, "dir_kind": ""}}, {"type": "Feature", "geometry": {"type": "Point", "coordinates": [141.355593, 43.059357]}, "properties": {"code": "85", "kind": "横断歩道", "shape": "1", "route": "", "crossing": "", "speed": "", "n_lanes": "", "length": "", "in_cordon": true, "dir_kind": ""}}, {"type": "Feature", "geometry": {"type": "Point", "coordinates": [141.348574, 43.054976]}, "properties": {"code": "85", "kind": "横断歩道", "shape": "1", "route": "", "crossing": "", "speed": "", "n_lanes": "", "length": "", "in_cordon": true, "dir_kind": ""}}, {"type": "Feature", "geometry": {"type": "Point", "coordinates": [141.342264, 43.051777]}, "properties": {"code": "85", "kind": "横断歩道", "shape": "1", "route": "", "crossing": "", "speed": "", "n_lanes": "", "length": "", "in_cordon": false, "dir_kind": ""}}, {"type": "Feature", "geometry": {"type": "Point", "coordinates": [141.34896, 43.066547]}, "properties": {"code": "85", "kind": "横断歩道", "shape": "1", "route": "", "crossing": "", "speed": "", "n_lanes": "", "length": "", "in_cordon": true, "dir_kind": ""}}, {"type": "Feature", "geometry": {"type": "Point", "coordinates": [141.358431, 43.062895]}, "properties": {"code": "85", "kind": "横断歩道", "shape": "1", "route": "", "crossing": "", "speed": "", "n_lanes": "", "length": "", "in_cordon": true, "dir_kind": ""}}, {"type": "Feature", "geometry": {"type": "Point", "coordinates": [141.347004, 43.061414]}, "properties": {"code": "85", "kind": "横断歩道", "shape": "1", "route": "", "crossing": "", "speed": "", "n_lanes": "", "length": "", "in_cordon": true, "dir_kind": ""}}, {"type": "Feature", "geometry": {"type": "Point", "coordinates": [141.350913, 43.058734]}, "properties": {"code": "85", "kind": "横断歩道", "shape": "1", "route": "", "crossing": "", "speed": "", "n_lanes": "", "length": "", "in_cordon": true, "dir_kind": ""}}, {"type": "Feature", "geometry": {"type": "Point", "coordinates": [141.341325, 43.057415]}, "properties": {"code": "85", "kind": "横断歩道", "shape": "1", "route": "", "crossing": "", "speed": "", "n_lanes": "", "length": "", "in_cordon": true, "dir_kind": ""}}, {"type": "Feature", "geometry": {"type": "Point", "coordinates": [141.356485, 43.056102]}, "properties": {"code": "85", "kind": "横断歩道", "shape": "1", "route": "", "crossing": "", "speed": "", "n_lanes": "", "length": "", "in_cordon": true, "dir_kind": ""}}, {"type": "Feature", "geometry": {"type": "Point", "coordinates": [141.354823, 43.062376]}, "properties": {"code": "85", "kind": "横断歩道", "shape": "1", "route": "", "crossing": "", "speed": "", "n_lanes": "", "length": "", "in_cordon": true, "dir_kind": ""}}, {"type": "Feature", "geometry": {"type": "Point", "coordinates": [141.354312, 43.064756]}, "properties": {"code": "85", "kind": "横断歩道", "shape": "1", "route": "", "crossing": "", "speed": "", "n_lanes": "", "length": "", "in_cordon": true, "dir_kind": ""}}, {"type": "Feature", "geometry": {"type": "Point", "coordinates": [141.357793, 43.057315]}, "properties": {"code": "85", "kind": "横断歩道", "shape": "1", "route": "", "crossing": "", "speed": "", "n_lanes": "", "length": "", "in_cordon": true, "dir_kind": ""}}, {"type": "Feature", "geometry": {"type": "Point", "coordinates": [141.354282, 43.058007]}, "properties": {"code": "85", "kind": "横断歩道", "shape": "1", "route": "", "crossing": "", "speed": "", "n_lanes": "", "length": "", "in_cordon": true, "dir_kind": ""}}, {"type": "Feature", "geometry": {"type": "Point", "coordinates": [141.352851, 43.057185]}, "properties": {"code": "85", "kind": "横断歩道", "shape": "1", "route": "", "crossing": "", "speed": "", "n_lanes": "", "length": "", "in_cordon": true, "dir_kind": ""}}, {"type": "Feature", "geometry": {"type": "Point", "coordinates": [141.33961, 43.065267]}, "properties": {"code": "85", "kind": "横断歩道", "shape": "1", "route": "", "crossing": "", "speed": "", "n_lanes": "", "length": "", "in_cordon": true, "dir_kind": ""}}, {"type": "Feature", "geometry": {"type": "Point", "coordinates": [141.356281, 43.065034]}, "properties": {"code": "85", "kind": "横断歩道", "shape": "1", "route": "", "crossing": "", "speed": "", "n_lanes": "", "length": "", "in_cordon": true, "dir_kind": ""}}, {"type": "Feature", "geometry": {"type": "Point", "coordinates": [141.355873, 43.064984]}, "properties": {"code": "85", "kind": "横断歩道", "shape": "1", "route": "", "crossing": "", "speed": "", "n_lanes": "", "length": "", "in_cordon": true, "dir_kind": ""}}, {"type": "Feature", "geometry": {"type": "Point", "coordinates": [141.361592, 43.056746]}, "properties": {"code": "85", "kind": "横断歩道", "shape": "1", "route": "", "crossing": "", "speed": "", "n_lanes": "", "length": "", "in_cordon": false, "dir_kind": ""}}, {"type": "Feature", "geometry": {"type": "Point", "coordinates": [141.350829, 43.065564]}, "properties": {"code": "85", "kind": "横断歩道", "shape": "1", "route": "", "crossing": "", "speed": "", "n_lanes": "", "length": "", "in_cordon": true, "dir_kind": ""}}, {"type": "Feature", "geometry": {"type": "Point", "coordinates": [141.341994, 43.054376]}, "properties": {"code": "85", "kind": "横断歩道", "shape": "1", "route": "", "crossing": "", "speed": "", "n_lanes": "", "length": "", "in_cordon": true, "dir_kind": ""}}, {"type": "Feature", "geometry": {"type": "Point", "coordinates": [141.352712, 43.064534]}, "properties": {"code": "85", "kind": "横断歩道", "shape": "1", "route": "", "crossing": "", "speed": "", "n_lanes": "", "length": "", "in_cordon": true, "dir_kind": ""}}, {"type": "Feature", "geometry": {"type": "Point", "coordinates": [141.351763, 43.055426]}, "properties": {"code": "85", "kind": "横断歩道", "shape": "1", "route": "", "crossing": "", "speed": "", "n_lanes": "", "length": "", "in_cordon": true, "dir_kind": ""}}, {"type": "Feature", "geometry": {"type": "Point", "coordinates": [141.333325, 43.064344]}, "properties": {"code": "85", "kind": "横断歩道", "shape": "1", "route": "", "crossing": "", "speed": "", "n_lanes": "", "length": "", "in_cordon": false, "dir_kind": ""}}, {"type": "Feature", "geometry": {"type": "Point", "coordinates": [141.356431, 43.062681]}, "properties": {"code": "85", "kind": "横断歩道", "shape": "1", "route": "", "crossing": "", "speed": "", "n_lanes": "", "length": "", "in_cordon": true, "dir_kind": ""}}, {"type": "Feature", "geometry": {"type": "Point", "coordinates": [141.355293, 43.060507]}, "properties": {"code": "85", "kind": "横断歩道", "shape": "1", "route": "", "crossing": "", "speed": "", "n_lanes": "", "length": "", "in_cordon": true, "dir_kind": ""}}, {"type": "Feature", "geometry": {"type": "Point", "coordinates": [141.353723, 43.060307]}, "properties": {"code": "85", "kind": "横断歩道", "shape": "1", "route": "", "crossing": "", "speed": "", "n_lanes": "", "length": "", "in_cordon": true, "dir_kind": ""}}, {"type": "Feature", "geometry": {"type": "Point", "coordinates": [141.351343, 43.056976]}, "properties": {"code": "85", "kind": "横断歩道", "shape": "1", "route": "", "crossing": "", "speed": "", "n_lanes": "", "length": "", "in_cordon": true, "dir_kind": ""}}, {"type": "Feature", "geometry": {"type": "Point", "coordinates": [141.350782, 43.052785]}, "properties": {"code": "85", "kind": "横断歩道", "shape": "1", "route": "", "crossing": "", "speed": "", "n_lanes": "", "length": "", "in_cordon": true, "dir_kind": ""}}, {"type": "Feature", "geometry": {"type": "Point", "coordinates": [141.352332, 43.065756]}, "properties": {"code": "85", "kind": "横断歩道", "shape": "1", "route": "", "crossing": "", "speed": "", "n_lanes": "", "length": "", "in_cordon": true, "dir_kind": ""}}, {"type": "Feature", "geometry": {"type": "Point", "coordinates": [141.357851, 43.065226]}, "properties": {"code": "85", "kind": "横断歩道", "shape": "1", "route": "", "crossing": "", "speed": "", "n_lanes": "", "length": "", "in_cordon": true, "dir_kind": ""}}, {"type": "Feature", "geometry": {"type": "Point", "coordinates": [141.355482, 43.05348]}, "properties": {"code": "85", "kind": "横断歩道", "shape": "1", "route": "", "crossing": "", "speed": "", "n_lanes": "", "length": "", "in_cordon": true, "dir_kind": ""}}, {"type": "Feature", "geometry": {"type": "Point", "coordinates": [141.335284, 43.056584]}, "properties": {"code": "85", "kind": "横断歩道", "shape": "1", "route": "", "crossing": "", "speed": "", "n_lanes": "", "length": "", "in_cordon": false, "dir_kind": ""}}, {"type": "Feature", "geometry": {"type": "Point", "coordinates": [141.359981, 43.063095]}, "properties": {"code": "85", "kind": "横断歩道", "shape": "1", "route": "", "crossing": "", "speed": "", "n_lanes": "", "length": "", "in_cordon": false, "dir_kind": ""}}, {"type": "Feature", "geometry": {"type": "Point", "coordinates": [141.353874, 43.053207]}, "properties": {"code": "85", "kind": "横断歩道", "shape": "1", "route": "", "crossing": "", "speed": "", "n_lanes": "", "length": "", "in_cordon": true, "dir_kind": ""}}, {"type": "Feature", "geometry": {"type": "Point", "coordinates": [141.352143, 43.060076]}, "properties": {"code": "85", "kind": "横断歩道", "shape": "1", "route": "", "crossing": "", "speed": "", "n_lanes": "", "length": "", "in_cordon": true, "dir_kind": ""}}, {"type": "Feature", "geometry": {"type": "Point", "coordinates": [141.358526, 43.056377]}, "properties": {"code": "85", "kind": "横断歩道", "shape": "1", "route": "", "crossing": "", "speed": "", "n_lanes": "", "length": "", "in_cordon": true, "dir_kind": ""}}, {"type": "Feature", "geometry": {"type": "Point", "coordinates": [141.358073, 43.056285]}, "properties": {"code": "85", "kind": "横断歩道", "shape": "1", "route": "", "crossing": "", "speed": "", "n_lanes": "", "length": "", "in_cordon": true, "dir_kind": ""}}, {"type": "Feature", "geometry": {"type": "Point", "coordinates": [141.356006, 43.066278]}, "properties": {"code": "85", "kind": "横断歩道", "shape": "1", "route": "", "crossing": "", "speed": "", "n_lanes": "", "length": "", "in_cordon": true, "dir_kind": ""}}, {"type": "Feature", "geometry": {"type": "Point", "coordinates": [141.355581, 43.066195]}, "properties": {"code": "85", "kind": "横断歩道", "shape": "1", "route": "", "crossing": "", "speed": "", "n_lanes": "", "length": "", "in_cordon": true, "dir_kind": ""}}, {"type": "Feature", "geometry": {"type": "Point", "coordinates": [141.351412, 43.063176]}, "properties": {"code": "85", "kind": "横断歩道", "shape": "1", "route": "", "crossing": "", "speed": "", "n_lanes": "", "length": "", "in_cordon": true, "dir_kind": ""}}, {"type": "Feature", "geometry": {"type": "Point", "coordinates": [141.341033, 43.059384]}, "properties": {"code": "85", "kind": "横断歩道", "shape": "1", "route": "", "crossing": "", "speed": "", "n_lanes": "", "length": "", "in_cordon": true, "dir_kind": ""}}, {"type": "Feature", "geometry": {"type": "Point", "coordinates": [141.355043, 43.061245]}, "properties": {"code": "85", "kind": "横断歩道", "shape": "1", "route": "", "crossing": "", "speed": "", "n_lanes": "", "length": "", "in_cordon": true, "dir_kind": ""}}, {"type": "Feature", "geometry": {"type": "Point", "coordinates": [141.345824, 43.066033]}, "properties": {"code": "85", "kind": "横断歩道", "shape": "1", "route": "", "crossing": "", "speed": "", "n_lanes": "", "length": "", "in_cordon": true, "dir_kind": ""}}, {"type": "Feature", "geometry": {"type": "Point", "coordinates": [141.351974, 43.060865]}, "properties": {"code": "85", "kind": "横断歩道", "shape": "1", "route": "", "crossing": "", "speed": "", "n_lanes": "", "length": "", "in_cordon": true, "dir_kind": ""}}, {"type": "Feature", "geometry": {"type": "Point", "coordinates": [141.353512, 43.061115]}, "properties": {"code": "85", "kind": "横断歩道", "shape": "1", "route": "", "crossing": "", "speed": "", "n_lanes": "", "length": "", "in_cordon": true, "dir_kind": ""}}, {"type": "Feature", "geometry": {"type": "Point", "coordinates": [141.357201, 43.059607]}, "properties": {"code": "85", "kind": "横断歩道", "shape": "1", "route": "", "crossing": "", "speed": "", "n_lanes": "", "length": "", "in_cordon": true, "dir_kind": ""}}, {"type": "Feature", "geometry": {"type": "Point", "coordinates": [141.352393, 43.052996]}, "properties": {"code": "85", "kind": "横断歩道", "shape": "1", "route": "", "crossing": "", "speed": "", "n_lanes": "", "length": "", "in_cordon": true, "dir_kind": ""}}, {"type": "Feature", "geometry": {"type": "Point", "coordinates": [141.352124, 43.054177]}, "properties": {"code": "85", "kind": "横断歩道", "shape": "1", "route": "", "crossing": "", "speed": "", "n_lanes": "", "length": "", "in_cordon": true, "dir_kind": ""}}, {"type": "Feature", "geometry": {"type": "Point", "coordinates": [141.355174, 43.054557]}, "properties": {"code": "85", "kind": "横断歩道", "shape": "1", "route": "", "crossing": "", "speed": "", "n_lanes": "", "length": "", "in_cordon": true, "dir_kind": ""}}, {"type": "Feature", "geometry": {"type": "Point", "coordinates": [141.336463, 43.064825]}, "properties": {"code": "85", "kind": "横断歩道", "shape": "1", "route": "", "crossing": "", "speed": "", "n_lanes": "", "length": "", "in_cordon": false, "dir_kind": ""}}, {"type": "Feature", "geometry": {"type": "Point", "coordinates": [141.356651, 43.063865]}, "properties": {"code": "85", "kind": "横断歩道", "shape": "1", "route": "", "crossing": "", "speed": "", "n_lanes": "", "length": "", "in_cordon": true, "dir_kind": ""}}, {"type": "Feature", "geometry": {"type": "Point", "coordinates": [141.356142, 43.063784]}, "properties": {"code": "85", "kind": "横断歩道", "shape": "1", "route": "", "crossing": "", "speed": "", "n_lanes": "", "length": "", "in_cordon": true, "dir_kind": ""}}, {"type": "Feature", "geometry": {"type": "Point", "coordinates": [141.346129, 43.064931]}, "properties": {"code": "85", "kind": "横断歩道", "shape": "1", "route": "", "crossing": "", "speed": "", "n_lanes": "", "length": "", "in_cordon": true, "dir_kind": ""}}, {"type": "Feature", "geometry": {"type": "Point", "coordinates": [141.349193, 43.065306]}, "properties": {"code": "85", "kind": "横断歩道", "shape": "1", "route": "", "crossing": "", "speed": "", "n_lanes": "", "length": "", "in_cordon": true, "dir_kind": ""}}, {"type": "Feature", "geometry": {"type": "Point", "coordinates": [141.347362, 43.066256]}, "properties": {"code": "85", "kind": "横断歩道", "shape": "1", "route": "", "crossing": "", "speed": "", "n_lanes": "", "length": "", "in_cordon": true, "dir_kind": ""}}, {"type": "Feature", "geometry": {"type": "Point", "coordinates": [141.347732, 43.058295]}, "properties": {"code": "85", "kind": "横断歩道", "shape": "1", "route": "", "crossing": "", "speed": "", "n_lanes": "", "length": "", "in_cordon": true, "dir_kind": ""}}, {"type": "Feature", "geometry": {"type": "Point", "coordinates": [141.352951, 43.063356]}, "properties": {"code": "85", "kind": "横断歩道", "shape": "1", "route": "", "crossing": "", "speed": "", "n_lanes": "", "length": "", "in_cordon": true, "dir_kind": ""}}, {"type": "Feature", "geometry": {"type": "Point", "coordinates": [141.359392, 43.065445]}, "properties": {"code": "85", "kind": "横断歩道", "shape": "1", "route": "", "crossing": "", "speed": "", "n_lanes": "", "length": "", "in_cordon": false, "dir_kind": ""}}, {"type": "Feature", "geometry": {"type": "Point", "coordinates": [141.353962, 43.065975]}, "properties": {"code": "85", "kind": "横断歩道", "shape": "1", "route": "", "crossing": "", "speed": "", "n_lanes": "", "length": "", "in_cordon": true, "dir_kind": ""}}, {"type": "Feature", "geometry": {"type": "Point", "coordinates": [141.346432, 43.063736]}, "properties": {"code": "85", "kind": "横断歩道", "shape": "1", "route": "", "crossing": "", "speed": "", "n_lanes": "", "length": "", "in_cordon": true, "dir_kind": ""}}, {"type": "Feature", "geometry": {"type": "Point", "coordinates": [141.337614, 43.060056]}, "properties": {"code": "85", "kind": "横断歩道", "shape": "1", "route": "", "crossing": "", "speed": "", "n_lanes": "", "length": "", "in_cordon": false, "dir_kind": ""}}, {"type": "Feature", "geometry": {"type": "Point", "coordinates": [141.340452, 43.061684]}, "properties": {"code": "85", "kind": "横断歩道", "shape": "1", "route": "", "crossing": "", "speed": "", "n_lanes": "", "length": "", "in_cordon": true, "dir_kind": ""}}, {"type": "Feature", "geometry": {"type": "Point", "coordinates": [141.334503, 43.059664]}, "properties": {"code": "85", "kind": "横断歩道", "shape": "1", "route": "", "crossing": "", "speed": "", "n_lanes": "", "length": "", "in_cordon": false, "dir_kind": ""}}, {"type": "Feature", "geometry": {"type": "Point", "coordinates": [141.350401, 43.060606]}, "properties": {"code": "85", "kind": "横断歩道", "shape": "1", "route": "", "crossing": "", "speed": "", "n_lanes": "", "length": "", "in_cordon": true, "dir_kind": ""}}, {"type": "Feature", "geometry": {"type": "Point", "coordinates": [141.350643, 43.059876]}, "properties": {"code": "85", "kind": "横断歩道", "shape": "1", "route": "", "crossing": "", "speed": "", "n_lanes": "", "length": "", "in_cordon": true, "dir_kind": ""}}, {"type": "Feature", "geometry": {"type": "Point", "coordinates": [141.347243, 43.060165]}, "properties": {"code": "85", "kind": "横断歩道", "shape": "1", "route": "", "crossing": "", "speed": "", "n_lanes": "", "length": "", "in_cordon": true, "dir_kind": ""}}, {"type": "Feature", "geometry": {"type": "Point", "coordinates": [141.345924, 43.059256]}, "properties": {"code": "85", "kind": "横断歩道", "shape": "1", "route": "", "crossing": "", "speed": "", "n_lanes": "", "length": "", "in_cordon": true, "dir_kind": ""}}, {"type": "Feature", "geometry": {"type": "Point", "coordinates": [141.355912, 43.058235]}, "properties": {"code": "85", "kind": "横断歩道", "shape": "1", "route": "", "crossing": "", "speed": "", "n_lanes": "", "length": "", "in_cordon": true, "dir_kind": ""}}, {"type": "Feature", "geometry": {"type": "Point", "coordinates": [141.354474, 43.057415]}, "properties": {"code": "85", "kind": "横断歩道", "shape": "1", "route": "", "crossing": "", "speed": "", "n_lanes": "", "length": "", "in_cordon": true, "dir_kind": ""}}, {"type": "Feature", "geometry": {"type": "Point", "coordinates": [141.353593, 43.054335]}, "properties": {"code": "85", "kind": "横断歩道", "shape": "1", "route": "", "crossing": "", "speed": "", "n_lanes": "", "length": "", "in_cordon": true, "dir_kind": ""}}, {"type": "Feature", "geometry": {"type": "Point", "coordinates": [141.341075, 43.058626]}, "properties": {"code": "85", "kind": "横断歩道", "shape": "1", "route": "", "crossing": "", "speed": "", "n_lanes": "", "length": "", "in_cordon": true, "dir_kind": ""}}, {"type": "Feature", "geometry": {"type": "Point", "coordinates": [141.356173, 43.057085]}, "properties": {"code": "85", "kind": "横断歩道", "shape": "1", "route": "", "crossing": "", "speed": "", "n_lanes": "", "length": "", "in_cordon": true, "dir_kind": ""}}, {"type": "Feature", "geometry": {"type": "Point", "coordinates": [141.357101, 43.053696]}, "properties": {"code": "85", "kind": "横断歩道", "shape": "1", "route": "", "crossing": "", "speed": "", "n_lanes": "", "length": "", "in_cordon": true, "dir_kind": ""}}, {"type": "Feature", "geometry": {"type": "Point", "coordinates": [141.359242, 43.059857]}, "properties": {"code": "85", "kind": "横断歩道", "shape": "1", "route": "", "crossing": "", "speed": "", "n_lanes": "", "length": "", "in_cordon": true, "dir_kind": ""}}, {"type": "Feature", "geometry": {"type": "Point", "coordinates": [141.360751, 43.060057]}, "properties": {"code": "85", "kind": "横断歩道", "shape": "1", "route": "", "crossing": "", "speed": "", "n_lanes": "", "length": "", "in_cordon": false, "dir_kind": ""}}, {"type": "Feature", "geometry": {"type": "Point", "coordinates": [141.348282, 43.055996]}, "properties": {"code": "85", "kind": "横断歩道", "shape": "1", "route": "", "crossing": "", "speed": "", "n_lanes": "", "length": "", "in_cordon": true, "dir_kind": ""}}, {"type": "Feature", "geometry": {"type": "Point", "coordinates": [141.349832, 43.062964]}, "properties": {"code": "85", "kind": "横断歩道", "shape": "1", "route": "", "crossing": "", "speed": "", "n_lanes": "", "length": "", "in_cordon": true, "dir_kind": ""}}, {"type": "Feature", "geometry": {"type": "Point", "coordinates": [141.360062, 43.056516]}, "properties": {"code": "85", "kind": "横断歩道", "shape": "1", "route": "", "crossing": "", "speed": "", "n_lanes": "", "length": "", "in_cordon": true, "dir_kind": ""}}, {"type": "Feature", "geometry": {"type": "Point", "coordinates": [141.356762, 43.054835]}, "properties": {"code": "85", "kind": "横断歩道", "shape": "1", "route": "", "crossing": "", "speed": "", "n_lanes": "", "length": "", "in_cordon": true, "dir_kind": ""}}, {"type": "Feature", "geometry": {"type": "Point", "coordinates": [141.354551, 43.063545]}, "properties": {"code": "85", "kind": "横断歩道", "shape": "1", "route": "", "crossing": "", "speed": "", "n_lanes": "", "length": "", "in_cordon": true, "dir_kind": ""}}, {"type": "Feature", "geometry": {"type": "Point", "coordinates": [141.346083, 43.052146]}, "properties": {"code": "85", "kind": "横断歩道", "shape": "1", "route": "", "crossing": "", "speed": "", "n_lanes": "", "length": "", "in_cordon": true, "dir_kind": ""}}, {"type": "Feature", "geometry": {"type": "Point", "coordinates": [141.345594, 43.052077]}, "properties": {"code": "85", "kind": "横断歩道", "shape": "1", "route": "", "crossing": "", "speed": "", "n_lanes": "", "length": "", "in_cordon": true, "dir_kind": ""}}, {"type": "Feature", "geometry": {"type": "Point", "coordinates": [141.345482, 43.061198]}, "properties": {"code": "85", "kind": "横断歩道", "shape": "1", "route": "", "crossing": "", "speed": "", "n_lanes": "", "length": "", "in_cordon": true, "dir_kind": ""}}, {"type": "Feature", "geometry": {"type": "Point", "coordinates": [141.332664, 43.066694]}, "properties": {"code": "85", "kind": "横断歩道", "shape": "1", "route": "", "crossing": "", "speed": "", "n_lanes": "", "length": "", "in_cordon": false, "dir_kind": ""}}, {"type": "Feature", "geometry": {"type": "Point", "coordinates": [141.36065, 43.066895]}, "properties": {"code": "85", "kind": "横断歩道", "shape": "1", "route": "", "crossing": "", "speed": "", "n_lanes": "", "length": "", "in_cordon": false, "dir_kind": ""}}, {"type": "Feature", "geometry": {"type": "Point", "coordinates": [141.354182, 43.052057]}, "properties": {"code": "85", "kind": "横断歩道", "shape": "1", "route": "", "crossing": "", "speed": "", "n_lanes": "", "length": "", "in_cordon": true, "dir_kind": ""}}, {"type": "Feature", "geometry": {"type": "Point", "coordinates": [141.357509, 43.058493]}, "properties": {"code": "85", "kind": "横断歩道", "shape": "1", "route": "", "crossing": "", "speed": "", "n_lanes": "", "length": "", "in_cordon": true, "dir_kind": ""}}, {"type": "Feature", "geometry": {"type": "Point", "coordinates": [141.334803, 43.058525]}, "properties": {"code": "85", "kind": "横断歩道", "shape": "1", "route": "", "crossing": "", "speed": "", "n_lanes": "", "length": "", "in_cordon": false, "dir_kind": ""}}, {"type": "Feature", "geometry": {"type": "Point", "coordinates": [141.335014, 43.057834]}, "properties": {"code": "85", "kind": "横断歩道", "shape": "1", "route": "", "crossing": "", "speed": "", "n_lanes": "", "length": "", "in_cordon": false, "dir_kind": ""}}, {"type": "Feature", "geometry": {"type": "Point", "coordinates": [141.335833, 43.067113]}, "properties": {"code": "85", "kind": "横断歩道", "shape": "1", "route": "", "crossing": "", "speed": "", "n_lanes": "", "length": "", "in_cordon": false, "dir_kind": ""}}, {"type": "Feature", "geometry": {"type": "Point", "coordinates": [141.358243, 43.057365]}, "properties": {"code": "85", "kind": "横断歩道", "shape": "1", "route": "", "crossing": "", "speed": "", "n_lanes": "", "length": "", "in_cordon": true, "dir_kind": ""}}, {"type": "Feature", "geometry": {"type": "Point", "coordinates": [141.358212, 43.064056]}, "properties": {"code": "85", "kind": "横断歩道", "shape": "1", "route": "", "crossing": "", "speed": "", "n_lanes": "", "length": "", "in_cordon": true, "dir_kind": ""}}, {"type": "Feature", "geometry": {"type": "Point", "coordinates": [141.359681, 43.064265]}, "properties": {"code": "85", "kind": "横断歩道", "shape": "1", "route": "", "crossing": "", "speed": "", "n_lanes": "", "length": "", "in_cordon": false, "dir_kind": ""}}, {"type": "Feature", "geometry": {"type": "Point", "coordinates": [141.341814, 43.055134]}, "properties": {"code": "85", "kind": "横断歩道", "shape": "1", "route": "", "crossing": "", "speed": "", "n_lanes": "", "length": "", "in_cordon": true, "dir_kind": ""}}, {"type": "Feature", "geometry": {"type": "Point", "coordinates": [141.355774, 43.052327]}, "properties": {"code": "85", "kind": "横断歩道", "shape": "1", "route": "", "crossing": "", "speed": "", "n_lanes": "", "length": "", "in_cordon": true, "dir_kind": ""}}, {"type": "Feature", "geometry": {"type": "Point", "coordinates": [141.356074, 43.051066]}, "properties": {"code": "85", "kind": "横断歩道", "shape": "1", "route": "", "crossing": "", "speed": "", "n_lanes": "", "length": "", "in_cordon": false, "dir_kind": ""}}, {"type": "Feature", "geometry": {"type": "Point", "coordinates": [141.343902, 43.060976]}, "properties": {"code": "85", "kind": "横断歩道", "shape": "1", "route": "", "crossing": "", "speed": "", "n_lanes": "", "length": "", "in_cordon": true, "dir_kind": ""}}, {"type": "Feature", "geometry": {"type": "Point", "coordinates": [141.342414, 43.050266]}, "properties": {"code": "85", "kind": "横断歩道", "shape": "1", "route": "", "crossing": "", "speed": "", "n_lanes": "", "length": "", "in_cordon": false, "dir_kind": ""}}, {"type": "Feature", "geometry": {"type": "Point", "coordinates": [141.350163, 43.055207]}, "properties": {"code": "85", "kind": "横断歩道", "shape": "1", "route": "", "crossing": "", "speed": "", "n_lanes": "", "length": "", "in_cordon": true, "dir_kind": ""}}, {"type": "Feature", "geometry": {"type": "Point", "coordinates": [141.348844, 43.053715]}, "properties": {"code": "85", "kind": "横断歩道", "shape": "1", "route": "", "crossing": "", "speed": "", "n_lanes": "", "length": "", "in_cordon": true, "dir_kind": ""}}, {"type": "Feature", "geometry": {"type": "Point", "coordinates": [141.338784, 43.051515]}, "properties": {"code": "85", "kind": "横断歩道", "shape": "1", "route": "", "crossing": "", "speed": "", "n_lanes": "", "length": "", "in_cordon": false, "dir_kind": ""}}, {"type": "Feature", "geometry": {"type": "Point", "coordinates": [141.349433, 43.051427]}, "properties": {"code": "85", "kind": "横断歩道", "shape": "1", "route": "", "crossing": "", "speed": "", "n_lanes": "", "length": "", "in_cordon": true, "dir_kind": ""}}, {"type": "Feature", "geometry": {"type": "Point", "coordinates": [141.357551, 43.066475]}, "properties": {"code": "85", "kind": "横断歩道", "shape": "1", "route": "", "crossing": "", "speed": "", "n_lanes": "", "length": "", "in_cordon": true, "dir_kind": ""}}, {"type": "Feature", "geometry": {"type": "Point", "coordinates": [141.345271, 43.06235]}, "properties": {"code": "85", "kind": "横断歩道", "shape": "1", "route": "", "crossing": "", "speed": "", "n_lanes": "", "length": "", "in_cordon": true, "dir_kind": ""}}, {"type": "Feature", "geometry": {"type": "Point", "coordinates": [141.352682, 43.057807]}, "properties": {"code": "85", "kind": "横断歩道", "shape": "1", "route": "", "crossing": "", "speed": "", "n_lanes": "", "length": "", "in_cordon": true, "dir_kind": ""}}, {"type": "Feature", "geometry": {"type": "Point", "coordinates": [141.358773, 43.055066]}, "properties": {"code": "85", "kind": "横断歩道", "shape": "1", "route": "", "crossing": "", "speed": "", "n_lanes": "", "length": "", "in_cordon": true, "dir_kind": ""}}, {"type": "Feature", "geometry": {"type": "Point", "coordinates": [141.358393, 43.054996]}, "properties": {"code": "85", "kind": "横断歩道", "shape": "1", "route": "", "crossing": "", "speed": "", "n_lanes": "", "length": "", "in_cordon": true, "dir_kind": ""}}, {"type": "Feature", "geometry": {"type": "Point", "coordinates": [141.359812, 43.057615]}, "properties": {"code": "85", "kind": "横断歩道", "shape": "1", "route": "", "crossing": "", "speed": "", "n_lanes": "", "length": "", "in_cordon": true, "dir_kind": ""}}, {"type": "Feature", "geometry": {"type": "Point", "coordinates": [141.361323, 43.057796]}, "properties": {"code": "85", "kind": "横断歩道", "shape": "1", "route": "", "crossing": "", "speed": "", "n_lanes": "", "length": "", "in_cordon": false, "dir_kind": ""}}, {"type": "Feature", "geometry": {"type": "Point", "coordinates": [141.348793, 43.060384]}, "properties": {"code": "85", "kind": "横断歩道", "shape": "1", "route": "", "crossing": "", "speed": "", "n_lanes": "", "length": "", "in_cordon": true, "dir_kind": ""}}, {"type": "Feature", "geometry": {"type": "Point", "coordinates": [141.349032, 43.059684]}, "properties": {"code": "85", "kind": "横断歩道", "shape": "1", "route": "", "crossing": "", "speed": "", "n_lanes": "", "length": "", "in_cordon": true, "dir_kind": ""}}, {"type": "Feature", "geometry": {"type": "Point", "coordinates": [141.349293, 43.058507]}, "properties": {"code": "85", "kind": "横断歩道", "shape": "1", "route": "", "crossing": "", "speed": "", "n_lanes": "", "length": "", "in_cordon": true, "dir_kind": ""}}, {"type": "Feature", "geometry": {"type": "Point", "coordinates": [141.349752, 43.056757]}, "properties": {"code": "85", "kind": "横断歩道", "shape": "1", "route": "", "crossing": "", "speed": "", "n_lanes": "", "length": "", "in_cordon": true, "dir_kind": ""}}, {"type": "Feature", "geometry": {"type": "Point", "coordinates": [141.349893, 43.056226]}, "properties": {"code": "85", "kind": "横断歩道", "shape": "1", "route": "", "crossing": "", "speed": "", "n_lanes": "", "length": "", "in_cordon": true, "dir_kind": ""}}, {"type": "Feature", "geometry": {"type": "Point", "coordinates": [141.348582, 43.061623]}, "properties": {"code": "85", "kind": "横断歩道", "shape": "1", "route": "", "crossing": "", "speed": "", "n_lanes": "", "length": "", "in_cordon": true, "dir_kind": ""}}, {"type": "Feature", "geometry": {"type": "Point", "coordinates": [141.346783, 43.055807]}, "properties": {"code": "85", "kind": "横断歩道", "shape": "1", "route": "", "crossing": "", "speed": "", "n_lanes": "", "length": "", "in_cordon": true, "dir_kind": ""}}, {"type": "Feature", "geometry": {"type": "Point", "coordinates": [141.346183, 43.058076]}, "properties": {"code": "85", "kind": "横断歩道", "shape": "1", "route": "", "crossing": "", "speed": "", "n_lanes": "", "length": "", "in_cordon": true, "dir_kind": ""}}, {"type": "Feature", "geometry": {"type": "Point", "coordinates": [141.349593, 43.057384]}, "properties": {"code": "85", "kind": "横断歩道", "shape": "1", "route": "", "crossing": "", "speed": "", "n_lanes": "", "length": "", "in_cordon": true, "dir_kind": ""}}, {"type": "Feature", "geometry": {"type": "Point", "coordinates": [141.346424, 43.056926]}, "properties": {"code": "85", "kind": "横断歩道", "shape": "1", "route": "", "crossing": "", "speed": "", "n_lanes": "", "length": "", "in_cordon": true, "dir_kind": ""}}, {"type": "Feature", "geometry": {"type": "Point", "coordinates": [141.351493, 43.056435]}, "properties": {"code": "85", "kind": "横断歩道", "shape": "1", "route": "", "crossing": "", "speed": "", "n_lanes": "", "length": "", "in_cordon": true, "dir_kind": ""}}, {"type": "Feature", "geometry": {"type": "Point", "coordinates": [141.333894, 43.062025]}, "properties": {"code": "85", "kind": "横断歩道", "shape": "1", "route": "", "crossing": "", "speed": "", "n_lanes": "", "length": "", "in_cordon": false, "dir_kind": ""}}, {"type": "Feature", "geometry": {"type": "Point", "coordinates": [141.359473, 43.058735]}, "properties": {"code": "85", "kind": "横断歩道", "shape": "1", "route": "", "crossing": "", "speed": "", "n_lanes": "", "length": "", "in_cordon": true, "dir_kind": ""}}, {"type": "Feature", "geometry": {"type": "Point", "coordinates": [141.361062, 43.058965]}, "properties": {"code": "85", "kind": "横断歩道", "shape": "1", "route": "", "crossing": "", "speed": "", "n_lanes": "", "length": "", "in_cordon": false, "dir_kind": ""}}, {"type": "Feature", "geometry": {"type": "Point", "coordinates": [141.336575, 43.058034]}, "properties": {"code": "85", "kind": "横断歩道", "shape": "1", "route": "", "crossing": "", "speed": "", "n_lanes": "", "length": "", "in_cordon": false, "dir_kind": ""}}, {"type": "Feature", "geometry": {"type": "Point", "coordinates": [141.338894, 43.061434]}, "properties": {"code": "85", "kind": "横断歩道", "shape": "1", "route": "", "crossing": "", "speed": "", "n_lanes": "", "length": "", "in_cordon": false, "dir_kind": ""}}, {"type": "Feature", "geometry": {"type": "Point", "coordinates": [141.337894, 43.058964]}, "properties": {"code": "85", "kind": "横断歩道", "shape": "1", "route": "", "crossing": "", "speed": "", "n_lanes": "", "length": "", "in_cordon": false, "dir_kind": ""}}, {"type": "Feature", "geometry": {"type": "Point", "coordinates": [141.336394, 43.058784]}, "properties": {"code": "85", "kind": "横断歩道", "shape": "1", "route": "", "crossing": "", "speed": "", "n_lanes": "", "length": "", "in_cordon": false, "dir_kind": ""}}, {"type": "Feature", "geometry": {"type": "Point", "coordinates": [141.360201, 43.052927]}, "properties": {"code": "85", "kind": "横断歩道", "shape": "1", "route": "", "crossing": "", "speed": "", "n_lanes": "", "length": "", "in_cordon": true, "dir_kind": ""}}, {"type": "Feature", "geometry": {"type": "Point", "coordinates": [141.359132, 43.049958]}, "properties": {"code": "85", "kind": "横断歩道", "shape": "1", "route": "", "crossing": "", "speed": "", "n_lanes": "", "length": "", "in_cordon": false, "dir_kind": ""}}, {"type": "Feature", "geometry": {"type": "Point", "coordinates": [141.359101, 43.053916]}, "properties": {"code": "85", "kind": "横断歩道", "shape": "1", "route": "", "crossing": "", "speed": "", "n_lanes": "", "length": "", "in_cordon": true, "dir_kind": ""}}, {"type": "Feature", "geometry": {"type": "Point", "coordinates": [141.358623, 43.053866]}, "properties": {"code": "85", "kind": "横断歩道", "shape": "1", "route": "", "crossing": "", "speed": "", "n_lanes": "", "length": "", "in_cordon": true, "dir_kind": ""}}, {"type": "Feature", "geometry": {"type": "Point", "coordinates": [141.336102, 43.065955]}, "properties": {"code": "85", "kind": "横断歩道", "shape": "1", "route": "", "crossing": "", "speed": "", "n_lanes": "", "length": "", "in_cordon": false, "dir_kind": ""}}, {"type": "Feature", "geometry": {"type": "Point", "coordinates": [141.344324, 43.065833]}, "properties": {"code": "85", "kind": "横断歩道", "shape": "1", "route": "", "crossing": "", "speed": "", "n_lanes": "", "length": "", "in_cordon": true, "dir_kind": ""}}, {"type": "Feature", "geometry": {"type": "Point", "coordinates": [141.354612, 43.056876]}, "properties": {"code": "85", "kind": "横断歩道", "shape": "1", "route": "", "crossing": "", "speed": "", "n_lanes": "", "length": "", "in_cordon": true, "dir_kind": ""}}, {"type": "Feature", "geometry": {"type": "Point", "coordinates": [141.352924, 43.056665]}, "properties": {"code": "85", "kind": "横断歩道", "shape": "1", "route": "", "crossing": "", "speed": "", "n_lanes": "", "length": "", "in_cordon": true, "dir_kind": ""}}, {"type": "Feature", "geometry": {"type": "Point", "coordinates": [141.348152, 43.056585]}, "properties": {"code": "85", "kind": "横断歩道", "shape": "1", "route": "", "crossing": "", "speed": "", "n_lanes": "", "length": "", "in_cordon": true, "dir_kind": ""}}, {"type": "Feature", "geometry": {"type": "Point", "coordinates": [141.348002, 43.057146]}, "properties": {"code": "85", "kind": "横断歩道", "shape": "1", "route": "", "crossing": "", "speed": "", "n_lanes": "", "length": "", "in_cordon": true, "dir_kind": ""}}, {"type": "Feature", "geometry": {"type": "Point", "coordinates": [141.344924, 43.056776]}, "properties": {"code": "85", "kind": "横断歩道", "shape": "1", "route": "", "crossing": "", "speed": "", "n_lanes": "", "length": "", "in_cordon": true, "dir_kind": ""}}, {"type": "Feature", "geometry": {"type": "Point", "coordinates": [141.346633, 43.056365]}, "properties": {"code": "85", "kind": "横断歩道", "shape": "1", "route": "", "crossing": "", "speed": "", "n_lanes": "", "length": "", "in_cordon": true, "dir_kind": ""}}, {"type": "Feature", "geometry": {"type": "Point", "coordinates": [141.349124, 43.052577]}, "properties": {"code": "85", "kind": "横断歩道", "shape": "1", "route": "", "crossing": "", "speed": "", "n_lanes": "", "length": "", "in_cordon": true, "dir_kind": ""}}, {"type": "Feature", "geometry": {"type": "Point", "coordinates": [141.361842, 43.063376]}, "properties": {"code": "85", "kind": "横断歩道", "shape": "1", "route": "", "crossing": "", "speed": "", "n_lanes": "", "length": "", "in_cordon": false, "dir_kind": ""}}, {"type": "Feature", "geometry": {"type": "Point", "coordinates": [141.350474, 43.053915]}, "properties": {"code": "85", "kind": "横断歩道", "shape": "1", "route": "", "crossing": "", "speed": "", "n_lanes": "", "length": "", "in_cordon": true, "dir_kind": ""}}, {"type": "Feature", "geometry": {"type": "Point", "coordinates": [141.341564, 43.056307]}, "properties": {"code": "85", "kind": "横断歩道", "shape": "1", "route": "", "crossing": "", "speed": "", "n_lanes": "", "length": "", "in_cordon": true, "dir_kind": ""}}, {"type": "Feature", "geometry": {"type": "Point", "coordinates": [141.347044, 43.054776]}, "properties": {"code": "85", "kind": "横断歩道", "shape": "1", "route": "", "crossing": "", "speed": "", "n_lanes": "", "length": "", "in_cordon": true, "dir_kind": ""}}, {"type": "Feature", "geometry": {"type": "Point", "coordinates": [141.347624, 43.052385]}, "properties": {"code": "85", "kind": "横断歩道", "shape": "1", "route": "", "crossing": "", "speed": "", "n_lanes": "", "length": "", "in_cordon": true, "dir_kind": ""}}, {"type": "Feature", "geometry": {"type": "Point", "coordinates": [141.343363, 43.056545]}, "properties": {"code": "85", "kind": "横断歩道", "shape": "1", "route": "", "crossing": "", "speed": "", "n_lanes": "", "length": "", "in_cordon": true, "dir_kind": ""}}, {"type": "Feature", "geometry": {"type": "Point", "coordinates": [141.345213, 43.055596]}, "properties": {"code": "85", "kind": "横断歩道", "shape": "1", "route": "", "crossing": "", "speed": "", "n_lanes": "", "length": "", "in_cordon": true, "dir_kind": ""}}, {"type": "Feature", "geometry": {"type": "Point", "coordinates": [141.354743, 43.049808]}, "properties": {"code": "85", "kind": "横断歩道", "shape": "1", "route": "", "crossing": "", "speed": "", "n_lanes": "", "length": "", "in_cordon": false, "dir_kind": ""}}, {"type": "Feature", "geometry": {"type": "Point", "coordinates": [141.358923, 43.061148]}, "properties": {"code": "85", "kind": "横断歩道", "shape": "1", "route": "", "crossing": "", "speed": "", "n_lanes": "", "length": "", "in_cordon": true, "dir_kind": ""}}, {"type": "Feature", "geometry": {"type": "Point", "coordinates": [141.360173, 43.062295]}, "properties": {"code": "85", "kind": "横断歩道", "shape": "1", "route": "", "crossing": "", "speed": "", "n_lanes": "", "length": "", "in_cordon": false, "dir_kind": ""}}, {"type": "Feature", "geometry": {"type": "Point", "coordinates": [141.35725, 43.067584]}, "properties": {"code": "85", "kind": "横断歩道", "shape": "1", "route": "", "crossing": "", "speed": "", "n_lanes": "", "length": "", "in_cordon": true, "dir_kind": ""}}, {"type": "Feature", "geometry": {"type": "Point", "coordinates": [141.345763, 43.059984]}, "properties": {"code": "85", "kind": "横断歩道", "shape": "1", "route": "", "crossing": "", "speed": "", "n_lanes": "", "length": "", "in_cordon": true, "dir_kind": ""}}, {"type": "Feature", "geometry": {"type": "Point", "coordinates": [141.357343, 43.052496]}, "properties": {"code": "85", "kind": "横断歩道", "shape": "1", "route": "", "crossing": "", "speed": "", "n_lanes": "", "length": "", "in_cordon": true, "dir_kind": ""}}, {"type": "Feature", "geometry": {"type": "Point", "coordinates": [141.347463, 43.059445]}, "properties": {"code": "85", "kind": "横断歩道", "shape": "1", "route": "", "crossing": "", "speed": "", "n_lanes": "", "length": "", "in_cordon": true, "dir_kind": ""}}, {"type": "Feature", "geometry": {"type": "Point", "coordinates": [141.347374, 43.053496]}, "properties": {"code": "85", "kind": "横断歩道", "shape": "1", "route": "", "crossing": "", "speed": "", "n_lanes": "", "length": "", "in_cordon": true, "dir_kind": ""}}, {"type": "Feature", "geometry": {"type": "Point", "coordinates": [141.357601, 43.050227]}, "properties": {"code": "85", "kind": "横断歩道", "shape": "1", "route": "", "crossing": "", "speed": "", "n_lanes": "", "length": "", "in_cordon": false, "dir_kind": ""}}, {"type": "Feature", "geometry": {"type": "Point", "coordinates": [141.363773, 43.056066]}, "properties": {"code": "85", "kind": "横断歩道", "shape": "1", "route": "", "crossing": "", "speed": "", "n_lanes": "", "length": "", "in_cordon": false, "dir_kind": ""}}, {"type": "Feature", "geometry": {"type": "Point", "coordinates": [141.339214, 43.060275]}, "properties": {"code": "85", "kind": "横断歩道", "shape": "1", "route": "", "crossing": "", "speed": "", "n_lanes": "", "length": "", "in_cordon": false, "dir_kind": ""}}, {"type": "Feature", "geometry": {"type": "Point", "coordinates": [141.347894, 43.051246]}, "properties": {"code": "85", "kind": "横断歩道", "shape": "1", "route": "", "crossing": "", "speed": "", "n_lanes": "", "length": "", "in_cordon": true, "dir_kind": ""}}, {"type": "Feature", "geometry": {"type": "Point", "coordinates": [141.359092, 43.066695]}, "properties": {"code": "85", "kind": "横断歩道", "shape": "1", "route": "", "crossing": "", "speed": "", "n_lanes": "", "length": "", "in_cordon": false, "dir_kind": ""}}, {"type": "Feature", "geometry": {"type": "Point", "coordinates": [141.351013, 43.051685]}, "properties": {"code": "85", "kind": "横断歩道", "shape": "1", "route": "", "crossing": "", "speed": "", "n_lanes": "", "length": "", "in_cordon": true, "dir_kind": ""}}, {"type": "Feature", "geometry": {"type": "Point", "coordinates": [141.344663, 43.057906]}, "properties": {"code": "85", "kind": "横断歩道", "shape": "1", "route": "", "crossing": "", "speed": "", "n_lanes": "", "length": "", "in_cordon": true, "dir_kind": ""}}, {"type": "Feature", "geometry": {"type": "Point", "coordinates": [141.360362, 43.055277]}, "properties": {"code": "85", "kind": "横断歩道", "shape": "1", "route": "", "crossing": "", "speed": "", "n_lanes": "", "length": "", "in_cordon": true, "dir_kind": ""}}, {"type": "Feature", "geometry": {"type": "Point", "coordinates": [141.336133, 43.059884]}, "properties": {"code": "85", "kind": "横断歩道", "shape": "1", "route": "", "crossing": "", "speed": "", "n_lanes": "", "length": "", "in_cordon": false, "dir_kind": ""}}, {"type": "Feature", "geometry": {"type": "Point", "coordinates": [141.362351, 43.060265]}, "properties": {"code": "85", "kind": "横断歩道", "shape": "1", "route": "", "crossing": "", "speed": "", "n_lanes": "", "length": "", "in_cordon": false, "dir_kind": ""}}, {"type": "Feature", "geometry": {"type": "Point", "coordinates": [141.342316, 43.060764]}, "properties": {"code": "85", "kind": "横断歩道", "shape": "1", "route": "", "crossing": "", "speed": "", "n_lanes": "", "length": "", "in_cordon": true, "dir_kind": ""}}, {"type": "Feature", "geometry": {"type": "Point", "coordinates": [141.352652, 43.051877]}, "properties": {"code": "85", "kind": "横断歩道", "shape": "1", "route": "", "crossing": "", "speed": "", "n_lanes": "", "length": "", "in_cordon": true, "dir_kind": ""}}, {"type": "Feature", "geometry": {"type": "Point", "coordinates": [141.334883, 43.064564]}, "properties": {"code": "85", "kind": "横断歩道", "shape": "1", "route": "", "crossing": "", "speed": "", "n_lanes": "", "length": "", "in_cordon": false, "dir_kind": ""}}, {"type": "Feature", "geometry": {"type": "Point", "coordinates": [141.362551, 43.059165]}, "properties": {"code": "85", "kind": "横断歩道", "shape": "1", "route": "", "crossing": "", "speed": "", "n_lanes": "", "length": "", "in_cordon": false, "dir_kind": ""}}, {"type": "Feature", "geometry": {"type": "Point", "coordinates": [141.362901, 43.058035]}, "properties": {"code": "85", "kind": "横断歩道", "shape": "1", "route": "", "crossing": "", "speed": "", "n_lanes": "", "length": "", "in_cordon": false, "dir_kind": ""}}, {"type": "Feature", "geometry": {"type": "Point", "coordinates": [141.337344, 43.061245]}, "properties": {"code": "85", "kind": "横断歩道", "shape": "1", "route": "", "crossing": "", "speed": "", "n_lanes": "", "length": "", "in_cordon": false, "dir_kind": ""}}, {"type": "Feature", "geometry": {"type": "Point", "coordinates": [141.338994, 43.054765]}, "properties": {"code": "85", "kind": "横断歩道", "shape": "1", "route": "", "crossing": "", "speed": "", "n_lanes": "", "length": "", "in_cordon": false, "dir_kind": ""}}, {"type": "Feature", "geometry": {"type": "Point", "coordinates": [141.338364, 43.054676]}, "properties": {"code": "85", "kind": "横断歩道", "shape": "1", "route": "", "crossing": "", "speed": "", "n_lanes": "", "length": "", "in_cordon": false, "dir_kind": ""}}, {"type": "Feature", "geometry": {"type": "Point", "coordinates": [141.338425, 43.057084]}, "properties": {"code": "85", "kind": "横断歩道", "shape": "1", "route": "", "crossing": "", "speed": "", "n_lanes": "", "length": "", "in_cordon": false, "dir_kind": ""}}, {"type": "Feature", "geometry": {"type": "Point", "coordinates": [141.344102, 43.059784]}, "properties": {"code": "85", "kind": "横断歩道", "shape": "1", "route": "", "crossing": "", "speed": "", "n_lanes": "", "length": "", "in_cordon": true, "dir_kind": ""}}, {"type": "Feature", "geometry": {"type": "Point", "coordinates": [141.342153, 43.053015]}, "properties": {"code": "85", "kind": "横断歩道", "shape": "1", "route": "", "crossing": "", "speed": "", "n_lanes": "", "length": "", "in_cordon": true, "dir_kind": ""}}, {"type": "Feature", "geometry": {"type": "Point", "coordinates": [141.348285, 43.062773]}, "properties": {"code": "85", "kind": "横断歩道", "shape": "1", "route": "", "crossing": "", "speed": "", "n_lanes": "", "length": "", "in_cordon": true, "dir_kind": ""}}, {"type": "Feature", "geometry": {"type": "Point", "coordinates": [141.344333, 43.059026]}, "properties": {"code": "85", "kind": "横断歩道", "shape": "1", "route": "", "crossing": "", "speed": "", "n_lanes": "", "length": "", "in_cordon": true, "dir_kind": ""}}, {"type": "Feature", "geometry": {"type": "Point", "coordinates": [141.345452, 43.054546]}, "properties": {"code": "85", "kind": "横断歩道", "shape": "1", "route": "", "crossing": "", "speed": "", "n_lanes": "", "length": "", "in_cordon": true, "dir_kind": ""}}, {"type": "Feature", "geometry": {"type": "Point", "coordinates": [141.340264, 43.056084]}, "properties": {"code": "85", "kind": "横断歩道", "shape": "1", "route": "", "crossing": "", "speed": "", "n_lanes": "", "length": "", "in_cordon": false, "dir_kind": ""}}, {"type": "Feature", "geometry": {"type": "Point", "coordinates": [141.337052, 43.062464]}, "properties": {"code": "85", "kind": "横断歩道", "shape": "1", "route": "", "crossing": "", "speed": "", "n_lanes": "", "length": "", "in_cordon": false, "dir_kind": ""}}, {"type": "Feature", "geometry": {"type": "Point", "coordinates": [141.334203, 43.060875]}, "properties": {"code": "85", "kind": "横断歩道", "shape": "1", "route": "", "crossing": "", "speed": "", "n_lanes": "", "length": "", "in_cordon": false, "dir_kind": ""}}, {"type": "Feature", "geometry": {"type": "Point", "coordinates": [141.337974, 43.065005]}, "properties": {"code": "85", "kind": "横断歩道", "shape": "1", "route": "", "crossing": "", "speed": "", "n_lanes": "", "length": "", "in_cordon": false, "dir_kind": ""}}, {"type": "Feature", "geometry": {"type": "Point", "coordinates": [141.338153, 43.058226]}, "properties": {"code": "85", "kind": "横断歩道", "shape": "1", "route": "", "crossing": "", "speed": "", "n_lanes": "", "length": "", "in_cordon": false, "dir_kind": ""}}, {"type": "Feature", "geometry": {"type": "Point", "coordinates": [141.342802, 43.058815]}, "properties": {"code": "85", "kind": "横断歩道", "shape": "1", "route": "", "crossing": "", "speed": "", "n_lanes": "", "length": "", "in_cordon": true, "dir_kind": ""}}, {"type": "Feature", "geometry": {"type": "Point", "coordinates": [141.342552, 43.059576]}, "properties": {"code": "85", "kind": "横断歩道", "shape": "1", "route": "", "crossing": "", "speed": "", "n_lanes": "", "length": "", "in_cordon": true, "dir_kind": ""}}, {"type": "Feature", "geometry": {"type": "Point", "coordinates": [141.335753, 43.061095]}, "properties": {"code": "85", "kind": "横断歩道", "shape": "1", "route": "", "crossing": "", "speed": "", "n_lanes": "", "length": "", "in_cordon": false, "dir_kind": ""}}, {"type": "Feature", "geometry": {"type": "Point", "coordinates": [141.334652, 43.065713]}, "properties": {"code": "85", "kind": "横断歩道", "shape": "1", "route": "", "crossing": "", "speed": "", "n_lanes": "", "length": "", "in_cordon": false, "dir_kind": ""}}, {"type": "Feature", "geometry": {"type": "Point", "coordinates": [141.351563, 43.049597]}, "properties": {"code": "85", "kind": "横断歩道", "shape": "1", "route": "", "crossing": "", "speed": "", "n_lanes": "", "length": "", "in_cordon": false, "dir_kind": ""}}, {"type": "Feature", "geometry": {"type": "Point", "coordinates": [141.363973, 43.060526]}, "properties": {"code": "85", "kind": "横断歩道", "shape": "1", "route": "", "crossing": "", "speed": "", "n_lanes": "", "length": "", "in_cordon": false, "dir_kind": ""}}, {"type": "Feature", "geometry": {"type": "Point", "coordinates": [141.356324, 43.050066]}, "properties": {"code": "85", "kind": "横断歩道", "shape": "1", "route": "", "crossing": "", "speed": "", "n_lanes": "", "length": "", "in_cordon": false, "dir_kind": ""}}, {"type": "Feature", "geometry": {"type": "Point", "coordinates": [141.33365, 43.063339]}, "properties": {"code": "85", "kind": "横断歩道", "shape": "1", "route": "", "crossing": "", "speed": "", "n_lanes": "", "length": "", "in_cordon": false, "dir_kind": ""}}, {"type": "Feature", "geometry": {"type": "Point", "coordinates": [141.33368, 43.063167]}, "properties": {"code": "85", "kind": "横断歩道", "shape": "1", "route": "", "crossing": "", "speed": "", "n_lanes": "", "length": "", "in_cordon": false, "dir_kind": ""}}, {"type": "Feature", "geometry": {"type": "Point", "coordinates": [141.347713, 43.065114]}, "properties": {"code": "85", "kind": "横断歩道", "shape": "1", "route": "", "crossing": "", "speed": "", "n_lanes": "", "length": "", "in_cordon": true, "dir_kind": ""}}, {"type": "Feature", "geometry": {"type": "Point", "coordinates": [141.362081, 43.061534]}, "properties": {"code": "85", "kind": "横断歩道", "shape": "1", "route": "", "crossing": "", "speed": "", "n_lanes": "", "length": "", "in_cordon": false, "dir_kind": ""}}, {"type": "Feature", "geometry": {"type": "Point", "coordinates": [141.361531, 43.064556]}, "properties": {"code": "85", "kind": "横断歩道", "shape": "1", "route": "", "crossing": "", "speed": "", "n_lanes": "", "length": "", "in_cordon": false, "dir_kind": ""}}, {"type": "Feature", "geometry": {"type": "Point", "coordinates": [141.336761, 43.06375]}, "properties": {"code": "85", "kind": "横断歩道", "shape": "1", "route": "", "crossing": "", "speed": "", "n_lanes": "", "length": "", "in_cordon": false, "dir_kind": ""}}, {"type": "Feature", "geometry": {"type": "Point", "coordinates": [141.336786, 43.063581]}, "properties": {"code": "85", "kind": "横断歩道", "shape": "1", "route": "", "crossing": "", "speed": "", "n_lanes": "", "length": "", "in_cordon": false, "dir_kind": ""}}, {"type": "Feature", "geometry": {"type": "Point", "coordinates": [141.339694, 43.058434]}, "properties": {"code": "85", "kind": "横断歩道", "shape": "1", "route": "", "crossing": "", "speed": "", "n_lanes": "", "length": "", "in_cordon": false, "dir_kind": ""}}, {"type": "Feature", "geometry": {"type": "Point", "coordinates": [141.339494, 43.059176]}, "properties": {"code": "85", "kind": "横断歩道", "shape": "1", "route": "", "crossing": "", "speed": "", "n_lanes": "", "length": "", "in_cordon": false, "dir_kind": ""}}, {"type": "Feature", "geometry": {"type": "Point", "coordinates": [141.339975, 43.057226]}, "properties": {"code": "85", "kind": "横断歩道", "shape": "1", "route": "", "crossing": "", "speed": "", "n_lanes": "", "length": "", "in_cordon": false, "dir_kind": ""}}, {"type": "Feature", "geometry": {"type": "Point", "coordinates": [141.337425, 43.054557]}, "properties": {"code": "85", "kind": "横断歩道", "shape": "1", "route": "", "crossing": "", "speed": "", "n_lanes": "", "length": "", "in_cordon": false, "dir_kind": ""}}, {"type": "Feature", "geometry": {"type": "Point", "coordinates": [141.336883, 43.056826]}, "properties": {"code": "85", "kind": "横断歩道", "shape": "1", "route": "", "crossing": "", "speed": "", "n_lanes": "", "length": "", "in_cordon": false, "dir_kind": ""}}, {"type": "Feature", "geometry": {"type": "Point", "coordinates": [141.343113, 43.057676]}, "properties": {"code": "85", "kind": "横断歩道", "shape": "1", "route": "", "crossing": "", "speed": "", "n_lanes": "", "length": "", "in_cordon": true, "dir_kind": ""}}, {"type": "Feature", "geometry": {"type": "Point", "coordinates": [141.358698, 43.062098]}, "properties": {"code": "85", "kind": "横断歩道", "shape": "1", "route": "", "crossing": "", "speed": "", "n_lanes": "", "length": "", "in_cordon": true, "dir_kind": ""}}, {"type": "Feature", "geometry": {"type": "Point", "coordinates": [141.358374, 43.051708]}, "properties": {"code": "85", "kind": "横断歩道", "shape": "1", "route": "", "crossing": "", "speed": "", "n_lanes": "", "length": "", "in_cordon": false, "dir_kind": ""}}, {"type": "Feature", "geometry": {"type": "Point", "coordinates": [141.355242, 43.067334]}, "properties": {"code": "85", "kind": "横断歩道", "shape": "1", "route": "", "crossing": "", "speed": "", "n_lanes": "", "length": "", "in_cordon": true, "dir_kind": ""}}, {"type": "Feature", "geometry": {"type": "Point", "coordinates": [141.338703, 43.055945]}, "properties": {"code": "85", "kind": "横断歩道", "shape": "1", "route": "", "crossing": "", "speed": "", "n_lanes": "", "length": "", "in_cordon": false, "dir_kind": ""}}, {"type": "Feature", "geometry": {"type": "Point", "coordinates": [141.344971, 43.063548]}, "properties": {"code": "85", "kind": "横断歩道", "shape": "1", "route": "", "crossing": "", "speed": "", "n_lanes": "", "length": "", "in_cordon": true, "dir_kind": ""}}, {"type": "Feature", "geometry": {"type": "Point", "coordinates": [141.344574, 43.064656]}, "properties": {"code": "85", "kind": "横断歩道", "shape": "1", "route": "", "crossing": "", "speed": "", "n_lanes": "", "length": "", "in_cordon": true, "dir_kind": ""}}, {"type": "Feature", "geometry": {"type": "Point", "coordinates": [141.363681, 43.061757]}, "properties": {"code": "85", "kind": "横断歩道", "shape": "1", "route": "", "crossing": "", "speed": "", "n_lanes": "", "length": "", "in_cordon": false, "dir_kind": ""}}, {"type": "Feature", "geometry": {"type": "Point", "coordinates": [141.354582, 43.050497]}, "properties": {"code": "85", "kind": "横断歩道", "shape": "1", "route": "", "crossing": "", "speed": "", "n_lanes": "", "length": "", "in_cordon": false, "dir_kind": ""}}, {"type": "Feature", "geometry": {"type": "Point", "coordinates": [141.349652, 43.050016]}, "properties": {"code": "85", "kind": "横断歩道", "shape": "1", "route": "", "crossing": "", "speed": "", "n_lanes": "", "length": "", "in_cordon": false, "dir_kind": ""}}, {"type": "Feature", "geometry": {"type": "Point", "coordinates": [141.333003, 43.065563]}, "properties": {"code": "85", "kind": "横断歩道", "shape": "1", "route": "", "crossing": "", "speed": "", "n_lanes": "", "length": "", "in_cordon": false, "dir_kind": ""}}, {"type": "Feature", "geometry": {"type": "Point", "coordinates": [141.332464, 43.067863]}, "properties": {"code": "85", "kind": "横断歩道", "shape": "1", "route": "", "crossing": "", "speed": "", "n_lanes": "", "length": "", "in_cordon": false, "dir_kind": ""}}, {"type": "Feature", "geometry": {"type": "Point", "coordinates": [141.335374, 43.068255]}, "properties": {"code": "85", "kind": "横断歩道", "shape": "1", "route": "", "crossing": "", "speed": "", "n_lanes": "", "length": "", "in_cordon": false, "dir_kind": ""}}, {"type": "Feature", "geometry": {"type": "Point", "coordinates": [141.336745, 43.051396]}, "properties": {"code": "85", "kind": "横断歩道", "shape": "1", "route": "", "crossing": "", "speed": "", "n_lanes": "", "length": "", "in_cordon": false, "dir_kind": ""}}, {"type": "Feature", "geometry": {"type": "Point", "coordinates": [141.340544, 43.054976]}, "properties": {"code": "85", "kind": "横断歩道", "shape": "1", "route": "", "crossing": "", "speed": "", "n_lanes": "", "length": "", "in_cordon": false, "dir_kind": ""}}, {"type": "Feature", "geometry": {"type": "Point", "coordinates": [141.340124, 43.062864]}, "properties": {"code": "85", "kind": "横断歩道", "shape": "1", "route": "", "crossing": "", "speed": "", "n_lanes": "", "length": "", "in_cordon": true, "dir_kind": ""}}, {"type": "Feature", "geometry": {"type": "Point", "coordinates": [141.360462, 43.061307]}, "properties": {"code": "85", "kind": "横断歩道", "shape": "1", "route": "", "crossing": "", "speed": "", "n_lanes": "", "length": "", "in_cordon": false, "dir_kind": ""}}, {"type": "Feature", "geometry": {"type": "Point", "coordinates": [141.363942, 43.056257]}, "properties": {"code": "85", "kind": "横断歩道", "shape": "1", "route": "", "crossing": "", "speed": "", "n_lanes": "", "length": "", "in_cordon": false, "dir_kind": ""}}, {"type": "Feature", "geometry": {"type": "Point", "coordinates": [141.358712, 43.052708]}, "properties": {"code": "85", "kind": "横断歩道", "shape": "1", "route": "", "crossing": "", "speed": "", "n_lanes": "", "length": "", "in_cordon": true, "dir_kind": ""}}, {"type": "Feature", "geometry": {"type": "Point", "coordinates": [141.357351, 43.051785]}, "properties": {"code": "85", "kind": "横断歩道", "shape": "1", "route": "", "crossing": "", "speed": "", "n_lanes": "", "length": "", "in_cordon": false, "dir_kind": ""}}, {"type": "Feature", "geometry": {"type": "Point", "coordinates": [141.352524, 43.059565]}, "properties": {"code": "85", "kind": "横断歩道", "shape": "1", "route": "", "crossing": "", "speed": "", "n_lanes": "", "length": "", "in_cordon": true, "dir_kind": ""}}, {"type": "Feature", "geometry": {"type": "Point", "coordinates": [141.339663, 43.064094]}, "properties": {"code": "85", "kind": "横断歩道", "shape": "1", "route": "", "crossing": "", "speed": "", "n_lanes": "", "length": "", "in_cordon": true, "dir_kind": ""}}, {"type": "Feature", "geometry": {"type": "Point", "coordinates": [141.340886, 43.051718]}, "properties": {"code": "85", "kind": "横断歩道", "shape": "1", "route": "", "crossing": "", "speed": "", "n_lanes": "", "length": "", "in_cordon": false, "dir_kind": ""}}, {"type": "Feature", "geometry": {"type": "Point", "coordinates": [141.338274, 43.063894]}, "properties": {"code": "85", "kind": "横断歩道", "shape": "1", "route": "", "crossing": "", "speed": "", "n_lanes": "", "length": "", "in_cordon": false, "dir_kind": ""}}, {"type": "Feature", "geometry": {"type": "Point", "coordinates": [141.335183, 43.063455]}, "properties": {"code": "85", "kind": "横断歩道", "shape": "1", "route": "", "crossing": "", "speed": "", "n_lanes": "", "length": "", "in_cordon": false, "dir_kind": ""}}, {"type": "Feature", "geometry": {"type": "Point", "coordinates": [141.343325, 43.056676]}, "properties": {"code": "85", "kind": "横断歩道", "shape": "1", "route": "", "crossing": "", "speed": "", "n_lanes": "", "length": "", "in_cordon": true, "dir_kind": ""}}, {"type": "Feature", "geometry": {"type": "Point", "coordinates": [141.338563, 43.062656]}, "properties": {"code": "85", "kind": "横断歩道", "shape": "1", "route": "", "crossing": "", "speed": "", "n_lanes": "", "length": "", "in_cordon": false, "dir_kind": ""}}, {"type": "Feature", "geometry": {"type": "Point", "coordinates": [141.361901, 43.055516]}, "properties": {"code": "85", "kind": "横断歩道", "shape": "1", "route": "", "crossing": "", "speed": "", "n_lanes": "", "length": "", "in_cordon": false, "dir_kind": ""}}, {"type": "Feature", "geometry": {"type": "Point", "coordinates": [141.335514, 43.062244]}, "properties": {"code": "85", "kind": "横断歩道", "shape": "1", "route": "", "crossing": "", "speed": "", "n_lanes": "", "length": "", "in_cordon": false, "dir_kind": ""}}, {"type": "Feature", "geometry": {"type": "Point", "coordinates": [141.364217, 43.05939]}, "properties": {"code": "85", "kind": "横断歩道", "shape": "1", "route": "", "crossing": "", "speed": "", "n_lanes": "", "length": "", "in_cordon": false, "dir_kind": ""}}, {"type": "Feature", "geometry": {"type": "Point", "coordinates": [141.337145, 43.055695]}, "properties": {"code": "85", "kind": "横断歩道", "shape": "1", "route": "", "crossing": "", "speed": "", "n_lanes": "", "length": "", "in_cordon": false, "dir_kind": ""}}, {"type": "Feature", "geometry": {"type": "Point", "coordinates": [141.334352, 43.066905]}, "properties": {"code": "85", "kind": "横断歩道", "shape": "1", "route": "", "crossing": "", "speed": "", "n_lanes": "", "length": "", "in_cordon": false, "dir_kind": ""}}, {"type": "Feature", "geometry": {"type": "Point", "coordinates": [141.342044, 43.061895]}, "properties": {"code": "85", "kind": "横断歩道", "shape": "1", "route": "", "crossing": "", "speed": "", "n_lanes": "", "length": "", "in_cordon": true, "dir_kind": ""}}, {"type": "Feature", "geometry": {"type": "Point", "coordinates": [141.340883, 43.050565]}, "properties": {"code": "85", "kind": "横断歩道", "shape": "1", "route": "", "crossing": "", "speed": "", "n_lanes": "", "length": "", "in_cordon": false, "dir_kind": ""}}, {"type": "Feature", "geometry": {"type": "Point", "coordinates": [141.343744, 43.051885]}, "properties": {"code": "85", "kind": "横断歩道", "shape": "1", "route": "", "crossing": "", "speed": "", "n_lanes": "", "length": "", "in_cordon": true, "dir_kind": ""}}, {"type": "Feature", "geometry": {"type": "Point", "coordinates": [141.361842, 43.062495]}, "properties": {"code": "85", "kind": "横断歩道", "shape": "1", "route": "", "crossing": "", "speed": "", "n_lanes": "", "length": "", "in_cordon": false, "dir_kind": ""}}, {"type": "Feature", "geometry": {"type": "Point", "coordinates": [141.345913, 43.053396]}, "properties": {"code": "85", "kind": "横断歩道", "shape": "1", "route": "", "crossing": "", "speed": "", "n_lanes": "", "length": "", "in_cordon": true, "dir_kind": ""}}, {"type": "Feature", "geometry": {"type": "Point", "coordinates": [141.345847, 43.051021]}, "properties": {"code": "85", "kind": "横断歩道", "shape": "1", "route": "", "crossing": "", "speed": "", "n_lanes": "", "length": "", "in_cordon": true, "dir_kind": ""}}, {"type": "Feature", "geometry": {"type": "Point", "coordinates": [141.345752, 43.050955]}, "properties": {"code": "85", "kind": "横断歩道", "shape": "1", "route": "", "crossing": "", "speed": "", "n_lanes": "", "length": "", "in_cordon": true, "dir_kind": ""}}, {"type": "Feature", "geometry": {"type": "Point", "coordinates": [141.360372, 43.067995]}, "properties": {"code": "85", "kind": "横断歩道", "shape": "1", "route": "", "crossing": "", "speed": "", "n_lanes": "", "length": "", "in_cordon": false, "dir_kind": ""}}, {"type": "Feature", "geometry": {"type": "Point", "coordinates": [141.346727, 43.062556]}, "properties": {"code": "85", "kind": "横断歩道", "shape": "1", "route": "", "crossing": "", "speed": "", "n_lanes": "", "length": "", "in_cordon": true, "dir_kind": ""}}, {"type": "Feature", "geometry": {"type": "Point", "coordinates": [141.337452, 43.067263]}, "properties": {"code": "85", "kind": "横断歩道", "shape": "1", "route": "", "crossing": "", "speed": "", "n_lanes": "", "length": "", "in_cordon": false, "dir_kind": ""}}, {"type": "Feature", "geometry": {"type": "Point", "coordinates": [141.358823, 43.067764]}, "properties": {"code": "85", "kind": "横断歩道", "shape": "1", "route": "", "crossing": "", "speed": "", "n_lanes": "", "length": "", "in_cordon": false, "dir_kind": ""}}, {"type": "Feature", "geometry": {"type": "Point", "coordinates": [141.364492, 43.058227]}, "properties": {"code": "85", "kind": "横断歩道", "shape": "1", "route": "", "crossing": "", "speed": "", "n_lanes": "", "length": "", "in_cordon": false, "dir_kind": ""}}, {"type": "Feature", "geometry": {"type": "Point", "coordinates": [141.337733, 43.066155]}, "properties": {"code": "85", "kind": "横断歩道", "shape": "1", "route": "", "crossing": "", "speed": "", "n_lanes": "", "length": "", "in_cordon": false, "dir_kind": ""}}, {"type": "Feature", "geometry": {"type": "Point", "coordinates": [141.339094, 43.067483]}, "properties": {"code": "85", "kind": "横断歩道", "shape": "1", "route": "", "crossing": "", "speed": "", "n_lanes": "", "length": "", "in_cordon": false, "dir_kind": ""}}, {"type": "Feature", "geometry": {"type": "Point", "coordinates": [141.358832, 43.052677]}, "properties": {"code": "85", "kind": "横断歩道", "shape": "1", "route": "", "crossing": "", "speed": "", "n_lanes": "", "length": "", "in_cordon": true, "dir_kind": ""}}, {"type": "Feature", "geometry": {"type": "Point", "coordinates": [141.338852, 43.067483]}, "properties": {"code": "85", "kind": "横断歩道", "shape": "1", "route": "", "crossing": "", "speed": "", "n_lanes": "", "length": "", "in_cordon": false, "dir_kind": ""}}, {"type": "Feature", "geometry": {"type": "Point", "coordinates": [141.334383, 43.069374]}, "properties": {"code": "85", "kind": "横断歩道", "shape": "1", "route": "", "crossing": "", "speed": "", "n_lanes": "", "length": "", "in_cordon": false, "dir_kind": ""}}, {"type": "Feature", "geometry": {"type": "Point", "coordinates": [141.339283, 43.066364]}, "properties": {"code": "85", "kind": "横断歩道", "shape": "1", "route": "", "crossing": "", "speed": "", "n_lanes": "", "length": "", "in_cordon": false, "dir_kind": ""}}, {"type": "Feature", "geometry": {"type": "Point", "coordinates": [141.36082, 43.056896]}, "properties": {"code": "85", "kind": "横断歩道", "shape": "1", "route": "", "crossing": "", "speed": "", "n_lanes": "", "length": "", "in_cordon": false, "dir_kind": ""}}, {"type": "Feature", "geometry": {"type": "Point", "coordinates": [141.362392, 43.056943]}, "properties": {"code": "85", "kind": "横断歩道", "shape": "1", "route": "", "crossing": "", "speed": "", "n_lanes": "", "length": "", "in_cordon": false, "dir_kind": ""}}, {"type": "Feature", "geometry": {"type": "Point", "coordinates": [141.363162, 43.056757]}, "properties": {"code": "85", "kind": "横断歩道", "shape": "1", "route": "", "crossing": "", "speed": "", "n_lanes": "", "length": "", "in_cordon": false, "dir_kind": ""}}, {"type": "Feature", "geometry": {"type": "Point", "coordinates": [141.345113, 43.056184]}, "properties": {"code": "85", "kind": "横断歩道", "shape": "1", "route": "", "crossing": "", "speed": "", "n_lanes": "", "length": "", "in_cordon": true, "dir_kind": ""}}, {"type": "Feature", "geometry": {"type": "Point", "coordinates": [141.3322, 43.068974]}, "properties": {"code": "85", "kind": "横断歩道", "shape": "1", "route": "", "crossing": "", "speed": "", "n_lanes": "", "length": "", "in_cordon": false, "dir_kind": ""}}, {"type": "Feature", "geometry": {"type": "Point", "coordinates": [141.359323, 43.056257]}, "properties": {"code": "85", "kind": "横断歩道", "shape": "1", "route": "", "crossing": "", "speed": "", "n_lanes": "", "length": "", "in_cordon": true, "dir_kind": ""}}, {"type": "Feature", "geometry": {"type": "Point", "coordinates": [141.360904, 43.05651]}, "properties": {"code": "85", "kind": "横断歩道", "shape": "1", "route": "", "crossing": "", "speed": "", "n_lanes": "", "length": "", "in_cordon": false, "dir_kind": ""}}, {"type": "Feature", "geometry": {"type": "Point", "coordinates": [141.363662, 43.056035]}, "properties": {"code": "85", "kind": "横断歩道", "shape": "1", "route": "", "crossing": "", "speed": "", "n_lanes": "", "length": "", "in_cordon": false, "dir_kind": ""}}, {"type": "Feature", "geometry": {"type": "Point", "coordinates": [141.359243, 43.056646]}, "properties": {"code": "85", "kind": "横断歩道", "shape": "1", "route": "", "crossing": "", "speed": "", "n_lanes": "", "length": "", "in_cordon": true, "dir_kind": ""}}, {"type": "Feature", "geometry": {"type": "Point", "coordinates": [141.334033, 43.068013]}, "properties": {"code": "85", "kind": "横断歩道", "shape": "1", "route": "", "crossing": "", "speed": "", "n_lanes": "", "length": "", "in_cordon": false, "dir_kind": ""}}, {"type": "Feature", "geometry": {"type": "Point", "coordinates": [141.357242, 43.061895]}, "properties": {"code": "85", "kind": "横断歩道", "shape": "1", "route": "", "crossing": "", "speed": "", "n_lanes": "", "length": "", "in_cordon": true, "dir_kind": ""}}, {"type": "Feature", "geometry": {"type": "Point", "coordinates": [141.357651, 43.057876]}, "properties": {"code": "85", "kind": "横断歩道", "shape": "1", "route": "", "crossing": "", "speed": "", "n_lanes": "", "length": "", "in_cordon": true, "dir_kind": ""}}, {"type": "Feature", "geometry": {"type": "Point", "coordinates": [141.358132, 43.057907]}, "properties": {"code": "85", "kind": "横断歩道", "shape": "1", "route": "", "crossing": "", "speed": "", "n_lanes": "", "length": "", "in_cordon": true, "dir_kind": ""}}, {"type": "Feature", "geometry": {"type": "Point", "coordinates": [141.35692, 43.062767]}, "properties": {"code": "85", "kind": "横断歩道", "shape": "1", "route": "", "crossing": "", "speed": "", "n_lanes": "", "length": "", "in_cordon": true, "dir_kind": ""}}, {"type": "Feature", "geometry": {"type": "Point", "coordinates": [141.357823, 43.057307]}, "properties": {"code": "85", "kind": "横断歩道", "shape": "1", "route": "", "crossing": "", "speed": "", "n_lanes": "", "length": "", "in_cordon": true, "dir_kind": ""}}, {"type": "Feature", "geometry": {"type": "Point", "coordinates": [141.357701, 43.059676]}, "properties": {"code": "85", "kind": "横断歩道", "shape": "1", "route": "", "crossing": "", "speed": "", "n_lanes": "", "length": "", "in_cordon": true, "dir_kind": ""}}, {"type": "Feature", "geometry": {"type": "Point", "coordinates": [141.358001, 43.05856]}, "properties": {"code": "85", "kind": "横断歩道", "shape": "1", "route": "", "crossing": "", "speed": "", "n_lanes": "", "length": "", "in_cordon": true, "dir_kind": ""}}, {"type": "Feature", "geometry": {"type": "Point", "coordinates": [141.356912, 43.060757]}, "properties": {"code": "85", "kind": "横断歩道", "shape": "1", "route": "", "crossing": "", "speed": "", "n_lanes": "", "length": "", "in_cordon": true, "dir_kind": ""}}, {"type": "Feature", "geometry": {"type": "Point", "coordinates": [141.357362, 43.060815]}, "properties": {"code": "85", "kind": "横断歩道", "shape": "1", "route": "", "crossing": "", "speed": "", "n_lanes": "", "length": "", "in_cordon": true, "dir_kind": ""}}, {"type": "Feature", "geometry": {"type": "Point", "coordinates": [141.356734, 43.061526]}, "properties": {"code": "85", "kind": "横断歩道", "shape": "1", "route": "", "crossing": "", "speed": "", "n_lanes": "", "length": "", "in_cordon": true, "dir_kind": ""}}, {"type": "Feature", "geometry": {"type": "Point", "coordinates": [141.357223, 43.061593]}, "properties": {"code": "85", "kind": "横断歩道", "shape": "1", "route": "", "crossing": "", "speed": "", "n_lanes": "", "length": "", "in_cordon": true, "dir_kind": ""}}, {"type": "Feature", "geometry": {"type": "Point", "coordinates": [141.356882, 43.057785]}, "properties": {"code": "85", "kind": "横断歩道", "shape": "1", "route": "", "crossing": "", "speed": "", "n_lanes": "", "length": "", "in_cordon": true, "dir_kind": ""}}, {"type": "Feature", "geometry": {"type": "Point", "coordinates": [141.349574, 43.064145]}, "properties": {"code": "85", "kind": "横断歩道", "shape": "1", "route": "", "crossing": "", "speed": "", "n_lanes": "", "length": "", "in_cordon": true, "dir_kind": ""}}, {"type": "Feature", "geometry": {"type": "Point", "coordinates": [141.351112, 43.064345]}, "properties": {"code": "85", "kind": "横断歩道", "shape": "1", "route": "", "crossing": "", "speed": "", "n_lanes": "", "length": "", "in_cordon": true, "dir_kind": ""}}, {"type": "Feature", "geometry": {"type": "Point", "coordinates": [141.36095, 43.065656]}, "properties": {"code": "85", "kind": "横断歩道", "shape": "1", "route": "", "crossing": "", "speed": "", "n_lanes": "", "length": "", "in_cordon": false, "dir_kind": ""}}, {"type": "Feature", "geometry": {"type": "Point", "coordinates": [141.363331, 43.065965]}, "properties": {"code": "85", "kind": "横断歩道", "shape": "1", "route": "", "crossing": "", "speed": "", "n_lanes": "", "length": "", "in_cordon": false, "dir_kind": ""}}, {"type": "Feature", "geometry": {"type": "Point", "coordinates": [141.336395, 43.054487]}, "properties": {"code": "85", "kind": "横断歩道", "shape": "1", "route": "", "crossing": "", "speed": "", "n_lanes": "", "length": "", "in_cordon": false, "dir_kind": ""}}, {"type": "Feature", "geometry": {"type": "Point", "coordinates": [141.354873, 43.070844]}, "properties": {"code": "85", "kind": "横断歩道", "shape": "1", "route": "", "crossing": "", "speed": "", "n_lanes": "", "length": "", "in_cordon": false, "dir_kind": ""}}, {"type": "Feature", "geometry": {"type": "Point", "coordinates": [141.356423, 43.071055]}, "properties": {"code": "85", "kind": "横断歩道", "shape": "1", "route": "", "crossing": "", "speed": "", "n_lanes": "", "length": "", "in_cordon": false, "dir_kind": ""}}, {"type": "Feature", "geometry": {"type": "Point", "coordinates": [141.361672, 43.071814]}, "properties": {"code": "85", "kind": "横断歩道", "shape": "1", "route": "", "crossing": "", "speed": "", "n_lanes": "", "length": "", "in_cordon": false, "dir_kind": ""}}, {"type": "Feature", "geometry": {"type": "Point", "coordinates": [141.3611, 43.071722]}, "properties": {"code": "85", "kind": "横断歩道", "shape": "1", "route": "", "crossing": "", "speed": "", "n_lanes": "", "length": "", "in_cordon": false, "dir_kind": ""}}, {"type": "Feature", "geometry": {"type": "Point", "coordinates": [141.357981, 43.071255]}, "properties": {"code": "85", "kind": "横断歩道", "shape": "1", "route": "", "crossing": "", "speed": "", "n_lanes": "", "length": "", "in_cordon": false, "dir_kind": ""}}, {"type": "Feature", "geometry": {"type": "Point", "coordinates": [141.35765, 43.072405]}, "properties": {"code": "85", "kind": "横断歩道", "shape": "1", "route": "", "crossing": "", "speed": "", "n_lanes": "", "length": "", "in_cordon": false, "dir_kind": ""}}, {"type": "Feature", "geometry": {"type": "Point", "coordinates": [141.356111, 43.072183]}, "properties": {"code": "85", "kind": "横断歩道", "shape": "1", "route": "", "crossing": "", "speed": "", "n_lanes": "", "length": "", "in_cordon": false, "dir_kind": ""}}, {"type": "Feature", "geometry": {"type": "Point", "coordinates": [141.354112, 43.071983]}, "properties": {"code": "85", "kind": "横断歩道", "shape": "1", "route": "", "crossing": "", "speed": "", "n_lanes": "", "length": "", "in_cordon": false, "dir_kind": ""}}, {"type": "Feature", "geometry": {"type": "Point", "coordinates": [141.359511, 43.071528]}, "properties": {"code": "85", "kind": "横断歩道", "shape": "1", "route": "", "crossing": "", "speed": "", "n_lanes": "", "length": "", "in_cordon": false, "dir_kind": ""}}, {"type": "Feature", "geometry": {"type": "Point", "coordinates": [141.359231, 43.072625]}, "properties": {"code": "85", "kind": "横断歩道", "shape": "1", "route": "", "crossing": "", "speed": "", "n_lanes": "", "length": "", "in_cordon": false, "dir_kind": ""}}, {"type": "Feature", "geometry": {"type": "Point", "coordinates": [141.361611, 43.072944]}, "properties": {"code": "85", "kind": "横断歩道", "shape": "1", "route": "", "crossing": "", "speed": "", "n_lanes": "", "length": "", "in_cordon": false, "dir_kind": ""}}, {"type": "Feature", "geometry": {"type": "Point", "coordinates": [141.358523, 43.068995]}, "properties": {"code": "85", "kind": "横断歩道", "shape": "1", "route": "", "crossing": "", "speed": "", "n_lanes": "", "length": "", "in_cordon": false, "dir_kind": ""}}, {"type": "Feature", "geometry": {"type": "Point", "coordinates": [141.360092, 43.069195]}, "properties": {"code": "85", "kind": "横断歩道", "shape": "1", "route": "", "crossing": "", "speed": "", "n_lanes": "", "length": "", "in_cordon": false, "dir_kind": ""}}, {"type": "Feature", "geometry": {"type": "Point", "coordinates": [141.354681, 43.069625]}, "properties": {"code": "85", "kind": "横断歩道", "shape": "1", "route": "", "crossing": "", "speed": "", "n_lanes": "", "length": "", "in_cordon": false, "dir_kind": ""}}, {"type": "Feature", "geometry": {"type": "Point", "coordinates": [141.356675, 43.069972]}, "properties": {"code": "85", "kind": "横断歩道", "shape": "1", "route": "", "crossing": "", "speed": "", "n_lanes": "", "length": "", "in_cordon": false, "dir_kind": ""}}, {"type": "Feature", "geometry": {"type": "Point", "coordinates": [141.358228, 43.070194]}, "properties": {"code": "85", "kind": "横断歩道", "shape": "1", "route": "", "crossing": "", "speed": "", "n_lanes": "", "length": "", "in_cordon": false, "dir_kind": ""}}, {"type": "Feature", "geometry": {"type": "Point", "coordinates": [141.356928, 43.06902]}, "properties": {"code": "85", "kind": "横断歩道", "shape": "1", "route": "", "crossing": "", "speed": "", "n_lanes": "", "length": "", "in_cordon": false, "dir_kind": ""}}, {"type": "Feature", "geometry": {"type": "Point", "coordinates": [141.361622, 43.069414]}, "properties": {"code": "85", "kind": "横断歩道", "shape": "1", "route": "", "crossing": "", "speed": "", "n_lanes": "", "length": "", "in_cordon": false, "dir_kind": ""}}, {"type": "Feature", "geometry": {"type": "Point", "coordinates": [141.35455, 43.072022]}, "properties": {"code": "85", "kind": "横断歩道", "shape": "1", "route": "", "crossing": "", "speed": "", "n_lanes": "", "length": "", "in_cordon": false, "dir_kind": ""}}, {"type": "Feature", "geometry": {"type": "Point", "coordinates": [141.3427, 43.048466]}, "properties": {"code": "85", "kind": "横断歩道", "shape": "1", "route": "", "crossing": "", "speed": "", "n_lanes": "", "length": "", "in_cordon": false, "dir_kind": ""}}, {"type": "Feature", "geometry": {"type": "Point", "coordinates": [141.356593, 43.049033]}, "properties": {"code": "85", "kind": "横断歩道", "shape": "1", "route": "", "crossing": "", "speed": "", "n_lanes": "", "length": "", "in_cordon": false, "dir_kind": ""}}, {"type": "Feature", "geometry": {"type": "Point", "coordinates": [141.357115, 43.0491]}, "properties": {"code": "85", "kind": "横断歩道", "shape": "1", "route": "", "crossing": "", "speed": "", "n_lanes": "", "length": "", "in_cordon": false, "dir_kind": ""}}, {"type": "Feature", "geometry": {"type": "Point", "coordinates": [141.349702, 43.048658]}, "properties": {"code": "85", "kind": "横断歩道", "shape": "1", "route": "", "crossing": "", "speed": "", "n_lanes": "", "length": "", "in_cordon": false, "dir_kind": ""}}, {"type": "Feature", "geometry": {"type": "Point", "coordinates": [141.355027, 43.048844]}, "properties": {"code": "85", "kind": "横断歩道", "shape": "1", "route": "", "crossing": "", "speed": "", "n_lanes": "", "length": "", "in_cordon": false, "dir_kind": ""}}, {"type": "Feature", "geometry": {"type": "Point", "coordinates": [141.345994, 43.048608]}, "properties": {"code": "85", "kind": "横断歩道", "shape": "1", "route": "", "crossing": "", "speed": "", "n_lanes": "", "length": "", "in_cordon": false, "dir_kind": ""}}, {"type": "Feature", "geometry": {"type": "Point", "coordinates": [141.339203, 43.048146]}, "properties": {"code": "85", "kind": "横断歩道", "shape": "1", "route": "", "crossing": "", "speed": "", "n_lanes": "", "length": "", "in_cordon": false, "dir_kind": ""}}, {"type": "Feature", "geometry": {"type": "Point", "coordinates": [141.358582, 43.048964]}, "properties": {"code": "85", "kind": "横断歩道", "shape": "1", "route": "", "crossing": "", "speed": "", "n_lanes": "", "length": "", "in_cordon": false, "dir_kind": ""}}, {"type": "Feature", "geometry": {"type": "Point", "coordinates": [141.351794, 43.048616]}, "properties": {"code": "85", "kind": "横断歩道", "shape": "1", "route": "", "crossing": "", "speed": "", "n_lanes": "", "length": "", "in_cordon": false, "dir_kind": ""}}, {"type": "Feature", "geometry": {"type": "Point", "coordinates": [141.350033, 43.046847]}, "properties": {"code": "85", "kind": "横断歩道", "shape": "1", "route": "", "crossing": "", "speed": "", "n_lanes": "", "length": "", "in_cordon": false, "dir_kind": ""}}, {"type": "Feature", "geometry": {"type": "Point", "coordinates": [141.344003, 43.048485]}, "properties": {"code": "85", "kind": "横断歩道", "shape": "1", "route": "", "crossing": "", "speed": "", "n_lanes": "", "length": "", "in_cordon": false, "dir_kind": ""}}, {"type": "Feature", "geometry": {"type": "Point", "coordinates": [141.341175, 43.048296]}, "properties": {"code": "85", "kind": "横断歩道", "shape": "1", "route": "", "crossing": "", "speed": "", "n_lanes": "", "length": "", "in_cordon": false, "dir_kind": ""}}, {"type": "Feature", "geometry": {"type": "Point", "coordinates": [141.337203, 43.048027]}, "properties": {"code": "85", "kind": "横断歩道", "shape": "1", "route": "", "crossing": "", "speed": "", "n_lanes": "", "length": "", "in_cordon": false, "dir_kind": ""}}, {"type": "Feature", "geometry": {"type": "Point", "coordinates": [141.348002, 43.048635]}, "properties": {"code": "85", "kind": "横断歩道", "shape": "1", "route": "", "crossing": "", "speed": "", "n_lanes": "", "length": "", "in_cordon": false, "dir_kind": ""}}, {"type": "Feature", "geometry": {"type": "Point", "coordinates": [141.353324, 43.048597]}, "properties": {"code": "85", "kind": "横断歩道", "shape": "1", "route": "", "crossing": "", "speed": "", "n_lanes": "", "length": "", "in_cordon": false, "dir_kind": ""}}, {"type": "Feature", "geometry": {"type": "Point", "coordinates": [141.342864, 43.046435]}, "properties": {"code": "85", "kind": "横断歩道", "shape": "1", "route": "", "crossing": "", "speed": "", "n_lanes": "", "length": "", "in_cordon": false, "dir_kind": ""}}, {"type": "Feature", "geometry": {"type": "Point", "coordinates": [141.348093, 43.069933]}, "properties": {"code": "85", "kind": "横断歩道", "shape": "1", "route": "", "crossing": "", "speed": "", "n_lanes": "", "length": "", "in_cordon": false, "dir_kind": ""}}, {"type": "Feature", "geometry": {"type": "Point", "coordinates": [141.346801, 43.068575]}, "properties": {"code": "85", "kind": "横断歩道", "shape": "1", "route": "", "crossing": "", "speed": "", "n_lanes": "", "length": "", "in_cordon": false, "dir_kind": ""}}, {"type": "Feature", "geometry": {"type": "Point", "coordinates": [141.344962, 43.069505]}, "properties": {"code": "85", "kind": "横断歩道", "shape": "1", "route": "", "crossing": "", "speed": "", "n_lanes": "", "length": "", "in_cordon": false, "dir_kind": ""}}, {"type": "Feature", "geometry": {"type": "Point", "coordinates": [141.348373, 43.068841]}, "properties": {"code": "85", "kind": "横断歩道", "shape": "1", "route": "", "crossing": "", "speed": "", "n_lanes": "", "length": "", "in_cordon": false, "dir_kind": ""}}, {"type": "Feature", "geometry": {"type": "Point", "coordinates": [141.351192, 43.070344]}, "properties": {"code": "85", "kind": "横断歩道", "shape": "1", "route": "", "crossing": "", "speed": "", "n_lanes": "", "length": "", "in_cordon": false, "dir_kind": ""}}, {"type": "Feature", "geometry": {"type": "Point", "coordinates": [141.347782, 43.071083]}, "properties": {"code": "85", "kind": "横断歩道", "shape": "1", "route": "", "crossing": "", "speed": "", "n_lanes": "", "length": "", "in_cordon": false, "dir_kind": ""}}, {"type": "Feature", "geometry": {"type": "Point", "coordinates": [141.350915, 43.071541]}, "properties": {"code": "85", "kind": "横断歩道", "shape": "1", "route": "", "crossing": "", "speed": "", "n_lanes": "", "length": "", "in_cordon": false, "dir_kind": ""}}, {"type": "Feature", "geometry": {"type": "Point", "coordinates": [141.352776, 43.070608]}, "properties": {"code": "85", "kind": "横断歩道", "shape": "1", "route": "", "crossing": "", "speed": "", "n_lanes": "", "length": "", "in_cordon": false, "dir_kind": ""}}, {"type": "Feature", "geometry": {"type": "Point", "coordinates": [141.349651, 43.070164]}, "properties": {"code": "85", "kind": "横断歩道", "shape": "1", "route": "", "crossing": "", "speed": "", "n_lanes": "", "length": "", "in_cordon": false, "dir_kind": ""}}, {"type": "Feature", "geometry": {"type": "Point", "coordinates": [141.349362, 43.071305]}, "properties": {"code": "85", "kind": "横断歩道", "shape": "1", "route": "", "crossing": "", "speed": "", "n_lanes": "", "length": "", "in_cordon": false, "dir_kind": ""}}, {"type": "Feature", "geometry": {"type": "Point", "coordinates": [141.352484, 43.071764]}, "properties": {"code": "85", "kind": "横断歩道", "shape": "1", "route": "", "crossing": "", "speed": "", "n_lanes": "", "length": "", "in_cordon": false, "dir_kind": ""}}, {"type": "Feature", "geometry": {"type": "Point", "coordinates": [141.346482, 43.069744]}, "properties": {"code": "85", "kind": "横断歩道", "shape": "1", "route": "", "crossing": "", "speed": "", "n_lanes": "", "length": "", "in_cordon": false, "dir_kind": ""}}, {"type": "Feature", "geometry": {"type": "Point", "coordinates": [141.345274, 43.068308]}, "properties": {"code": "85", "kind": "横断歩道", "shape": "1", "route": "", "crossing": "", "speed": "", "n_lanes": "", "length": "", "in_cordon": false, "dir_kind": ""}}, {"type": "Feature", "geometry": {"type": "Point", "coordinates": [141.353087, 43.069472]}, "properties": {"code": "85", "kind": "横断歩道", "shape": "1", "route": "", "crossing": "", "speed": "", "n_lanes": "", "length": "", "in_cordon": false, "dir_kind": ""}}, {"type": "Feature", "geometry": {"type": "Point", "coordinates": [141.345274, 43.068422]}, "properties": {"code": "85", "kind": "横断歩道", "shape": "1", "route": "", "crossing": "", "speed": "", "n_lanes": "", "length": "", "in_cordon": false, "dir_kind": ""}}, {"type": "Feature", "geometry": {"type": "Point", "coordinates": [141.345532, 43.067244]}, "properties": {"code": "85", "kind": "横断歩道", "shape": "1", "route": "", "crossing": "", "speed": "", "n_lanes": "", "length": "", "in_cordon": false, "dir_kind": ""}}, {"type": "Feature", "geometry": {"type": "Point", "coordinates": [141.351401, 43.069394]}, "properties": {"code": "85", "kind": "横断歩道", "shape": "1", "route": "", "crossing": "", "speed": "", "n_lanes": "", "length": "", "in_cordon": false, "dir_kind": ""}}, {"type": "Feature", "geometry": {"type": "Point", "coordinates": [141.349823, 43.069105]}, "properties": {"code": "85", "kind": "横断歩道", "shape": "1", "route": "", "crossing": "", "speed": "", "n_lanes": "", "length": "", "in_cordon": false, "dir_kind": ""}}, {"type": "Feature", "geometry": {"type": "Point", "coordinates": [141.364562, 43.048658]}, "properties": {"code": "85", "kind": "横断歩道", "shape": "1", "route": "", "crossing": "", "speed": "", "n_lanes": "", "length": "", "in_cordon": false, "dir_kind": ""}}, {"type": "Feature", "geometry": {"type": "Point", "coordinates": [141.362223, 43.048566]}, "properties": {"code": "85", "kind": "横断歩道", "shape": "1", "route": "", "crossing": "", "speed": "", "n_lanes": "", "length": "", "in_cordon": false, "dir_kind": ""}}, {"type": "Feature", "geometry": {"type": "Point", "coordinates": [141.363681, 43.052158]}, "properties": {"code": "85", "kind": "横断歩道", "shape": "1", "route": "", "crossing": "", "speed": "", "n_lanes": "", "length": "", "in_cordon": false, "dir_kind": ""}}, {"type": "Feature", "geometry": {"type": "Point", "coordinates": [141.366312, 43.051547]}, "properties": {"code": "85", "kind": "横断歩道", "shape": "1", "route": "", "crossing": "", "speed": "", "n_lanes": "", "length": "", "in_cordon": false, "dir_kind": ""}}, {"type": "Feature", "geometry": {"type": "Point", "coordinates": [141.365151, 43.055185]}, "properties": {"code": "85", "kind": "横断歩道", "shape": "1", "route": "", "crossing": "", "speed": "", "n_lanes": "", "length": "", "in_cordon": false, "dir_kind": ""}}, {"type": "Feature", "geometry": {"type": "Point", "coordinates": [141.366323, 43.055985]}, "properties": {"code": "85", "kind": "横断歩道", "shape": "1", "route": "", "crossing": "", "speed": "", "n_lanes": "", "length": "", "in_cordon": false, "dir_kind": ""}}, {"type": "Feature", "geometry": {"type": "Point", "coordinates": [141.365181, 43.050547]}, "properties": {"code": "85", "kind": "横断歩道", "shape": "1", "route": "", "crossing": "", "speed": "", "n_lanes": "", "length": "", "in_cordon": false, "dir_kind": ""}}, {"type": "Feature", "geometry": {"type": "Point", "coordinates": [141.366762, 43.054177]}, "properties": {"code": "85", "kind": "横断歩道", "shape": "1", "route": "", "crossing": "", "speed": "", "n_lanes": "", "length": "", "in_cordon": false, "dir_kind": ""}}, {"type": "Feature", "geometry": {"type": "Point", "coordinates": [141.366462, 43.049158]}, "properties": {"code": "85", "kind": "横断歩道", "shape": "1", "route": "", "crossing": "", "speed": "", "n_lanes": "", "length": "", "in_cordon": false, "dir_kind": ""}}, {"type": "Feature", "geometry": {"type": "Point", "coordinates": [141.359611, 43.071003]}, "properties": {"code": "85", "kind": "横断歩道", "shape": "1", "route": "", "crossing": "", "speed": "", "n_lanes": "", "length": "", "in_cordon": false, "dir_kind": ""}}, {"type": "Feature", "geometry": {"type": "Point", "coordinates": [141.36302, 43.067231]}, "properties": {"code": "85", "kind": "横断歩道", "shape": "1", "route": "", "crossing": "", "speed": "", "n_lanes": "", "length": "", "in_cordon": false, "dir_kind": ""}}, {"type": "Feature", "geometry": {"type": "Point", "coordinates": [141.35334, 43.068453]}, "properties": {"code": "85", "kind": "横断歩道", "shape": "1", "route": "", "crossing": "", "speed": "", "n_lanes": "", "length": "", "in_cordon": false, "dir_kind": ""}}, {"type": "Feature", "geometry": {"type": "Point", "coordinates": [141.347093, 43.067444]}, "properties": {"code": "85", "kind": "横断歩道", "shape": "1", "route": "", "crossing": "", "speed": "", "n_lanes": "", "length": "", "in_cordon": false, "dir_kind": ""}}, {"type": "Feature", "geometry": {"type": "Point", "coordinates": [141.348621, 43.067775]}, "properties": {"code": "85", "kind": "横断歩道", "shape": "1", "route": "", "crossing": "", "speed": "", "n_lanes": "", "length": "", "in_cordon": false, "dir_kind": ""}}, {"type": "Feature", "geometry": {"type": "Point", "coordinates": [141.352081, 43.06697]}, "properties": {"code": "85", "kind": "横断歩道", "shape": "1", "route": "", "crossing": "", "speed": "", "n_lanes": "", "length": "", "in_cordon": true, "dir_kind": ""}}, {"type": "Feature", "geometry": {"type": "Point", "coordinates": [141.353681, 43.067145]}, "properties": {"code": "85", "kind": "横断歩道", "shape": "1", "route": "", "crossing": "", "speed": "", "n_lanes": "", "length": "", "in_cordon": true, "dir_kind": ""}}, {"type": "Feature", "geometry": {"type": "Point", "coordinates": [141.35694, 43.060798]}, "properties": {"code": "86", "kind": "斜め横断可", "shape": "1", "route": "", "crossing": "", "speed": "", "n_lanes": "", "length": "", "in_cordon": true, "dir_kind": ""}}, {"type": "Feature", "geometry": {"type": "Point", "coordinates": [141.356734, 43.061501]}, "properties": {"code": "86", "kind": "斜め横断可", "shape": "1", "route": "", "crossing": "", "speed": "", "n_lanes": "", "length": "", "in_cordon": true, "dir_kind": ""}}, {"type": "Feature", "geometry": {"type": "Point", "coordinates": [141.35724, 43.061584]}, "properties": {"code": "86", "kind": "斜め横断可", "shape": "1", "route": "", "crossing": "", "speed": "", "n_lanes": "", "length": "", "in_cordon": true, "dir_kind": ""}}, {"type": "Feature", "geometry": {"type": "Point", "coordinates": [141.351471, 43.063209]}, "properties": {"code": "86", "kind": "斜め横断可", "shape": "1", "route": "", "crossing": "", "speed": "", "n_lanes": "", "length": "", "in_cordon": true, "dir_kind": ""}}, {"type": "Feature", "geometry": {"type": "Point", "coordinates": [141.350823, 43.065578]}, "properties": {"code": "86", "kind": "斜め横断可", "shape": "1", "route": "", "crossing": "", "speed": "", "n_lanes": "", "length": "", "in_cordon": true, "dir_kind": ""}}, {"type": "Feature", "geometry": {"type": "Point", "coordinates": [141.352562, 43.058996]}, "properties": {"code": "86", "kind": "斜め横断可", "shape": "1", "route": "", "crossing": "", "speed": "", "n_lanes": "", "length": "", "in_cordon": true, "dir_kind": ""}}, {"type": "Feature", "geometry": {"type": "Point", "coordinates": [141.352401, 43.058957]}, "properties": {"code": "98", "kind": "信号機", "shape": "1", "route": "", "crossing": "", "speed": "", "n_lanes": "", "length": "", "in_cordon": true, "dir_kind": ""}}, {"type": "Feature", "geometry": {"type": "Point", "coordinates": [141.351662, 43.061965]}, "properties": {"code": "98", "kind": "信号機", "shape": "1", "route": "", "crossing": "", "speed": "", "n_lanes": "", "length": "", "in_cordon": true, "dir_kind": ""}}, {"type": "Feature", "geometry": {"type": "Point", "coordinates": [141.350501, 43.066695]}, "properties": {"code": "98", "kind": "信号機", "shape": "1", "route": "", "crossing": "", "speed": "", "n_lanes": "", "length": "", "in_cordon": true, "dir_kind": ""}}, {"type": "Feature", "geometry": {"type": "Point", "coordinates": [141.353262, 43.062165]}, "properties": {"code": "98", "kind": "信号機", "shape": "1", "route": "", "crossing": "", "speed": "", "n_lanes": "", "length": "", "in_cordon": true, "dir_kind": ""}}, {"type": "Feature", "geometry": {"type": "Point", "coordinates": [141.354874, 43.055827]}, "properties": {"code": "98", "kind": "信号機", "shape": "1", "route": "", "crossing": "", "speed": "", "n_lanes": "", "length": "", "in_cordon": true, "dir_kind": ""}}, {"type": "Feature", "geometry": {"type": "Point", "coordinates": [141.354032, 43.059146]}, "properties": {"code": "98", "kind": "信号機", "shape": "1", "route": "", "crossing": "", "speed": "", "n_lanes": "", "length": "", "in_cordon": true, "dir_kind": ""}}, {"type": "Feature", "geometry": {"type": "Point", "coordinates": [141.350093, 43.061815]}, "properties": {"code": "98", "kind": "信号機", "shape": "1", "route": "", "crossing": "", "speed": "", "n_lanes": "", "length": "", "in_cordon": true, "dir_kind": ""}}, {"type": "Feature", "geometry": {"type": "Point", "coordinates": [141.340783, 43.060506]}, "properties": {"code": "98", "kind": "信号機", "shape": "1", "route": "", "crossing": "", "speed": "", "n_lanes": "", "length": "", "in_cordon": true, "dir_kind": ""}}, {"type": "Feature", "geometry": {"type": "Point", "coordinates": [141.353263, 43.055615]}, "properties": {"code": "98", "kind": "信号機", "shape": "1", "route": "", "crossing": "", "speed": "", "n_lanes": "", "length": "", "in_cordon": true, "dir_kind": ""}}, {"type": "Feature", "geometry": {"type": "Point", "coordinates": [141.355593, 43.059357]}, "properties": {"code": "98", "kind": "信号機", "shape": "1", "route": "", "crossing": "", "speed": "", "n_lanes": "", "length": "", "in_cordon": true, "dir_kind": ""}}, {"type": "Feature", "geometry": {"type": "Point", "coordinates": [141.348574, 43.054976]}, "properties": {"code": "98", "kind": "信号機", "shape": "1", "route": "", "crossing": "", "speed": "", "n_lanes": "", "length": "", "in_cordon": true, "dir_kind": ""}}, {"type": "Feature", "geometry": {"type": "Point", "coordinates": [141.342264, 43.051777]}, "properties": {"code": "98", "kind": "信号機", "shape": "1", "route": "", "crossing": "", "speed": "", "n_lanes": "", "length": "", "in_cordon": false, "dir_kind": ""}}, {"type": "Feature", "geometry": {"type": "Point", "coordinates": [141.348943, 43.066495]}, "properties": {"code": "98", "kind": "信号機", "shape": "1", "route": "", "crossing": "", "speed": "", "n_lanes": "", "length": "", "in_cordon": true, "dir_kind": ""}}, {"type": "Feature", "geometry": {"type": "Point", "coordinates": [141.358431, 43.062895]}, "properties": {"code": "98", "kind": "信号機", "shape": "1", "route": "", "crossing": "", "speed": "", "n_lanes": "", "length": "", "in_cordon": true, "dir_kind": ""}}, {"type": "Feature", "geometry": {"type": "Point", "coordinates": [141.346963, 43.061395]}, "properties": {"code": "98", "kind": "信号機", "shape": "1", "route": "", "crossing": "", "speed": "", "n_lanes": "", "length": "", "in_cordon": true, "dir_kind": ""}}, {"type": "Feature", "geometry": {"type": "Point", "coordinates": [141.350913, 43.058734]}, "properties": {"code": "98", "kind": "信号機", "shape": "1", "route": "", "crossing": "", "speed": "", "n_lanes": "", "length": "", "in_cordon": true, "dir_kind": ""}}, {"type": "Feature", "geometry": {"type": "Point", "coordinates": [141.341325, 43.057415]}, "properties": {"code": "98", "kind": "信号機", "shape": "1", "route": "", "crossing": "", "speed": "", "n_lanes": "", "length": "", "in_cordon": true, "dir_kind": ""}}, {"type": "Feature", "geometry": {"type": "Point", "coordinates": [141.351112, 43.064345]}, "properties": {"code": "98", "kind": "信号機", "shape": "1", "route": "", "crossing": "", "speed": "", "n_lanes": "", "length": "", "in_cordon": true, "dir_kind": ""}}, {"type": "Feature", "geometry": {"type": "Point", "coordinates": [141.356482, 43.056099]}, "properties": {"code": "98", "kind": "信号機", "shape": "1", "route": "", "crossing": "", "speed": "", "n_lanes": "", "length": "", "in_cordon": true, "dir_kind": ""}}, {"type": "Feature", "geometry": {"type": "Point", "coordinates": [141.354823, 43.062376]}, "properties": {"code": "98", "kind": "信号機", "shape": "1", "route": "", "crossing": "", "speed": "", "n_lanes": "", "length": "", "in_cordon": true, "dir_kind": ""}}, {"type": "Feature", "geometry": {"type": "Point", "coordinates": [141.349574, 43.064145]}, "properties": {"code": "98", "kind": "信号機", "shape": "1", "route": "", "crossing": "", "speed": "", "n_lanes": "", "length": "", "in_cordon": true, "dir_kind": ""}}, {"type": "Feature", "geometry": {"type": "Point", "coordinates": [141.354312, 43.064756]}, "properties": {"code": "98", "kind": "信号機", "shape": "1", "route": "", "crossing": "", "speed": "", "n_lanes": "", "length": "", "in_cordon": true, "dir_kind": ""}}, {"type": "Feature", "geometry": {"type": "Point", "coordinates": [141.357793, 43.057315]}, "properties": {"code": "98", "kind": "信号機", "shape": "1", "route": "", "crossing": "", "speed": "", "n_lanes": "", "length": "", "in_cordon": true, "dir_kind": ""}}, {"type": "Feature", "geometry": {"type": "Point", "coordinates": [141.354282, 43.058007]}, "properties": {"code": "98", "kind": "信号機", "shape": "1", "route": "", "crossing": "", "speed": "", "n_lanes": "", "length": "", "in_cordon": true, "dir_kind": ""}}, {"type": "Feature", "geometry": {"type": "Point", "coordinates": [141.352851, 43.057185]}, "properties": {"code": "98", "kind": "信号機", "shape": "1", "route": "", "crossing": "", "speed": "", "n_lanes": "", "length": "", "in_cordon": true, "dir_kind": ""}}, {"type": "Feature", "geometry": {"type": "Point", "coordinates": [141.339585, 43.065283]}, "properties": {"code": "98", "kind": "信号機", "shape": "1", "route": "", "crossing": "", "speed": "", "n_lanes": "", "length": "", "in_cordon": true, "dir_kind": ""}}, {"type": "Feature", "geometry": {"type": "Point", "coordinates": [141.356306, 43.065078]}, "properties": {"code": "98", "kind": "信号機", "shape": "1", "route": "", "crossing": "", "speed": "", "n_lanes": "", "length": "", "in_cordon": true, "dir_kind": ""}}, {"type": "Feature", "geometry": {"type": "Point", "coordinates": [141.355873, 43.064984]}, "properties": {"code": "98", "kind": "信号機", "shape": "1", "route": "", "crossing": "", "speed": "", "n_lanes": "", "length": "", "in_cordon": true, "dir_kind": ""}}, {"type": "Feature", "geometry": {"type": "Point", "coordinates": [141.361592, 43.056746]}, "properties": {"code": "98", "kind": "信号機", "shape": "1", "route": "", "crossing": "", "speed": "", "n_lanes": "", "length": "", "in_cordon": false, "dir_kind": ""}}, {"type": "Feature", "geometry": {"type": "Point", "coordinates": [141.350782, 43.065525]}, "properties": {"code": "98", "kind": "信号機", "shape": "1", "route": "", "crossing": "", "speed": "", "n_lanes": "", "length": "", "in_cordon": true, "dir_kind": ""}}, {"type": "Feature", "geometry": {"type": "Point", "coordinates": [141.352712, 43.064534]}, "properties": {"code": "98", "kind": "信号機", "shape": "1", "route": "", "crossing": "", "speed": "", "n_lanes": "", "length": "", "in_cordon": true, "dir_kind": ""}}, {"type": "Feature", "geometry": {"type": "Point", "coordinates": [141.341994, 43.054376]}, "properties": {"code": "98", "kind": "信号機", "shape": "1", "route": "", "crossing": "", "speed": "", "n_lanes": "", "length": "", "in_cordon": true, "dir_kind": ""}}, {"type": "Feature", "geometry": {"type": "Point", "coordinates": [141.351763, 43.055426]}, "properties": {"code": "98", "kind": "信号機", "shape": "1", "route": "", "crossing": "", "speed": "", "n_lanes": "", "length": "", "in_cordon": true, "dir_kind": ""}}, {"type": "Feature", "geometry": {"type": "Point", "coordinates": [141.333341, 43.064427]}, "properties": {"code": "98", "kind": "信号機", "shape": "1", "route": "", "crossing": "", "speed": "", "n_lanes": "", "length": "", "in_cordon": false, "dir_kind": ""}}, {"type": "Feature", "geometry": {"type": "Point", "coordinates": [141.356434, 43.062687]}, "properties": {"code": "98", "kind": "信号機", "shape": "1", "route": "", "crossing": "", "speed": "", "n_lanes": "", "length": "", "in_cordon": true, "dir_kind": ""}}, {"type": "Feature", "geometry": {"type": "Point", "coordinates": [141.356929, 43.062765]}, "properties": {"code": "98", "kind": "信号機", "shape": "1", "route": "", "crossing": "", "speed": "", "n_lanes": "", "length": "", "in_cordon": true, "dir_kind": ""}}, {"type": "Feature", "geometry": {"type": "Point", "coordinates": [141.355293, 43.060507]}, "properties": {"code": "98", "kind": "信号機", "shape": "1", "route": "", "crossing": "", "speed": "", "n_lanes": "", "length": "", "in_cordon": true, "dir_kind": ""}}, {"type": "Feature", "geometry": {"type": "Point", "coordinates": [141.353723, 43.060307]}, "properties": {"code": "98", "kind": "信号機", "shape": "1", "route": "", "crossing": "", "speed": "", "n_lanes": "", "length": "", "in_cordon": true, "dir_kind": ""}}, {"type": "Feature", "geometry": {"type": "Point", "coordinates": [141.351343, 43.056976]}, "properties": {"code": "98", "kind": "信号機", "shape": "1", "route": "", "crossing": "", "speed": "", "n_lanes": "", "length": "", "in_cordon": true, "dir_kind": ""}}, {"type": "Feature", "geometry": {"type": "Point", "coordinates": [141.350782, 43.052785]}, "properties": {"code": "98", "kind": "信号機", "shape": "1", "route": "", "crossing": "", "speed": "", "n_lanes": "", "length": "", "in_cordon": true, "dir_kind": ""}}, {"type": "Feature", "geometry": {"type": "Point", "coordinates": [141.352332, 43.065756]}, "properties": {"code": "98", "kind": "信号機", "shape": "1", "route": "", "crossing": "", "speed": "", "n_lanes": "", "length": "", "in_cordon": true, "dir_kind": ""}}, {"type": "Feature", "geometry": {"type": "Point", "coordinates": [141.357851, 43.065226]}, "properties": {"code": "98", "kind": "信号機", "shape": "1", "route": "", "crossing": "", "speed": "", "n_lanes": "", "length": "", "in_cordon": true, "dir_kind": ""}}, {"type": "Feature", "geometry": {"type": "Point", "coordinates": [141.355471, 43.053488]}, "properties": {"code": "98", "kind": "信号機", "shape": "1", "route": "", "crossing": "", "speed": "", "n_lanes": "", "length": "", "in_cordon": true, "dir_kind": ""}}, {"type": "Feature", "geometry": {"type": "Point", "coordinates": [141.335284, 43.056584]}, "properties": {"code": "98", "kind": "信号機", "shape": "1", "route": "", "crossing": "", "speed": "", "n_lanes": "", "length": "", "in_cordon": false, "dir_kind": ""}}, {"type": "Feature", "geometry": {"type": "Point", "coordinates": [141.359981, 43.063095]}, "properties": {"code": "98", "kind": "信号機", "shape": "1", "route": "", "crossing": "", "speed": "", "n_lanes": "", "length": "", "in_cordon": false, "dir_kind": ""}}, {"type": "Feature", "geometry": {"type": "Point", "coordinates": [141.353874, 43.053207]}, "properties": {"code": "98", "kind": "信号機", "shape": "1", "route": "", "crossing": "", "speed": "", "n_lanes": "", "length": "", "in_cordon": true, "dir_kind": ""}}, {"type": "Feature", "geometry": {"type": "Point", "coordinates": [141.352143, 43.060076]}, "properties": {"code": "98", "kind": "信号機", "shape": "1", "route": "", "crossing": "", "speed": "", "n_lanes": "", "length": "", "in_cordon": true, "dir_kind": ""}}, {"type": "Feature", "geometry": {"type": "Point", "coordinates": [141.35854, 43.056357]}, "properties": {"code": "98", "kind": "信号機", "shape": "1", "route": "", "crossing": "", "speed": "", "n_lanes": "", "length": "", "in_cordon": true, "dir_kind": ""}}, {"type": "Feature", "geometry": {"type": "Point", "coordinates": [141.358073, 43.056285]}, "properties": {"code": "98", "kind": "信号機", "shape": "1", "route": "", "crossing": "", "speed": "", "n_lanes": "", "length": "", "in_cordon": true, "dir_kind": ""}}, {"type": "Feature", "geometry": {"type": "Point", "coordinates": [141.356001, 43.066281]}, "properties": {"code": "98", "kind": "信号機", "shape": "1", "route": "", "crossing": "", "speed": "", "n_lanes": "", "length": "", "in_cordon": true, "dir_kind": ""}}, {"type": "Feature", "geometry": {"type": "Point", "coordinates": [141.355617, 43.066234]}, "properties": {"code": "98", "kind": "信号機", "shape": "1", "route": "", "crossing": "", "speed": "", "n_lanes": "", "length": "", "in_cordon": true, "dir_kind": ""}}, {"type": "Feature", "geometry": {"type": "Point", "coordinates": [141.351412, 43.063176]}, "properties": {"code": "98", "kind": "信号機", "shape": "1", "route": "", "crossing": "", "speed": "", "n_lanes": "", "length": "", "in_cordon": true, "dir_kind": ""}}, {"type": "Feature", "geometry": {"type": "Point", "coordinates": [141.341033, 43.059384]}, "properties": {"code": "98", "kind": "信号機", "shape": "1", "route": "", "crossing": "", "speed": "", "n_lanes": "", "length": "", "in_cordon": true, "dir_kind": ""}}, {"type": "Feature", "geometry": {"type": "Point", "coordinates": [141.355043, 43.061245]}, "properties": {"code": "98", "kind": "信号機", "shape": "1", "route": "", "crossing": "", "speed": "", "n_lanes": "", "length": "", "in_cordon": true, "dir_kind": ""}}, {"type": "Feature", "geometry": {"type": "Point", "coordinates": [141.352087, 43.066975]}, "properties": {"code": "98", "kind": "信号機", "shape": "1", "route": "", "crossing": "", "speed": "", "n_lanes": "", "length": "", "in_cordon": true, "dir_kind": ""}}, {"type": "Feature", "geometry": {"type": "Point", "coordinates": [141.345824, 43.066033]}, "properties": {"code": "98", "kind": "信号機", "shape": "1", "route": "", "crossing": "", "speed": "", "n_lanes": "", "length": "", "in_cordon": true, "dir_kind": ""}}, {"type": "Feature", "geometry": {"type": "Point", "coordinates": [141.351974, 43.060865]}, "properties": {"code": "98", "kind": "信号機", "shape": "1", "route": "", "crossing": "", "speed": "", "n_lanes": "", "length": "", "in_cordon": true, "dir_kind": ""}}, {"type": "Feature", "geometry": {"type": "Point", "coordinates": [141.353512, 43.061115]}, "properties": {"code": "98", "kind": "信号機", "shape": "1", "route": "", "crossing": "", "speed": "", "n_lanes": "", "length": "", "in_cordon": true, "dir_kind": ""}}, {"type": "Feature", "geometry": {"type": "Point", "coordinates": [141.357701, 43.059676]}, "properties": {"code": "98", "kind": "信号機", "shape": "1", "route": "", "crossing": "", "speed": "", "n_lanes": "", "length": "", "in_cordon": true, "dir_kind": ""}}, {"type": "Feature", "geometry": {"type": "Point", "coordinates": [141.357201, 43.059607]}, "properties": {"code": "98", "kind": "信号機", "shape": "1", "route": "", "crossing": "", "speed": "", "n_lanes": "", "length": "", "in_cordon": true, "dir_kind": ""}}, {"type": "Feature", "geometry": {"type": "Point", "coordinates": [141.352393, 43.052996]}, "properties": {"code": "98", "kind": "信号機", "shape": "1", "route": "", "crossing": "", "speed": "", "n_lanes": "", "length": "", "in_cordon": true, "dir_kind": ""}}, {"type": "Feature", "geometry": {"type": "Point", "coordinates": [141.352124, 43.054177]}, "properties": {"code": "98", "kind": "信号機", "shape": "1", "route": "", "crossing": "", "speed": "", "n_lanes": "", "length": "", "in_cordon": true, "dir_kind": ""}}, {"type": "Feature", "geometry": {"type": "Point", "coordinates": [141.355174, 43.054557]}, "properties": {"code": "98", "kind": "信号機", "shape": "1", "route": "", "crossing": "", "speed": "", "n_lanes": "", "length": "", "in_cordon": true, "dir_kind": ""}}, {"type": "Feature", "geometry": {"type": "Point", "coordinates": [141.336463, 43.064825]}, "properties": {"code": "98", "kind": "信号機", "shape": "1", "route": "", "crossing": "", "speed": "", "n_lanes": "", "length": "", "in_cordon": false, "dir_kind": ""}}, {"type": "Feature", "geometry": {"type": "Point", "coordinates": [141.356651, 43.063865]}, "properties": {"code": "98", "kind": "信号機", "shape": "1", "route": "", "crossing": "", "speed": "", "n_lanes": "", "length": "", "in_cordon": true, "dir_kind": ""}}, {"type": "Feature", "geometry": {"type": "Point", "coordinates": [141.356142, 43.063823]}, "properties": {"code": "98", "kind": "信号機", "shape": "1", "route": "", "crossing": "", "speed": "", "n_lanes": "", "length": "", "in_cordon": true, "dir_kind": ""}}, {"type": "Feature", "geometry": {"type": "Point", "coordinates": [141.346132, 43.064895]}, "properties": {"code": "98", "kind": "信号機", "shape": "1", "route": "", "crossing": "", "speed": "", "n_lanes": "", "length": "", "in_cordon": true, "dir_kind": ""}}, {"type": "Feature", "geometry": {"type": "Point", "coordinates": [141.349243, 43.065359]}, "properties": {"code": "98", "kind": "信号機", "shape": "1", "route": "", "crossing": "", "speed": "", "n_lanes": "", "length": "", "in_cordon": true, "dir_kind": ""}}, {"type": "Feature", "geometry": {"type": "Point", "coordinates": [141.347362, 43.066256]}, "properties": {"code": "98", "kind": "信号機", "shape": "1", "route": "", "crossing": "", "speed": "", "n_lanes": "", "length": "", "in_cordon": true, "dir_kind": ""}}, {"type": "Feature", "geometry": {"type": "Point", "coordinates": [141.347732, 43.058295]}, "properties": {"code": "98", "kind": "信号機", "shape": "1", "route": "", "crossing": "", "speed": "", "n_lanes": "", "length": "", "in_cordon": true, "dir_kind": ""}}, {"type": "Feature", "geometry": {"type": "Point", "coordinates": [141.352951, 43.063356]}, "properties": {"code": "98", "kind": "信号機", "shape": "1", "route": "", "crossing": "", "speed": "", "n_lanes": "", "length": "", "in_cordon": true, "dir_kind": ""}}, {"type": "Feature", "geometry": {"type": "Point", "coordinates": [141.359392, 43.065445]}, "properties": {"code": "98", "kind": "信号機", "shape": "1", "route": "", "crossing": "", "speed": "", "n_lanes": "", "length": "", "in_cordon": false, "dir_kind": ""}}, {"type": "Feature", "geometry": {"type": "Point", "coordinates": [141.357362, 43.060815]}, "properties": {"code": "98", "kind": "信号機", "shape": "1", "route": "", "crossing": "", "speed": "", "n_lanes": "", "length": "", "in_cordon": true, "dir_kind": ""}}, {"type": "Feature", "geometry": {"type": "Point", "coordinates": [141.356912, 43.060757]}, "properties": {"code": "98", "kind": "信号機", "shape": "1", "route": "", "crossing": "", "speed": "", "n_lanes": "", "length": "", "in_cordon": true, "dir_kind": ""}}, {"type": "Feature", "geometry": {"type": "Point", "coordinates": [141.353962, 43.065975]}, "properties": {"code": "98", "kind": "信号機", "shape": "1", "route": "", "crossing": "", "speed": "", "n_lanes": "", "length": "", "in_cordon": true, "dir_kind": ""}}, {"type": "Feature", "geometry": {"type": "Point", "coordinates": [141.346429, 43.063731]}, "properties": {"code": "98", "kind": "信号機", "shape": "1", "route": "", "crossing": "", "speed": "", "n_lanes": "", "length": "", "in_cordon": true, "dir_kind": ""}}, {"type": "Feature", "geometry": {"type": "Point", "coordinates": [141.337614, 43.060056]}, "properties": {"code": "98", "kind": "信号機", "shape": "1", "route": "", "crossing": "", "speed": "", "n_lanes": "", "length": "", "in_cordon": false, "dir_kind": ""}}, {"type": "Feature", "geometry": {"type": "Point", "coordinates": [141.340452, 43.061684]}, "properties": {"code": "98", "kind": "信号機", "shape": "1", "route": "", "crossing": "", "speed": "", "n_lanes": "", "length": "", "in_cordon": true, "dir_kind": ""}}, {"type": "Feature", "geometry": {"type": "Point", "coordinates": [141.334503, 43.059664]}, "properties": {"code": "98", "kind": "信号機", "shape": "1", "route": "", "crossing": "", "speed": "", "n_lanes": "", "length": "", "in_cordon": false, "dir_kind": ""}}, {"type": "Feature", "geometry": {"type": "Point", "coordinates": [141.350401, 43.060606]}, "properties": {"code": "98", "kind": "信号機", "shape": "1", "route": "", "crossing": "", "speed": "", "n_lanes": "", "length": "", "in_cordon": true, "dir_kind": ""}}, {"type": "Feature", "geometry": {"type": "Point", "coordinates": [141.350643, 43.059876]}, "properties": {"code": "98", "kind": "信号機", "shape": "1", "route": "", "crossing": "", "speed": "", "n_lanes": "", "length": "", "in_cordon": true, "dir_kind": ""}}, {"type": "Feature", "geometry": {"type": "Point", "coordinates": [141.347243, 43.060165]}, "properties": {"code": "98", "kind": "信号機", "shape": "1", "route": "", "crossing": "", "speed": "", "n_lanes": "", "length": "", "in_cordon": true, "dir_kind": ""}}, {"type": "Feature", "geometry": {"type": "Point", "coordinates": [141.345924, 43.059256]}, "properties": {"code": "98", "kind": "信号機", "shape": "1", "route": "", "crossing": "", "speed": "", "n_lanes": "", "length": "", "in_cordon": true, "dir_kind": ""}}, {"type": "Feature", "geometry": {"type": "Point", "coordinates": [141.355912, 43.058235]}, "properties": {"code": "98", "kind": "信号機", "shape": "1", "route": "", "crossing": "", "speed": "", "n_lanes": "", "length": "", "in_cordon": true, "dir_kind": ""}}, {"type": "Feature", "geometry": {"type": "Point", "coordinates": [141.354474, 43.057415]}, "properties": {"code": "98", "kind": "信号機", "shape": "1", "route": "", "crossing": "", "speed": "", "n_lanes": "", "length": "", "in_cordon": true, "dir_kind": ""}}, {"type": "Feature", "geometry": {"type": "Point", "coordinates": [141.353593, 43.054335]}, "properties": {"code": "98", "kind": "信号機", "shape": "1", "route": "", "crossing": "", "speed": "", "n_lanes": "", "length": "", "in_cordon": true, "dir_kind": ""}}, {"type": "Feature", "geometry": {"type": "Point", "coordinates": [141.341075, 43.058626]}, "properties": {"code": "98", "kind": "信号機", "shape": "1", "route": "", "crossing": "", "speed": "", "n_lanes": "", "length": "", "in_cordon": true, "dir_kind": ""}}, {"type": "Feature", "geometry": {"type": "Point", "coordinates": [141.356173, 43.057085]}, "properties": {"code": "98", "kind": "信号機", "shape": "1", "route": "", "crossing": "", "speed": "", "n_lanes": "", "length": "", "in_cordon": true, "dir_kind": ""}}, {"type": "Feature", "geometry": {"type": "Point", "coordinates": [141.357087, 43.053702]}, "properties": {"code": "98", "kind": "信号機", "shape": "1", "route": "", "crossing": "", "speed": "", "n_lanes": "", "length": "", "in_cordon": true, "dir_kind": ""}}, {"type": "Feature", "geometry": {"type": "Point", "coordinates": [141.359242, 43.059857]}, "properties": {"code": "98", "kind": "信号機", "shape": "1", "route": "", "crossing": "", "speed": "", "n_lanes": "", "length": "", "in_cordon": true, "dir_kind": ""}}, {"type": "Feature", "geometry": {"type": "Point", "coordinates": [141.360751, 43.060057]}, "properties": {"code": "98", "kind": "信号機", "shape": "1", "route": "", "crossing": "", "speed": "", "n_lanes": "", "length": "", "in_cordon": false, "dir_kind": ""}}, {"type": "Feature", "geometry": {"type": "Point", "coordinates": [141.348282, 43.055996]}, "properties": {"code": "98", "kind": "信号機", "shape": "1", "route": "", "crossing": "", "speed": "", "n_lanes": "", "length": "", "in_cordon": true, "dir_kind": ""}}, {"type": "Feature", "geometry": {"type": "Point", "coordinates": [141.349832, 43.062964]}, "properties": {"code": "98", "kind": "信号機", "shape": "1", "route": "", "crossing": "", "speed": "", "n_lanes": "", "length": "", "in_cordon": true, "dir_kind": ""}}, {"type": "Feature", "geometry": {"type": "Point", "coordinates": [141.360062, 43.056516]}, "properties": {"code": "98", "kind": "信号機", "shape": "1", "route": "", "crossing": "", "speed": "", "n_lanes": "", "length": "", "in_cordon": true, "dir_kind": ""}}, {"type": "Feature", "geometry": {"type": "Point", "coordinates": [141.356762, 43.054835]}, "properties": {"code": "98", "kind": "信号機", "shape": "1", "route": "", "crossing": "", "speed": "", "n_lanes": "", "length": "", "in_cordon": true, "dir_kind": ""}}, {"type": "Feature", "geometry": {"type": "Point", "coordinates": [141.354551, 43.063545]}, "properties": {"code": "98", "kind": "信号機", "shape": "1", "route": "", "crossing": "", "speed": "", "n_lanes": "", "length": "", "in_cordon": true, "dir_kind": ""}}, {"type": "Feature", "geometry": {"type": "Point", "coordinates": [141.346083, 43.052146]}, "properties": {"code": "98", "kind": "信号機", "shape": "1", "route": "", "crossing": "", "speed": "", "n_lanes": "", "length": "", "in_cordon": true, "dir_kind": ""}}, {"type": "Feature", "geometry": {"type": "Point", "coordinates": [141.345594, 43.052077]}, "properties": {"code": "98", "kind": "信号機", "shape": "1", "route": "", "crossing": "", "speed": "", "n_lanes": "", "length": "", "in_cordon": true, "dir_kind": ""}}, {"type": "Feature", "geometry": {"type": "Point", "coordinates": [141.353681, 43.067145]}, "properties": {"code": "98", "kind": "信号機", "shape": "1", "route": "", "crossing": "", "speed": "", "n_lanes": "", "length": "", "in_cordon": true, "dir_kind": ""}}, {"type": "Feature", "geometry": {"type": "Point", "coordinates": [141.353462, 43.067833]}, "properties": {"code": "98", "kind": "信号機", "shape": "1", "route": "", "crossing": "", "speed": "", "n_lanes": "", "length": "", "in_cordon": false, "dir_kind": ""}}, {"type": "Feature", "geometry": {"type": "Point", "coordinates": [141.345493, 43.061134]}, "properties": {"code": "98", "kind": "信号機", "shape": "1", "route": "", "crossing": "", "speed": "", "n_lanes": "", "length": "", "in_cordon": true, "dir_kind": ""}}, {"type": "Feature", "geometry": {"type": "Point", "coordinates": [141.332772, 43.066705]}, "properties": {"code": "98", "kind": "信号機", "shape": "1", "route": "", "crossing": "", "speed": "", "n_lanes": "", "length": "", "in_cordon": false, "dir_kind": ""}}, {"type": "Feature", "geometry": {"type": "Point", "coordinates": [141.36065, 43.066895]}, "properties": {"code": "98", "kind": "信号機", "shape": "1", "route": "", "crossing": "", "speed": "", "n_lanes": "", "length": "", "in_cordon": false, "dir_kind": ""}}, {"type": "Feature", "geometry": {"type": "Point", "coordinates": [141.354182, 43.052057]}, "properties": {"code": "98", "kind": "信号機", "shape": "1", "route": "", "crossing": "", "speed": "", "n_lanes": "", "length": "", "in_cordon": true, "dir_kind": ""}}, {"type": "Feature", "geometry": {"type": "Point", "coordinates": [141.357993, 43.058546]}, "properties": {"code": "98", "kind": "信号機", "shape": "1", "route": "", "crossing": "", "speed": "", "n_lanes": "", "length": "", "in_cordon": true, "dir_kind": ""}}, {"type": "Feature", "geometry": {"type": "Point", "coordinates": [141.357509, 43.058501]}, "properties": {"code": "98", "kind": "信号機", "shape": "1", "route": "", "crossing": "", "speed": "", "n_lanes": "", "length": "", "in_cordon": true, "dir_kind": ""}}, {"type": "Feature", "geometry": {"type": "Point", "coordinates": [141.334803, 43.058525]}, "properties": {"code": "98", "kind": "信号機", "shape": "1", "route": "", "crossing": "", "speed": "", "n_lanes": "", "length": "", "in_cordon": false, "dir_kind": ""}}, {"type": "Feature", "geometry": {"type": "Point", "coordinates": [141.335014, 43.057834]}, "properties": {"code": "98", "kind": "信号機", "shape": "1", "route": "", "crossing": "", "speed": "", "n_lanes": "", "length": "", "in_cordon": false, "dir_kind": ""}}, {"type": "Feature", "geometry": {"type": "Point", "coordinates": [141.335833, 43.067113]}, "properties": {"code": "98", "kind": "信号機", "shape": "1", "route": "", "crossing": "", "speed": "", "n_lanes": "", "length": "", "in_cordon": false, "dir_kind": ""}}, {"type": "Feature", "geometry": {"type": "Point", "coordinates": [141.358243, 43.057365]}, "properties": {"code": "98", "kind": "信号機", "shape": "1", "route": "", "crossing": "", "speed": "", "n_lanes": "", "length": "", "in_cordon": true, "dir_kind": ""}}, {"type": "Feature", "geometry": {"type": "Point", "coordinates": [141.357823, 43.057307]}, "properties": {"code": "98", "kind": "信号機", "shape": "1", "route": "", "crossing": "", "speed": "", "n_lanes": "", "length": "", "in_cordon": true, "dir_kind": ""}}, {"type": "Feature", "geometry": {"type": "Point", "coordinates": [141.358212, 43.064056]}, "properties": {"code": "98", "kind": "信号機", "shape": "1", "route": "", "crossing": "", "speed": "", "n_lanes": "", "length": "", "in_cordon": true, "dir_kind": ""}}, {"type": "Feature", "geometry": {"type": "Point", "coordinates": [141.359681, 43.064265]}, "properties": {"code": "98", "kind": "信号機", "shape": "1", "route": "", "crossing": "", "speed": "", "n_lanes": "", "length": "", "in_cordon": false, "dir_kind": ""}}, {"type": "Feature", "geometry": {"type": "Point", "coordinates": [141.341814, 43.055134]}, "properties": {"code": "98", "kind": "信号機", "shape": "1", "route": "", "crossing": "", "speed": "", "n_lanes": "", "length": "", "in_cordon": true, "dir_kind": ""}}, {"type": "Feature", "geometry": {"type": "Point", "coordinates": [141.355774, 43.052327]}, "properties": {"code": "98", "kind": "信号機", "shape": "1", "route": "", "crossing": "", "speed": "", "n_lanes": "", "length": "", "in_cordon": true, "dir_kind": ""}}, {"type": "Feature", "geometry": {"type": "Point", "coordinates": [141.356074, 43.051066]}, "properties": {"code": "98", "kind": "信号機", "shape": "1", "route": "", "crossing": "", "speed": "", "n_lanes": "", "length": "", "in_cordon": false, "dir_kind": ""}}, {"type": "Feature", "geometry": {"type": "Point", "coordinates": [141.343844, 43.060906]}, "properties": {"code": "98", "kind": "信号機", "shape": "1", "route": "", "crossing": "", "speed": "", "n_lanes": "", "length": "", "in_cordon": true, "dir_kind": ""}}, {"type": "Feature", "geometry": {"type": "Point", "coordinates": [141.342414, 43.050266]}, "properties": {"code": "98", "kind": "信号機", "shape": "1", "route": "", "crossing": "", "speed": "", "n_lanes": "", "length": "", "in_cordon": false, "dir_kind": ""}}, {"type": "Feature", "geometry": {"type": "Point", "coordinates": [141.350163, 43.055207]}, "properties": {"code": "98", "kind": "信号機", "shape": "1", "route": "", "crossing": "", "speed": "", "n_lanes": "", "length": "", "in_cordon": true, "dir_kind": ""}}, {"type": "Feature", "geometry": {"type": "Point", "coordinates": [141.348844, 43.053715]}, "properties": {"code": "98", "kind": "信号機", "shape": "1", "route": "", "crossing": "", "speed": "", "n_lanes": "", "length": "", "in_cordon": true, "dir_kind": ""}}, {"type": "Feature", "geometry": {"type": "Point", "coordinates": [141.338784, 43.051515]}, "properties": {"code": "98", "kind": "信号機", "shape": "1", "route": "", "crossing": "", "speed": "", "n_lanes": "", "length": "", "in_cordon": false, "dir_kind": ""}}, {"type": "Feature", "geometry": {"type": "Point", "coordinates": [141.349433, 43.051427]}, "properties": {"code": "98", "kind": "信号機", "shape": "1", "route": "", "crossing": "", "speed": "", "n_lanes": "", "length": "", "in_cordon": true, "dir_kind": ""}}, {"type": "Feature", "geometry": {"type": "Point", "coordinates": [141.357551, 43.066475]}, "properties": {"code": "98", "kind": "信号機", "shape": "1", "route": "", "crossing": "", "speed": "", "n_lanes": "", "length": "", "in_cordon": true, "dir_kind": ""}}, {"type": "Feature", "geometry": {"type": "Point", "coordinates": [141.345243, 43.06235]}, "properties": {"code": "98", "kind": "信号機", "shape": "1", "route": "", "crossing": "", "speed": "", "n_lanes": "", "length": "", "in_cordon": true, "dir_kind": ""}}, {"type": "Feature", "geometry": {"type": "Point", "coordinates": [141.352682, 43.057807]}, "properties": {"code": "98", "kind": "信号機", "shape": "1", "route": "", "crossing": "", "speed": "", "n_lanes": "", "length": "", "in_cordon": true, "dir_kind": ""}}, {"type": "Feature", "geometry": {"type": "Point", "coordinates": [141.358773, 43.055066]}, "properties": {"code": "98", "kind": "信号機", "shape": "1", "route": "", "crossing": "", "speed": "", "n_lanes": "", "length": "", "in_cordon": true, "dir_kind": ""}}, {"type": "Feature", "geometry": {"type": "Point", "coordinates": [141.359812, 43.057615]}, "properties": {"code": "98", "kind": "信号機", "shape": "1", "route": "", "crossing": "", "speed": "", "n_lanes": "", "length": "", "in_cordon": true, "dir_kind": ""}}, {"type": "Feature", "geometry": {"type": "Point", "coordinates": [141.361323, 43.057796]}, "properties": {"code": "98", "kind": "信号機", "shape": "1", "route": "", "crossing": "", "speed": "", "n_lanes": "", "length": "", "in_cordon": false, "dir_kind": ""}}, {"type": "Feature", "geometry": {"type": "Point", "coordinates": [141.358393, 43.054996]}, "properties": {"code": "98", "kind": "信号機", "shape": "1", "route": "", "crossing": "", "speed": "", "n_lanes": "", "length": "", "in_cordon": true, "dir_kind": ""}}, {"type": "Feature", "geometry": {"type": "Point", "coordinates": [141.348793, 43.060384]}, "properties": {"code": "98", "kind": "信号機", "shape": "1", "route": "", "crossing": "", "speed": "", "n_lanes": "", "length": "", "in_cordon": true, "dir_kind": ""}}, {"type": "Feature", "geometry": {"type": "Point", "coordinates": [141.349032, 43.059684]}, "properties": {"code": "98", "kind": "信号機", "shape": "1", "route": "", "crossing": "", "speed": "", "n_lanes": "", "length": "", "in_cordon": true, "dir_kind": ""}}, {"type": "Feature", "geometry": {"type": "Point", "coordinates": [141.349293, 43.058507]}, "properties": {"code": "98", "kind": "信号機", "shape": "1", "route": "", "crossing": "", "speed": "", "n_lanes": "", "length": "", "in_cordon": true, "dir_kind": ""}}, {"type": "Feature", "geometry": {"type": "Point", "coordinates": [141.349752, 43.056757]}, "properties": {"code": "98", "kind": "信号機", "shape": "1", "route": "", "crossing": "", "speed": "", "n_lanes": "", "length": "", "in_cordon": true, "dir_kind": ""}}, {"type": "Feature", "geometry": {"type": "Point", "coordinates": [141.349893, 43.056226]}, "properties": {"code": "98", "kind": "信号機", "shape": "1", "route": "", "crossing": "", "speed": "", "n_lanes": "", "length": "", "in_cordon": true, "dir_kind": ""}}, {"type": "Feature", "geometry": {"type": "Point", "coordinates": [141.348552, 43.061595]}, "properties": {"code": "98", "kind": "信号機", "shape": "1", "route": "", "crossing": "", "speed": "", "n_lanes": "", "length": "", "in_cordon": true, "dir_kind": ""}}, {"type": "Feature", "geometry": {"type": "Point", "coordinates": [141.346783, 43.055807]}, "properties": {"code": "98", "kind": "信号機", "shape": "1", "route": "", "crossing": "", "speed": "", "n_lanes": "", "length": "", "in_cordon": true, "dir_kind": ""}}, {"type": "Feature", "geometry": {"type": "Point", "coordinates": [141.346183, 43.058076]}, "properties": {"code": "98", "kind": "信号機", "shape": "1", "route": "", "crossing": "", "speed": "", "n_lanes": "", "length": "", "in_cordon": true, "dir_kind": ""}}, {"type": "Feature", "geometry": {"type": "Point", "coordinates": [141.349593, 43.057384]}, "properties": {"code": "98", "kind": "信号機", "shape": "1", "route": "", "crossing": "", "speed": "", "n_lanes": "", "length": "", "in_cordon": true, "dir_kind": ""}}, {"type": "Feature", "geometry": {"type": "Point", "coordinates": [141.346424, 43.056926]}, "properties": {"code": "98", "kind": "信号機", "shape": "1", "route": "", "crossing": "", "speed": "", "n_lanes": "", "length": "", "in_cordon": true, "dir_kind": ""}}, {"type": "Feature", "geometry": {"type": "Point", "coordinates": [141.351493, 43.056435]}, "properties": {"code": "98", "kind": "信号機", "shape": "1", "route": "", "crossing": "", "speed": "", "n_lanes": "", "length": "", "in_cordon": true, "dir_kind": ""}}, {"type": "Feature", "geometry": {"type": "Point", "coordinates": [141.333894, 43.062025]}, "properties": {"code": "98", "kind": "信号機", "shape": "1", "route": "", "crossing": "", "speed": "", "n_lanes": "", "length": "", "in_cordon": false, "dir_kind": ""}}, {"type": "Feature", "geometry": {"type": "Point", "coordinates": [141.359473, 43.058735]}, "properties": {"code": "98", "kind": "信号機", "shape": "1", "route": "", "crossing": "", "speed": "", "n_lanes": "", "length": "", "in_cordon": true, "dir_kind": ""}}, {"type": "Feature", "geometry": {"type": "Point", "coordinates": [141.361062, 43.058965]}, "properties": {"code": "98", "kind": "信号機", "shape": "1", "route": "", "crossing": "", "speed": "", "n_lanes": "", "length": "", "in_cordon": false, "dir_kind": ""}}, {"type": "Feature", "geometry": {"type": "Point", "coordinates": [141.336575, 43.058034]}, "properties": {"code": "98", "kind": "信号機", "shape": "1", "route": "", "crossing": "", "speed": "", "n_lanes": "", "length": "", "in_cordon": false, "dir_kind": ""}}, {"type": "Feature", "geometry": {"type": "Point", "coordinates": [141.338922, 43.061495]}, "properties": {"code": "98", "kind": "信号機", "shape": "1", "route": "", "crossing": "", "speed": "", "n_lanes": "", "length": "", "in_cordon": false, "dir_kind": ""}}, {"type": "Feature", "geometry": {"type": "Point", "coordinates": [141.337894, 43.058964]}, "properties": {"code": "98", "kind": "信号機", "shape": "1", "route": "", "crossing": "", "speed": "", "n_lanes": "", "length": "", "in_cordon": false, "dir_kind": ""}}, {"type": "Feature", "geometry": {"type": "Point", "coordinates": [141.336394, 43.058784]}, "properties": {"code": "98", "kind": "信号機", "shape": "1", "route": "", "crossing": "", "speed": "", "n_lanes": "", "length": "", "in_cordon": false, "dir_kind": ""}}, {"type": "Feature", "geometry": {"type": "Point", "coordinates": [141.359101, 43.053916]}, "properties": {"code": "98", "kind": "信号機", "shape": "1", "route": "", "crossing": "", "speed": "", "n_lanes": "", "length": "", "in_cordon": true, "dir_kind": ""}}, {"type": "Feature", "geometry": {"type": "Point", "coordinates": [141.359282, 43.053158]}, "properties": {"code": "98", "kind": "信号機", "shape": "1", "route": "", "crossing": "", "speed": "", "n_lanes": "", "length": "", "in_cordon": true, "dir_kind": ""}}, {"type": "Feature", "geometry": {"type": "Point", "coordinates": [141.360201, 43.052927]}, "properties": {"code": "98", "kind": "信号機", "shape": "1", "route": "", "crossing": "", "speed": "", "n_lanes": "", "length": "", "in_cordon": true, "dir_kind": ""}}, {"type": "Feature", "geometry": {"type": "Point", "coordinates": [141.359132, 43.049958]}, "properties": {"code": "98", "kind": "信号機", "shape": "1", "route": "", "crossing": "", "speed": "", "n_lanes": "", "length": "", "in_cordon": false, "dir_kind": ""}}, {"type": "Feature", "geometry": {"type": "Point", "coordinates": [141.358623, 43.053866]}, "properties": {"code": "98", "kind": "信号機", "shape": "1", "route": "", "crossing": "", "speed": "", "n_lanes": "", "length": "", "in_cordon": true, "dir_kind": ""}}, {"type": "Feature", "geometry": {"type": "Point", "coordinates": [141.336102, 43.065955]}, "properties": {"code": "98", "kind": "信号機", "shape": "1", "route": "", "crossing": "", "speed": "", "n_lanes": "", "length": "", "in_cordon": false, "dir_kind": ""}}, {"type": "Feature", "geometry": {"type": "Point", "coordinates": [141.344324, 43.065833]}, "properties": {"code": "98", "kind": "信号機", "shape": "1", "route": "", "crossing": "", "speed": "", "n_lanes": "", "length": "", "in_cordon": true, "dir_kind": ""}}, {"type": "Feature", "geometry": {"type": "Point", "coordinates": [141.354612, 43.056876]}, "properties": {"code": "98", "kind": "信号機", "shape": "1", "route": "", "crossing": "", "speed": "", "n_lanes": "", "length": "", "in_cordon": true, "dir_kind": ""}}, {"type": "Feature", "geometry": {"type": "Point", "coordinates": [141.352924, 43.056665]}, "properties": {"code": "98", "kind": "信号機", "shape": "1", "route": "", "crossing": "", "speed": "", "n_lanes": "", "length": "", "in_cordon": true, "dir_kind": ""}}, {"type": "Feature", "geometry": {"type": "Point", "coordinates": [141.348152, 43.056585]}, "properties": {"code": "98", "kind": "信号機", "shape": "1", "route": "", "crossing": "", "speed": "", "n_lanes": "", "length": "", "in_cordon": true, "dir_kind": ""}}, {"type": "Feature", "geometry": {"type": "Point", "coordinates": [141.348002, 43.057146]}, "properties": {"code": "98", "kind": "信号機", "shape": "1", "route": "", "crossing": "", "speed": "", "n_lanes": "", "length": "", "in_cordon": true, "dir_kind": ""}}, {"type": "Feature", "geometry": {"type": "Point", "coordinates": [141.344924, 43.056776]}, "properties": {"code": "98", "kind": "信号機", "shape": "1", "route": "", "crossing": "", "speed": "", "n_lanes": "", "length": "", "in_cordon": true, "dir_kind": ""}}, {"type": "Feature", "geometry": {"type": "Point", "coordinates": [141.346633, 43.056365]}, "properties": {"code": "98", "kind": "信号機", "shape": "1", "route": "", "crossing": "", "speed": "", "n_lanes": "", "length": "", "in_cordon": true, "dir_kind": ""}}, {"type": "Feature", "geometry": {"type": "Point", "coordinates": [141.349124, 43.052577]}, "properties": {"code": "98", "kind": "信号機", "shape": "1", "route": "", "crossing": "", "speed": "", "n_lanes": "", "length": "", "in_cordon": true, "dir_kind": ""}}, {"type": "Feature", "geometry": {"type": "Point", "coordinates": [141.361842, 43.063376]}, "properties": {"code": "98", "kind": "信号機", "shape": "1", "route": "", "crossing": "", "speed": "", "n_lanes": "", "length": "", "in_cordon": false, "dir_kind": ""}}, {"type": "Feature", "geometry": {"type": "Point", "coordinates": [141.350474, 43.053915]}, "properties": {"code": "98", "kind": "信号機", "shape": "1", "route": "", "crossing": "", "speed": "", "n_lanes": "", "length": "", "in_cordon": true, "dir_kind": ""}}, {"type": "Feature", "geometry": {"type": "Point", "coordinates": [141.341564, 43.056307]}, "properties": {"code": "98", "kind": "信号機", "shape": "1", "route": "", "crossing": "", "speed": "", "n_lanes": "", "length": "", "in_cordon": true, "dir_kind": ""}}, {"type": "Feature", "geometry": {"type": "Point", "coordinates": [141.347044, 43.054776]}, "properties": {"code": "98", "kind": "信号機", "shape": "1", "route": "", "crossing": "", "speed": "", "n_lanes": "", "length": "", "in_cordon": true, "dir_kind": ""}}, {"type": "Feature", "geometry": {"type": "Point", "coordinates": [141.347624, 43.052385]}, "properties": {"code": "98", "kind": "信号機", "shape": "1", "route": "", "crossing": "", "speed": "", "n_lanes": "", "length": "", "in_cordon": true, "dir_kind": ""}}, {"type": "Feature", "geometry": {"type": "Point", "coordinates": [141.343363, 43.056545]}, "properties": {"code": "98", "kind": "信号機", "shape": "1", "route": "", "crossing": "", "speed": "", "n_lanes": "", "length": "", "in_cordon": true, "dir_kind": ""}}, {"type": "Feature", "geometry": {"type": "Point", "coordinates": [141.345213, 43.055596]}, "properties": {"code": "98", "kind": "信号機", "shape": "1", "route": "", "crossing": "", "speed": "", "n_lanes": "", "length": "", "in_cordon": true, "dir_kind": ""}}, {"type": "Feature", "geometry": {"type": "Point", "coordinates": [141.354743, 43.049808]}, "properties": {"code": "98", "kind": "信号機", "shape": "1", "route": "", "crossing": "", "speed": "", "n_lanes": "", "length": "", "in_cordon": false, "dir_kind": ""}}, {"type": "Feature", "geometry": {"type": "Point", "coordinates": [141.358929, 43.061148]}, "properties": {"code": "98", "kind": "信号機", "shape": "1", "route": "", "crossing": "", "speed": "", "n_lanes": "", "length": "", "in_cordon": true, "dir_kind": ""}}, {"type": "Feature", "geometry": {"type": "Point", "coordinates": [141.360173, 43.062295]}, "properties": {"code": "98", "kind": "信号機", "shape": "1", "route": "", "crossing": "", "speed": "", "n_lanes": "", "length": "", "in_cordon": false, "dir_kind": ""}}, {"type": "Feature", "geometry": {"type": "Point", "coordinates": [141.35725, 43.067584]}, "properties": {"code": "98", "kind": "信号機", "shape": "1", "route": "", "crossing": "", "speed": "", "n_lanes": "", "length": "", "in_cordon": true, "dir_kind": ""}}, {"type": "Feature", "geometry": {"type": "Point", "coordinates": [141.345763, 43.059984]}, "properties": {"code": "98", "kind": "信号機", "shape": "1", "route": "", "crossing": "", "speed": "", "n_lanes": "", "length": "", "in_cordon": true, "dir_kind": ""}}, {"type": "Feature", "geometry": {"type": "Point", "coordinates": [141.357343, 43.052496]}, "properties": {"code": "98", "kind": "信号機", "shape": "1", "route": "", "crossing": "", "speed": "", "n_lanes": "", "length": "", "in_cordon": true, "dir_kind": ""}}, {"type": "Feature", "geometry": {"type": "Point", "coordinates": [141.347463, 43.059445]}, "properties": {"code": "98", "kind": "信号機", "shape": "1", "route": "", "crossing": "", "speed": "", "n_lanes": "", "length": "", "in_cordon": true, "dir_kind": ""}}, {"type": "Feature", "geometry": {"type": "Point", "coordinates": [141.347374, 43.053496]}, "properties": {"code": "98", "kind": "信号機", "shape": "1", "route": "", "crossing": "", "speed": "", "n_lanes": "", "length": "", "in_cordon": true, "dir_kind": ""}}, {"type": "Feature", "geometry": {"type": "Point", "coordinates": [141.357601, 43.050227]}, "properties": {"code": "98", "kind": "信号機", "shape": "1", "route": "", "crossing": "", "speed": "", "n_lanes": "", "length": "", "in_cordon": false, "dir_kind": ""}}, {"type": "Feature", "geometry": {"type": "Point", "coordinates": [141.363773, 43.056066]}, "properties": {"code": "98", "kind": "信号機", "shape": "1", "route": "", "crossing": "", "speed": "", "n_lanes": "", "length": "", "in_cordon": false, "dir_kind": ""}}, {"type": "Feature", "geometry": {"type": "Point", "coordinates": [141.339214, 43.060275]}, "properties": {"code": "98", "kind": "信号機", "shape": "1", "route": "", "crossing": "", "speed": "", "n_lanes": "", "length": "", "in_cordon": false, "dir_kind": ""}}, {"type": "Feature", "geometry": {"type": "Point", "coordinates": [141.347894, 43.051246]}, "properties": {"code": "98", "kind": "信号機", "shape": "1", "route": "", "crossing": "", "speed": "", "n_lanes": "", "length": "", "in_cordon": true, "dir_kind": ""}}, {"type": "Feature", "geometry": {"type": "Point", "coordinates": [141.359092, 43.066695]}, "properties": {"code": "98", "kind": "信号機", "shape": "1", "route": "", "crossing": "", "speed": "", "n_lanes": "", "length": "", "in_cordon": false, "dir_kind": ""}}, {"type": "Feature", "geometry": {"type": "Point", "coordinates": [141.351013, 43.051685]}, "properties": {"code": "98", "kind": "信号機", "shape": "1", "route": "", "crossing": "", "speed": "", "n_lanes": "", "length": "", "in_cordon": true, "dir_kind": ""}}, {"type": "Feature", "geometry": {"type": "Point", "coordinates": [141.344663, 43.057906]}, "properties": {"code": "98", "kind": "信号機", "shape": "1", "route": "", "crossing": "", "speed": "", "n_lanes": "", "length": "", "in_cordon": true, "dir_kind": ""}}, {"type": "Feature", "geometry": {"type": "Point", "coordinates": [141.360362, 43.055277]}, "properties": {"code": "98", "kind": "信号機", "shape": "1", "route": "", "crossing": "", "speed": "", "n_lanes": "", "length": "", "in_cordon": true, "dir_kind": ""}}, {"type": "Feature", "geometry": {"type": "Point", "coordinates": [141.336133, 43.059884]}, "properties": {"code": "98", "kind": "信号機", "shape": "1", "route": "", "crossing": "", "speed": "", "n_lanes": "", "length": "", "in_cordon": false, "dir_kind": ""}}, {"type": "Feature", "geometry": {"type": "Point", "coordinates": [141.362351, 43.060265]}, "properties": {"code": "98", "kind": "信号機", "shape": "1", "route": "", "crossing": "", "speed": "", "n_lanes": "", "length": "", "in_cordon": false, "dir_kind": ""}}, {"type": "Feature", "geometry": {"type": "Point", "coordinates": [141.342302, 43.060684]}, "properties": {"code": "98", "kind": "信号機", "shape": "1", "route": "", "crossing": "", "speed": "", "n_lanes": "", "length": "", "in_cordon": true, "dir_kind": ""}}, {"type": "Feature", "geometry": {"type": "Point", "coordinates": [141.352652, 43.051877]}, "properties": {"code": "98", "kind": "信号機", "shape": "1", "route": "", "crossing": "", "speed": "", "n_lanes": "", "length": "", "in_cordon": true, "dir_kind": ""}}, {"type": "Feature", "geometry": {"type": "Point", "coordinates": [141.3349, 43.064625]}, "properties": {"code": "98", "kind": "信号機", "shape": "1", "route": "", "crossing": "", "speed": "", "n_lanes": "", "length": "", "in_cordon": false, "dir_kind": ""}}, {"type": "Feature", "geometry": {"type": "Point", "coordinates": [141.36095, 43.065656]}, "properties": {"code": "98", "kind": "信号機", "shape": "1", "route": "", "crossing": "", "speed": "", "n_lanes": "", "length": "", "in_cordon": false, "dir_kind": ""}}, {"type": "Feature", "geometry": {"type": "Point", "coordinates": [141.357229, 43.061595]}, "properties": {"code": "98", "kind": "信号機", "shape": "1", "route": "", "crossing": "", "speed": "", "n_lanes": "", "length": "", "in_cordon": true, "dir_kind": ""}}, {"type": "Feature", "geometry": {"type": "Point", "coordinates": [141.356729, 43.061534]}, "properties": {"code": "98", "kind": "信号機", "shape": "1", "route": "", "crossing": "", "speed": "", "n_lanes": "", "length": "", "in_cordon": true, "dir_kind": ""}}, {"type": "Feature", "geometry": {"type": "Point", "coordinates": [141.362551, 43.059165]}, "properties": {"code": "98", "kind": "信号機", "shape": "1", "route": "", "crossing": "", "speed": "", "n_lanes": "", "length": "", "in_cordon": false, "dir_kind": ""}}, {"type": "Feature", "geometry": {"type": "Point", "coordinates": [141.362901, 43.058035]}, "properties": {"code": "98", "kind": "信号機", "shape": "1", "route": "", "crossing": "", "speed": "", "n_lanes": "", "length": "", "in_cordon": false, "dir_kind": ""}}, {"type": "Feature", "geometry": {"type": "Point", "coordinates": [141.337344, 43.061245]}, "properties": {"code": "98", "kind": "信号機", "shape": "1", "route": "", "crossing": "", "speed": "", "n_lanes": "", "length": "", "in_cordon": false, "dir_kind": ""}}, {"type": "Feature", "geometry": {"type": "Point", "coordinates": [141.338994, 43.054765]}, "properties": {"code": "98", "kind": "信号機", "shape": "1", "route": "", "crossing": "", "speed": "", "n_lanes": "", "length": "", "in_cordon": false, "dir_kind": ""}}, {"type": "Feature", "geometry": {"type": "Point", "coordinates": [141.338367, 43.054695]}, "properties": {"code": "98", "kind": "信号機", "shape": "1", "route": "", "crossing": "", "speed": "", "n_lanes": "", "length": "", "in_cordon": false, "dir_kind": ""}}, {"type": "Feature", "geometry": {"type": "Point", "coordinates": [141.338425, 43.057084]}, "properties": {"code": "98", "kind": "信号機", "shape": "1", "route": "", "crossing": "", "speed": "", "n_lanes": "", "length": "", "in_cordon": false, "dir_kind": ""}}, {"type": "Feature", "geometry": {"type": "Point", "coordinates": [141.344102, 43.059784]}, "properties": {"code": "98", "kind": "信号機", "shape": "1", "route": "", "crossing": "", "speed": "", "n_lanes": "", "length": "", "in_cordon": true, "dir_kind": ""}}, {"type": "Feature", "geometry": {"type": "Point", "coordinates": [141.342153, 43.053015]}, "properties": {"code": "98", "kind": "信号機", "shape": "1", "route": "", "crossing": "", "speed": "", "n_lanes": "", "length": "", "in_cordon": true, "dir_kind": ""}}, {"type": "Feature", "geometry": {"type": "Point", "coordinates": [141.34829, 43.062759]}, "properties": {"code": "98", "kind": "信号機", "shape": "1", "route": "", "crossing": "", "speed": "", "n_lanes": "", "length": "", "in_cordon": true, "dir_kind": ""}}, {"type": "Feature", "geometry": {"type": "Point", "coordinates": [141.344333, 43.059026]}, "properties": {"code": "98", "kind": "信号機", "shape": "1", "route": "", "crossing": "", "speed": "", "n_lanes": "", "length": "", "in_cordon": true, "dir_kind": ""}}, {"type": "Feature", "geometry": {"type": "Point", "coordinates": [141.345452, 43.054546]}, "properties": {"code": "98", "kind": "信号機", "shape": "1", "route": "", "crossing": "", "speed": "", "n_lanes": "", "length": "", "in_cordon": true, "dir_kind": ""}}, {"type": "Feature", "geometry": {"type": "Point", "coordinates": [141.340264, 43.056084]}, "properties": {"code": "98", "kind": "信号機", "shape": "1", "route": "", "crossing": "", "speed": "", "n_lanes": "", "length": "", "in_cordon": false, "dir_kind": ""}}, {"type": "Feature", "geometry": {"type": "Point", "coordinates": [141.337052, 43.062464]}, "properties": {"code": "98", "kind": "信号機", "shape": "1", "route": "", "crossing": "", "speed": "", "n_lanes": "", "length": "", "in_cordon": false, "dir_kind": ""}}, {"type": "Feature", "geometry": {"type": "Point", "coordinates": [141.334203, 43.060875]}, "properties": {"code": "98", "kind": "信号機", "shape": "1", "route": "", "crossing": "", "speed": "", "n_lanes": "", "length": "", "in_cordon": false, "dir_kind": ""}}, {"type": "Feature", "geometry": {"type": "Point", "coordinates": [141.337974, 43.065005]}, "properties": {"code": "98", "kind": "信号機", "shape": "1", "route": "", "crossing": "", "speed": "", "n_lanes": "", "length": "", "in_cordon": false, "dir_kind": ""}}, {"type": "Feature", "geometry": {"type": "Point", "coordinates": [141.338153, 43.058226]}, "properties": {"code": "98", "kind": "信号機", "shape": "1", "route": "", "crossing": "", "speed": "", "n_lanes": "", "length": "", "in_cordon": false, "dir_kind": ""}}, {"type": "Feature", "geometry": {"type": "Point", "coordinates": [141.342802, 43.058815]}, "properties": {"code": "98", "kind": "信号機", "shape": "1", "route": "", "crossing": "", "speed": "", "n_lanes": "", "length": "", "in_cordon": true, "dir_kind": ""}}, {"type": "Feature", "geometry": {"type": "Point", "coordinates": [141.342552, 43.059576]}, "properties": {"code": "98", "kind": "信号機", "shape": "1", "route": "", "crossing": "", "speed": "", "n_lanes": "", "length": "", "in_cordon": true, "dir_kind": ""}}, {"type": "Feature", "geometry": {"type": "Point", "coordinates": [141.335753, 43.061095]}, "properties": {"code": "98", "kind": "信号機", "shape": "1", "route": "", "crossing": "", "speed": "", "n_lanes": "", "length": "", "in_cordon": false, "dir_kind": ""}}, {"type": "Feature", "geometry": {"type": "Point", "coordinates": [141.334652, 43.065713]}, "properties": {"code": "98", "kind": "信号機", "shape": "1", "route": "", "crossing": "", "speed": "", "n_lanes": "", "length": "", "in_cordon": false, "dir_kind": ""}}, {"type": "Feature", "geometry": {"type": "Point", "coordinates": [141.351563, 43.049597]}, "properties": {"code": "98", "kind": "信号機", "shape": "1", "route": "", "crossing": "", "speed": "", "n_lanes": "", "length": "", "in_cordon": false, "dir_kind": ""}}, {"type": "Feature", "geometry": {"type": "Point", "coordinates": [141.363973, 43.060526]}, "properties": {"code": "98", "kind": "信号機", "shape": "1", "route": "", "crossing": "", "speed": "", "n_lanes": "", "length": "", "in_cordon": false, "dir_kind": ""}}, {"type": "Feature", "geometry": {"type": "Point", "coordinates": [141.356324, 43.050066]}, "properties": {"code": "98", "kind": "信号機", "shape": "1", "route": "", "crossing": "", "speed": "", "n_lanes": "", "length": "", "in_cordon": false, "dir_kind": ""}}, {"type": "Feature", "geometry": {"type": "Point", "coordinates": [141.333639, 43.06333]}, "properties": {"code": "98", "kind": "信号機", "shape": "1", "route": "", "crossing": "", "speed": "", "n_lanes": "", "length": "", "in_cordon": false, "dir_kind": ""}}, {"type": "Feature", "geometry": {"type": "Point", "coordinates": [141.333689, 43.063158]}, "properties": {"code": "98", "kind": "信号機", "shape": "1", "route": "", "crossing": "", "speed": "", "n_lanes": "", "length": "", "in_cordon": false, "dir_kind": ""}}, {"type": "Feature", "geometry": {"type": "Point", "coordinates": [141.347713, 43.065114]}, "properties": {"code": "98", "kind": "信号機", "shape": "1", "route": "", "crossing": "", "speed": "", "n_lanes": "", "length": "", "in_cordon": true, "dir_kind": ""}}, {"type": "Feature", "geometry": {"type": "Point", "coordinates": [141.362081, 43.061534]}, "properties": {"code": "98", "kind": "信号機", "shape": "1", "route": "", "crossing": "", "speed": "", "n_lanes": "", "length": "", "in_cordon": false, "dir_kind": ""}}, {"type": "Feature", "geometry": {"type": "Point", "coordinates": [141.361531, 43.064556]}, "properties": {"code": "98", "kind": "信号機", "shape": "1", "route": "", "crossing": "", "speed": "", "n_lanes": "", "length": "", "in_cordon": false, "dir_kind": ""}}, {"type": "Feature", "geometry": {"type": "Point", "coordinates": [141.336752, 43.063742]}, "properties": {"code": "98", "kind": "信号機", "shape": "1", "route": "", "crossing": "", "speed": "", "n_lanes": "", "length": "", "in_cordon": false, "dir_kind": ""}}, {"type": "Feature", "geometry": {"type": "Point", "coordinates": [141.336794, 43.063544]}, "properties": {"code": "98", "kind": "信号機", "shape": "1", "route": "", "crossing": "", "speed": "", "n_lanes": "", "length": "", "in_cordon": false, "dir_kind": ""}}, {"type": "Feature", "geometry": {"type": "Point", "coordinates": [141.339694, 43.058434]}, "properties": {"code": "98", "kind": "信号機", "shape": "1", "route": "", "crossing": "", "speed": "", "n_lanes": "", "length": "", "in_cordon": false, "dir_kind": ""}}, {"type": "Feature", "geometry": {"type": "Point", "coordinates": [141.339494, 43.059176]}, "properties": {"code": "98", "kind": "信号機", "shape": "1", "route": "", "crossing": "", "speed": "", "n_lanes": "", "length": "", "in_cordon": false, "dir_kind": ""}}, {"type": "Feature", "geometry": {"type": "Point", "coordinates": [141.339975, 43.057226]}, "properties": {"code": "98", "kind": "信号機", "shape": "1", "route": "", "crossing": "", "speed": "", "n_lanes": "", "length": "", "in_cordon": false, "dir_kind": ""}}, {"type": "Feature", "geometry": {"type": "Point", "coordinates": [141.337425, 43.054557]}, "properties": {"code": "98", "kind": "信号機", "shape": "1", "route": "", "crossing": "", "speed": "", "n_lanes": "", "length": "", "in_cordon": false, "dir_kind": ""}}, {"type": "Feature", "geometry": {"type": "Point", "coordinates": [141.336883, 43.056826]}, "properties": {"code": "98", "kind": "信号機", "shape": "1", "route": "", "crossing": "", "speed": "", "n_lanes": "", "length": "", "in_cordon": false, "dir_kind": ""}}, {"type": "Feature", "geometry": {"type": "Point", "coordinates": [141.343113, 43.057676]}, "properties": {"code": "98", "kind": "信号機", "shape": "1", "route": "", "crossing": "", "speed": "", "n_lanes": "", "length": "", "in_cordon": true, "dir_kind": ""}}, {"type": "Feature", "geometry": {"type": "Point", "coordinates": [141.358692, 43.062109]}, "properties": {"code": "98", "kind": "信号機", "shape": "1", "route": "", "crossing": "", "speed": "", "n_lanes": "", "length": "", "in_cordon": true, "dir_kind": ""}}, {"type": "Feature", "geometry": {"type": "Point", "coordinates": [141.358374, 43.051708]}, "properties": {"code": "98", "kind": "信号機", "shape": "1", "route": "", "crossing": "", "speed": "", "n_lanes": "", "length": "", "in_cordon": false, "dir_kind": ""}}, {"type": "Feature", "geometry": {"type": "Point", "coordinates": [141.355242, 43.067334]}, "properties": {"code": "98", "kind": "信号機", "shape": "1", "route": "", "crossing": "", "speed": "", "n_lanes": "", "length": "", "in_cordon": true, "dir_kind": ""}}, {"type": "Feature", "geometry": {"type": "Point", "coordinates": [141.338703, 43.055945]}, "properties": {"code": "98", "kind": "信号機", "shape": "1", "route": "", "crossing": "", "speed": "", "n_lanes": "", "length": "", "in_cordon": false, "dir_kind": ""}}, {"type": "Feature", "geometry": {"type": "Point", "coordinates": [141.344985, 43.063525]}, "properties": {"code": "98", "kind": "信号機", "shape": "1", "route": "", "crossing": "", "speed": "", "n_lanes": "", "length": "", "in_cordon": true, "dir_kind": ""}}, {"type": "Feature", "geometry": {"type": "Point", "coordinates": [141.344574, 43.064656]}, "properties": {"code": "98", "kind": "信号機", "shape": "1", "route": "", "crossing": "", "speed": "", "n_lanes": "", "length": "", "in_cordon": true, "dir_kind": ""}}, {"type": "Feature", "geometry": {"type": "Point", "coordinates": [141.363681, 43.061757]}, "properties": {"code": "98", "kind": "信号機", "shape": "1", "route": "", "crossing": "", "speed": "", "n_lanes": "", "length": "", "in_cordon": false, "dir_kind": ""}}, {"type": "Feature", "geometry": {"type": "Point", "coordinates": [141.354582, 43.050497]}, "properties": {"code": "98", "kind": "信号機", "shape": "1", "route": "", "crossing": "", "speed": "", "n_lanes": "", "length": "", "in_cordon": false, "dir_kind": ""}}, {"type": "Feature", "geometry": {"type": "Point", "coordinates": [141.349652, 43.050016]}, "properties": {"code": "98", "kind": "信号機", "shape": "1", "route": "", "crossing": "", "speed": "", "n_lanes": "", "length": "", "in_cordon": false, "dir_kind": ""}}, {"type": "Feature", "geometry": {"type": "Point", "coordinates": [141.333003, 43.065563]}, "properties": {"code": "98", "kind": "信号機", "shape": "1", "route": "", "crossing": "", "speed": "", "n_lanes": "", "length": "", "in_cordon": false, "dir_kind": ""}}, {"type": "Feature", "geometry": {"type": "Point", "coordinates": [141.332464, 43.067863]}, "properties": {"code": "98", "kind": "信号機", "shape": "1", "route": "", "crossing": "", "speed": "", "n_lanes": "", "length": "", "in_cordon": false, "dir_kind": ""}}, {"type": "Feature", "geometry": {"type": "Point", "coordinates": [141.335374, 43.068255]}, "properties": {"code": "98", "kind": "信号機", "shape": "1", "route": "", "crossing": "", "speed": "", "n_lanes": "", "length": "", "in_cordon": false, "dir_kind": ""}}, {"type": "Feature", "geometry": {"type": "Point", "coordinates": [141.336745, 43.051396]}, "properties": {"code": "98", "kind": "信号機", "shape": "1", "route": "", "crossing": "", "speed": "", "n_lanes": "", "length": "", "in_cordon": false, "dir_kind": ""}}, {"type": "Feature", "geometry": {"type": "Point", "coordinates": [141.340544, 43.054976]}, "properties": {"code": "98", "kind": "信号機", "shape": "1", "route": "", "crossing": "", "speed": "", "n_lanes": "", "length": "", "in_cordon": false, "dir_kind": ""}}, {"type": "Feature", "geometry": {"type": "Point", "coordinates": [141.340124, 43.062864]}, "properties": {"code": "98", "kind": "信号機", "shape": "1", "route": "", "crossing": "", "speed": "", "n_lanes": "", "length": "", "in_cordon": true, "dir_kind": ""}}, {"type": "Feature", "geometry": {"type": "Point", "coordinates": [141.360462, 43.061307]}, "properties": {"code": "98", "kind": "信号機", "shape": "1", "route": "", "crossing": "", "speed": "", "n_lanes": "", "length": "", "in_cordon": false, "dir_kind": ""}}, {"type": "Feature", "geometry": {"type": "Point", "coordinates": [141.338563, 43.062656]}, "properties": {"code": "98", "kind": "信号機", "shape": "1", "route": "", "crossing": "", "speed": "", "n_lanes": "", "length": "", "in_cordon": false, "dir_kind": ""}}, {"type": "Feature", "geometry": {"type": "Point", "coordinates": [141.361901, 43.055516]}, "properties": {"code": "98", "kind": "信号機", "shape": "1", "route": "", "crossing": "", "speed": "", "n_lanes": "", "length": "", "in_cordon": false, "dir_kind": ""}}, {"type": "Feature", "geometry": {"type": "Point", "coordinates": [141.335514, 43.062244]}, "properties": {"code": "98", "kind": "信号機", "shape": "1", "route": "", "crossing": "", "speed": "", "n_lanes": "", "length": "", "in_cordon": false, "dir_kind": ""}}, {"type": "Feature", "geometry": {"type": "Point", "coordinates": [141.364223, 43.059365]}, "properties": {"code": "98", "kind": "信号機", "shape": "1", "route": "", "crossing": "", "speed": "", "n_lanes": "", "length": "", "in_cordon": false, "dir_kind": ""}}, {"type": "Feature", "geometry": {"type": "Point", "coordinates": [141.337145, 43.055695]}, "properties": {"code": "98", "kind": "信号機", "shape": "1", "route": "", "crossing": "", "speed": "", "n_lanes": "", "length": "", "in_cordon": false, "dir_kind": ""}}, {"type": "Feature", "geometry": {"type": "Point", "coordinates": [141.334352, 43.066905]}, "properties": {"code": "98", "kind": "信号機", "shape": "1", "route": "", "crossing": "", "speed": "", "n_lanes": "", "length": "", "in_cordon": false, "dir_kind": ""}}, {"type": "Feature", "geometry": {"type": "Point", "coordinates": [141.342044, 43.061895]}, "properties": {"code": "98", "kind": "信号機", "shape": "1", "route": "", "crossing": "", "speed": "", "n_lanes": "", "length": "", "in_cordon": true, "dir_kind": ""}}, {"type": "Feature", "geometry": {"type": "Point", "coordinates": [141.343744, 43.051885]}, "properties": {"code": "98", "kind": "信号機", "shape": "1", "route": "", "crossing": "", "speed": "", "n_lanes": "", "length": "", "in_cordon": true, "dir_kind": ""}}, {"type": "Feature", "geometry": {"type": "Point", "coordinates": [141.361842, 43.062495]}, "properties": {"code": "98", "kind": "信号機", "shape": "1", "route": "", "crossing": "", "speed": "", "n_lanes": "", "length": "", "in_cordon": false, "dir_kind": ""}}, {"type": "Feature", "geometry": {"type": "Point", "coordinates": [141.360372, 43.067995]}, "properties": {"code": "98", "kind": "信号機", "shape": "1", "route": "", "crossing": "", "speed": "", "n_lanes": "", "length": "", "in_cordon": false, "dir_kind": ""}}, {"type": "Feature", "geometry": {"type": "Point", "coordinates": [141.346718, 43.062545]}, "properties": {"code": "98", "kind": "信号機", "shape": "1", "route": "", "crossing": "", "speed": "", "n_lanes": "", "length": "", "in_cordon": true, "dir_kind": ""}}, {"type": "Feature", "geometry": {"type": "Point", "coordinates": [141.337452, 43.067263]}, "properties": {"code": "98", "kind": "信号機", "shape": "1", "route": "", "crossing": "", "speed": "", "n_lanes": "", "length": "", "in_cordon": false, "dir_kind": ""}}, {"type": "Feature", "geometry": {"type": "Point", "coordinates": [141.358823, 43.067764]}, "properties": {"code": "98", "kind": "信号機", "shape": "1", "route": "", "crossing": "", "speed": "", "n_lanes": "", "length": "", "in_cordon": false, "dir_kind": ""}}, {"type": "Feature", "geometry": {"type": "Point", "coordinates": [141.364492, 43.058227]}, "properties": {"code": "98", "kind": "信号機", "shape": "1", "route": "", "crossing": "", "speed": "", "n_lanes": "", "length": "", "in_cordon": false, "dir_kind": ""}}, {"type": "Feature", "geometry": {"type": "Point", "coordinates": [141.337733, 43.066155]}, "properties": {"code": "98", "kind": "信号機", "shape": "1", "route": "", "crossing": "", "speed": "", "n_lanes": "", "length": "", "in_cordon": false, "dir_kind": ""}}, {"type": "Feature", "geometry": {"type": "Point", "coordinates": [141.339094, 43.067483]}, "properties": {"code": "98", "kind": "信号機", "shape": "1", "route": "", "crossing": "", "speed": "", "n_lanes": "", "length": "", "in_cordon": false, "dir_kind": ""}}, {"type": "Feature", "geometry": {"type": "Point", "coordinates": [141.358832, 43.052677]}, "properties": {"code": "98", "kind": "信号機", "shape": "1", "route": "", "crossing": "", "speed": "", "n_lanes": "", "length": "", "in_cordon": true, "dir_kind": ""}}, {"type": "Feature", "geometry": {"type": "Point", "coordinates": [141.334383, 43.069374]}, "properties": {"code": "98", "kind": "信号機", "shape": "1", "route": "", "crossing": "", "speed": "", "n_lanes": "", "length": "", "in_cordon": false, "dir_kind": ""}}, {"type": "Feature", "geometry": {"type": "Point", "coordinates": [141.339283, 43.066364]}, "properties": {"code": "98", "kind": "信号機", "shape": "1", "route": "", "crossing": "", "speed": "", "n_lanes": "", "length": "", "in_cordon": false, "dir_kind": ""}}, {"type": "Feature", "geometry": {"type": "Point", "coordinates": [141.345113, 43.056184]}, "properties": {"code": "98", "kind": "信号機", "shape": "1", "route": "", "crossing": "", "speed": "", "n_lanes": "", "length": "", "in_cordon": true, "dir_kind": ""}}, {"type": "Feature", "geometry": {"type": "Point", "coordinates": [141.332191, 43.068957]}, "properties": {"code": "98", "kind": "信号機", "shape": "1", "route": "", "crossing": "", "speed": "", "n_lanes": "", "length": "", "in_cordon": false, "dir_kind": ""}}, {"type": "Feature", "geometry": {"type": "Point", "coordinates": [141.334033, 43.068013]}, "properties": {"code": "98", "kind": "信号機", "shape": "1", "route": "", "crossing": "", "speed": "", "n_lanes": "", "length": "", "in_cordon": false, "dir_kind": ""}}, {"type": "Feature", "geometry": {"type": "Point", "coordinates": [141.357651, 43.057876]}, "properties": {"code": "98", "kind": "信号機", "shape": "1", "route": "", "crossing": "", "speed": "", "n_lanes": "", "length": "", "in_cordon": true, "dir_kind": ""}}, {"type": "Feature", "geometry": {"type": "Point", "coordinates": [141.358132, 43.057907]}, "properties": {"code": "98", "kind": "信号機", "shape": "1", "route": "", "crossing": "", "speed": "", "n_lanes": "", "length": "", "in_cordon": true, "dir_kind": ""}}, {"type": "Feature", "geometry": {"type": "Point", "coordinates": [141.363331, 43.065965]}, "properties": {"code": "98", "kind": "信号機", "shape": "1", "route": "", "crossing": "", "speed": "", "n_lanes": "", "length": "", "in_cordon": false, "dir_kind": ""}}, {"type": "Feature", "geometry": {"type": "Point", "coordinates": [141.336389, 43.054487]}, "properties": {"code": "98", "kind": "信号機", "shape": "1", "route": "", "crossing": "", "speed": "", "n_lanes": "", "length": "", "in_cordon": false, "dir_kind": ""}}, {"type": "Feature", "geometry": {"type": "Point", "coordinates": [141.354873, 43.070844]}, "properties": {"code": "98", "kind": "信号機", "shape": "1", "route": "", "crossing": "", "speed": "", "n_lanes": "", "length": "", "in_cordon": false, "dir_kind": ""}}, {"type": "Feature", "geometry": {"type": "Point", "coordinates": [141.356423, 43.071055]}, "properties": {"code": "98", "kind": "信号機", "shape": "1", "route": "", "crossing": "", "speed": "", "n_lanes": "", "length": "", "in_cordon": false, "dir_kind": ""}}, {"type": "Feature", "geometry": {"type": "Point", "coordinates": [141.361672, 43.071814]}, "properties": {"code": "98", "kind": "信号機", "shape": "1", "route": "", "crossing": "", "speed": "", "n_lanes": "", "length": "", "in_cordon": false, "dir_kind": ""}}, {"type": "Feature", "geometry": {"type": "Point", "coordinates": [141.361089, 43.071736]}, "properties": {"code": "98", "kind": "信号機", "shape": "1", "route": "", "crossing": "", "speed": "", "n_lanes": "", "length": "", "in_cordon": false, "dir_kind": ""}}, {"type": "Feature", "geometry": {"type": "Point", "coordinates": [141.357981, 43.071255]}, "properties": {"code": "98", "kind": "信号機", "shape": "1", "route": "", "crossing": "", "speed": "", "n_lanes": "", "length": "", "in_cordon": false, "dir_kind": ""}}, {"type": "Feature", "geometry": {"type": "Point", "coordinates": [141.354531, 43.072036]}, "properties": {"code": "98", "kind": "信号機", "shape": "1", "route": "", "crossing": "", "speed": "", "n_lanes": "", "length": "", "in_cordon": false, "dir_kind": ""}}, {"type": "Feature", "geometry": {"type": "Point", "coordinates": [141.354095, 43.071983]}, "properties": {"code": "98", "kind": "信号機", "shape": "1", "route": "", "crossing": "", "speed": "", "n_lanes": "", "length": "", "in_cordon": false, "dir_kind": ""}}, {"type": "Feature", "geometry": {"type": "Point", "coordinates": [141.35765, 43.072405]}, "properties": {"code": "98", "kind": "信号機", "shape": "1", "route": "", "crossing": "", "speed": "", "n_lanes": "", "length": "", "in_cordon": false, "dir_kind": ""}}, {"type": "Feature", "geometry": {"type": "Point", "coordinates": [141.356111, 43.072183]}, "properties": {"code": "98", "kind": "信号機", "shape": "1", "route": "", "crossing": "", "speed": "", "n_lanes": "", "length": "", "in_cordon": false, "dir_kind": ""}}, {"type": "Feature", "geometry": {"type": "Point", "coordinates": [141.359511, 43.071533]}, "properties": {"code": "98", "kind": "信号機", "shape": "1", "route": "", "crossing": "", "speed": "", "n_lanes": "", "length": "", "in_cordon": false, "dir_kind": ""}}, {"type": "Feature", "geometry": {"type": "Point", "coordinates": [141.359231, 43.072625]}, "properties": {"code": "98", "kind": "信号機", "shape": "1", "route": "", "crossing": "", "speed": "", "n_lanes": "", "length": "", "in_cordon": false, "dir_kind": ""}}, {"type": "Feature", "geometry": {"type": "Point", "coordinates": [141.361611, 43.072944]}, "properties": {"code": "98", "kind": "信号機", "shape": "1", "route": "", "crossing": "", "speed": "", "n_lanes": "", "length": "", "in_cordon": false, "dir_kind": ""}}, {"type": "Feature", "geometry": {"type": "Point", "coordinates": [141.358523, 43.068995]}, "properties": {"code": "98", "kind": "信号機", "shape": "1", "route": "", "crossing": "", "speed": "", "n_lanes": "", "length": "", "in_cordon": false, "dir_kind": ""}}, {"type": "Feature", "geometry": {"type": "Point", "coordinates": [141.360092, 43.069195]}, "properties": {"code": "98", "kind": "信号機", "shape": "1", "route": "", "crossing": "", "speed": "", "n_lanes": "", "length": "", "in_cordon": false, "dir_kind": ""}}, {"type": "Feature", "geometry": {"type": "Point", "coordinates": [141.354681, 43.069625]}, "properties": {"code": "98", "kind": "信号機", "shape": "1", "route": "", "crossing": "", "speed": "", "n_lanes": "", "length": "", "in_cordon": false, "dir_kind": ""}}, {"type": "Feature", "geometry": {"type": "Point", "coordinates": [141.35667, 43.069969]}, "properties": {"code": "98", "kind": "信号機", "shape": "1", "route": "", "crossing": "", "speed": "", "n_lanes": "", "length": "", "in_cordon": false, "dir_kind": ""}}, {"type": "Feature", "geometry": {"type": "Point", "coordinates": [141.35822, 43.070197]}, "properties": {"code": "98", "kind": "信号機", "shape": "1", "route": "", "crossing": "", "speed": "", "n_lanes": "", "length": "", "in_cordon": false, "dir_kind": ""}}, {"type": "Feature", "geometry": {"type": "Point", "coordinates": [141.356928, 43.069028]}, "properties": {"code": "98", "kind": "信号機", "shape": "1", "route": "", "crossing": "", "speed": "", "n_lanes": "", "length": "", "in_cordon": false, "dir_kind": ""}}, {"type": "Feature", "geometry": {"type": "Point", "coordinates": [141.361622, 43.069414]}, "properties": {"code": "98", "kind": "信号機", "shape": "1", "route": "", "crossing": "", "speed": "", "n_lanes": "", "length": "", "in_cordon": false, "dir_kind": ""}}, {"type": "Feature", "geometry": {"type": "Point", "coordinates": [141.342695, 43.048482]}, "properties": {"code": "98", "kind": "信号機", "shape": "1", "route": "", "crossing": "", "speed": "", "n_lanes": "", "length": "", "in_cordon": false, "dir_kind": ""}}, {"type": "Feature", "geometry": {"type": "Point", "coordinates": [141.357115, 43.049119]}, "properties": {"code": "98", "kind": "信号機", "shape": "1", "route": "", "crossing": "", "speed": "", "n_lanes": "", "length": "", "in_cordon": false, "dir_kind": ""}}, {"type": "Feature", "geometry": {"type": "Point", "coordinates": [141.356593, 43.049008]}, "properties": {"code": "98", "kind": "信号機", "shape": "1", "route": "", "crossing": "", "speed": "", "n_lanes": "", "length": "", "in_cordon": false, "dir_kind": ""}}, {"type": "Feature", "geometry": {"type": "Point", "coordinates": [141.349702, 43.048658]}, "properties": {"code": "98", "kind": "信号機", "shape": "1", "route": "", "crossing": "", "speed": "", "n_lanes": "", "length": "", "in_cordon": false, "dir_kind": ""}}, {"type": "Feature", "geometry": {"type": "Point", "coordinates": [141.355013, 43.048827]}, "properties": {"code": "98", "kind": "信号機", "shape": "1", "route": "", "crossing": "", "speed": "", "n_lanes": "", "length": "", "in_cordon": false, "dir_kind": ""}}, {"type": "Feature", "geometry": {"type": "Point", "coordinates": [141.34605, 43.048694]}, "properties": {"code": "98", "kind": "信号機", "shape": "1", "route": "", "crossing": "", "speed": "", "n_lanes": "", "length": "", "in_cordon": false, "dir_kind": ""}}, {"type": "Feature", "geometry": {"type": "Point", "coordinates": [141.339217, 43.048221]}, "properties": {"code": "98", "kind": "信号機", "shape": "1", "route": "", "crossing": "", "speed": "", "n_lanes": "", "length": "", "in_cordon": false, "dir_kind": ""}}, {"type": "Feature", "geometry": {"type": "Point", "coordinates": [141.358543, 43.048947]}, "properties": {"code": "98", "kind": "信号機", "shape": "1", "route": "", "crossing": "", "speed": "", "n_lanes": "", "length": "", "in_cordon": false, "dir_kind": ""}}, {"type": "Feature", "geometry": {"type": "Point", "coordinates": [141.351794, 43.048616]}, "properties": {"code": "98", "kind": "信号機", "shape": "1", "route": "", "crossing": "", "speed": "", "n_lanes": "", "length": "", "in_cordon": false, "dir_kind": ""}}, {"type": "Feature", "geometry": {"type": "Point", "coordinates": [141.350033, 43.046847]}, "properties": {"code": "98", "kind": "信号機", "shape": "1", "route": "", "crossing": "", "speed": "", "n_lanes": "", "length": "", "in_cordon": false, "dir_kind": ""}}, {"type": "Feature", "geometry": {"type": "Point", "coordinates": [141.344003, 43.048485]}, "properties": {"code": "98", "kind": "信号機", "shape": "1", "route": "", "crossing": "", "speed": "", "n_lanes": "", "length": "", "in_cordon": false, "dir_kind": ""}}, {"type": "Feature", "geometry": {"type": "Point", "coordinates": [141.341181, 43.048366]}, "properties": {"code": "98", "kind": "信号機", "shape": "1", "route": "", "crossing": "", "speed": "", "n_lanes": "", "length": "", "in_cordon": false, "dir_kind": ""}}, {"type": "Feature", "geometry": {"type": "Point", "coordinates": [141.337234, 43.04808]}, "properties": {"code": "98", "kind": "信号機", "shape": "1", "route": "", "crossing": "", "speed": "", "n_lanes": "", "length": "", "in_cordon": false, "dir_kind": ""}}, {"type": "Feature", "geometry": {"type": "Point", "coordinates": [141.348061, 43.048697]}, "properties": {"code": "98", "kind": "信号機", "shape": "1", "route": "", "crossing": "", "speed": "", "n_lanes": "", "length": "", "in_cordon": false, "dir_kind": ""}}, {"type": "Feature", "geometry": {"type": "Point", "coordinates": [141.353324, 43.048597]}, "properties": {"code": "98", "kind": "信号機", "shape": "1", "route": "", "crossing": "", "speed": "", "n_lanes": "", "length": "", "in_cordon": false, "dir_kind": ""}}, {"type": "Feature", "geometry": {"type": "Point", "coordinates": [141.342864, 43.046435]}, "properties": {"code": "98", "kind": "信号機", "shape": "1", "route": "", "crossing": "", "speed": "", "n_lanes": "", "length": "", "in_cordon": false, "dir_kind": ""}}, {"type": "Feature", "geometry": {"type": "Point", "coordinates": [141.348093, 43.069933]}, "properties": {"code": "98", "kind": "信号機", "shape": "1", "route": "", "crossing": "", "speed": "", "n_lanes": "", "length": "", "in_cordon": false, "dir_kind": ""}}, {"type": "Feature", "geometry": {"type": "Point", "coordinates": [141.346801, 43.068575]}, "properties": {"code": "98", "kind": "信号機", "shape": "1", "route": "", "crossing": "", "speed": "", "n_lanes": "", "length": "", "in_cordon": false, "dir_kind": ""}}, {"type": "Feature", "geometry": {"type": "Point", "coordinates": [141.344962, 43.069505]}, "properties": {"code": "98", "kind": "信号機", "shape": "1", "route": "", "crossing": "", "speed": "", "n_lanes": "", "length": "", "in_cordon": false, "dir_kind": ""}}, {"type": "Feature", "geometry": {"type": "Point", "coordinates": [141.348373, 43.068822]}, "properties": {"code": "98", "kind": "信号機", "shape": "1", "route": "", "crossing": "", "speed": "", "n_lanes": "", "length": "", "in_cordon": false, "dir_kind": ""}}, {"type": "Feature", "geometry": {"type": "Point", "coordinates": [141.351192, 43.070344]}, "properties": {"code": "98", "kind": "信号機", "shape": "1", "route": "", "crossing": "", "speed": "", "n_lanes": "", "length": "", "in_cordon": false, "dir_kind": ""}}, {"type": "Feature", "geometry": {"type": "Point", "coordinates": [141.347782, 43.071083]}, "properties": {"code": "98", "kind": "信号機", "shape": "1", "route": "", "crossing": "", "speed": "", "n_lanes": "", "length": "", "in_cordon": false, "dir_kind": ""}}, {"type": "Feature", "geometry": {"type": "Point", "coordinates": [141.350912, 43.07153]}, "properties": {"code": "98", "kind": "信号機", "shape": "1", "route": "", "crossing": "", "speed": "", "n_lanes": "", "length": "", "in_cordon": false, "dir_kind": ""}}, {"type": "Feature", "geometry": {"type": "Point", "coordinates": [141.352781, 43.070597]}, "properties": {"code": "98", "kind": "信号機", "shape": "1", "route": "", "crossing": "", "speed": "", "n_lanes": "", "length": "", "in_cordon": false, "dir_kind": ""}}, {"type": "Feature", "geometry": {"type": "Point", "coordinates": [141.339213, 43.068505]}, "properties": {"code": "98", "kind": "信号機", "shape": "1", "route": "", "crossing": "", "speed": "", "n_lanes": "", "length": "", "in_cordon": false, "dir_kind": ""}}, {"type": "Feature", "geometry": {"type": "Point", "coordinates": [141.349651, 43.070164]}, "properties": {"code": "98", "kind": "信号機", "shape": "1", "route": "", "crossing": "", "speed": "", "n_lanes": "", "length": "", "in_cordon": false, "dir_kind": ""}}, {"type": "Feature", "geometry": {"type": "Point", "coordinates": [141.349362, 43.071305]}, "properties": {"code": "98", "kind": "信号機", "shape": "1", "route": "", "crossing": "", "speed": "", "n_lanes": "", "length": "", "in_cordon": false, "dir_kind": ""}}, {"type": "Feature", "geometry": {"type": "Point", "coordinates": [141.352492, 43.071733]}, "properties": {"code": "98", "kind": "信号機", "shape": "1", "route": "", "crossing": "", "speed": "", "n_lanes": "", "length": "", "in_cordon": false, "dir_kind": ""}}, {"type": "Feature", "geometry": {"type": "Point", "coordinates": [141.346482, 43.069744]}, "properties": {"code": "98", "kind": "信号機", "shape": "1", "route": "", "crossing": "", "speed": "", "n_lanes": "", "length": "", "in_cordon": false, "dir_kind": ""}}, {"type": "Feature", "geometry": {"type": "Point", "coordinates": [141.345301, 43.068303]}, "properties": {"code": "98", "kind": "信号機", "shape": "1", "route": "", "crossing": "", "speed": "", "n_lanes": "", "length": "", "in_cordon": false, "dir_kind": ""}}, {"type": "Feature", "geometry": {"type": "Point", "coordinates": [141.353087, 43.069478]}, "properties": {"code": "98", "kind": "信号機", "shape": "1", "route": "", "crossing": "", "speed": "", "n_lanes": "", "length": "", "in_cordon": false, "dir_kind": ""}}, {"type": "Feature", "geometry": {"type": "Point", "coordinates": [141.345532, 43.067244]}, "properties": {"code": "98", "kind": "信号機", "shape": "1", "route": "", "crossing": "", "speed": "", "n_lanes": "", "length": "", "in_cordon": false, "dir_kind": ""}}, {"type": "Feature", "geometry": {"type": "Point", "coordinates": [141.348632, 43.067725]}, "properties": {"code": "98", "kind": "信号機", "shape": "1", "route": "", "crossing": "", "speed": "", "n_lanes": "", "length": "", "in_cordon": false, "dir_kind": ""}}, {"type": "Feature", "geometry": {"type": "Point", "coordinates": [141.353342, 43.068478]}, "properties": {"code": "98", "kind": "信号機", "shape": "1", "route": "", "crossing": "", "speed": "", "n_lanes": "", "length": "", "in_cordon": false, "dir_kind": ""}}, {"type": "Feature", "geometry": {"type": "Point", "coordinates": [141.347093, 43.067444]}, "properties": {"code": "98", "kind": "信号機", "shape": "1", "route": "", "crossing": "", "speed": "", "n_lanes": "", "length": "", "in_cordon": false, "dir_kind": ""}}, {"type": "Feature", "geometry": {"type": "Point", "coordinates": [141.351401, 43.069394]}, "properties": {"code": "98", "kind": "信号機", "shape": "1", "route": "", "crossing": "", "speed": "", "n_lanes": "", "length": "", "in_cordon": false, "dir_kind": ""}}, {"type": "Feature", "geometry": {"type": "Point", "coordinates": [141.349823, 43.069105]}, "properties": {"code": "98", "kind": "信号機", "shape": "1", "route": "", "crossing": "", "speed": "", "n_lanes": "", "length": "", "in_cordon": false, "dir_kind": ""}}, {"type": "Feature", "geometry": {"type": "Point", "coordinates": [141.366762, 43.054177]}, "properties": {"code": "98", "kind": "信号機", "shape": "1", "route": "", "crossing": "", "speed": "", "n_lanes": "", "length": "", "in_cordon": false, "dir_kind": ""}}, {"type": "Feature", "geometry": {"type": "Point", "coordinates": [141.364562, 43.048658]}, "properties": {"code": "98", "kind": "信号機", "shape": "1", "route": "", "crossing": "", "speed": "", "n_lanes": "", "length": "", "in_cordon": false, "dir_kind": ""}}, {"type": "Feature", "geometry": {"type": "Point", "coordinates": [141.362223, 43.048566]}, "properties": {"code": "98", "kind": "信号機", "shape": "1", "route": "", "crossing": "", "speed": "", "n_lanes": "", "length": "", "in_cordon": false, "dir_kind": ""}}, {"type": "Feature", "geometry": {"type": "Point", "coordinates": [141.363681, 43.052158]}, "properties": {"code": "98", "kind": "信号機", "shape": "1", "route": "", "crossing": "", "speed": "", "n_lanes": "", "length": "", "in_cordon": false, "dir_kind": ""}}, {"type": "Feature", "geometry": {"type": "Point", "coordinates": [141.366312, 43.051547]}, "properties": {"code": "98", "kind": "信号機", "shape": "1", "route": "", "crossing": "", "speed": "", "n_lanes": "", "length": "", "in_cordon": false, "dir_kind": ""}}, {"type": "Feature", "geometry": {"type": "Point", "coordinates": [141.365151, 43.055185]}, "properties": {"code": "98", "kind": "信号機", "shape": "1", "route": "", "crossing": "", "speed": "", "n_lanes": "", "length": "", "in_cordon": false, "dir_kind": ""}}, {"type": "Feature", "geometry": {"type": "Point", "coordinates": [141.366323, 43.055985]}, "properties": {"code": "98", "kind": "信号機", "shape": "1", "route": "", "crossing": "", "speed": "", "n_lanes": "", "length": "", "in_cordon": false, "dir_kind": ""}}, {"type": "Feature", "geometry": {"type": "Point", "coordinates": [141.365181, 43.050547]}, "properties": {"code": "98", "kind": "信号機", "shape": "1", "route": "", "crossing": "", "speed": "", "n_lanes": "", "length": "", "in_cordon": false, "dir_kind": ""}}, {"type": "Feature", "geometry": {"type": "Point", "coordinates": [141.366462, 43.049158]}, "properties": {"code": "98", "kind": "信号機", "shape": "1", "route": "", "crossing": "", "speed": "", "n_lanes": "", "length": "", "in_cordon": false, "dir_kind": ""}}, {"type": "Feature", "geometry": {"type": "Point", "coordinates": [141.363011, 43.067242]}, "properties": {"code": "98", "kind": "信号機", "shape": "1", "route": "", "crossing": "", "speed": "", "n_lanes": "", "length": "", "in_cordon": false, "dir_kind": ""}}]}